2026-09-12 16:26:29,320::INFO::[SABnzbd:1135] --------------------------------
2026-09-12 16:26:29,320::INFO::[SABnzbd:1136] SABnzbd.py-5.1.3
2026-09-12 16:26:29,320::INFO::[SABnzbd:1137] Full executable path = /app/sabnzbd/SABnzbd.py
2026-09-12 16:26:29,320::INFO::[SABnzbd:1138] Arguments = "/app/sabnzbd/SABnzbd.py" "--config-file" "/config" "--server" "::"
2026-09-12 16:26:29,322::INFO::[SABnzbd:1147] Certifi version = 2026.06.17
2026-09-12 16:26:29,322::INFO::[SABnzbd:1148] Loaded additional certificates from /lsiopy/lib/python3.14/site-packages/certifi/cacert.pem
2026-09-12 16:26:29,322::INFO::[SABnzbd:1154] Using INI file /config/sabnzbd.ini
2026-09-12 16:26:29,322::INFO::[filesystem:798] Creating directories: /config/Downloads/incomplete
2026-09-12 16:26:29,323::INFO::[filesystem:798] Creating directories: /config/Downloads/complete
2026-09-12 16:26:29,323::INFO::[cfg:826] Config conversion set 1
2026-09-12 16:26:29,324::INFO::[cfg:862] Config conversion set 2
2026-09-12 16:26:29,324::INFO::[cfg:867] Config conversion set 3
2026-09-12 16:26:29,324::INFO::[cfg:878] Config conversion set 4
2026-09-12 16:26:29,324::INFO::[cfg:890] Config conversion set 5
2026-09-12 16:26:29,326::INFO::[config:995] Writing settings to INI file /config/sabnzbd.ini
2026-09-12 16:26:29,327::INFO::[filesystem:798] Creating directories: /config/admin/future
2026-09-12 16:26:29,328::INFO::[filesystem:1267] [N/A] /config/admin/totals10.sab missing
2026-09-12 16:26:29,698::INFO::[postproc:153] Loading postproc queue
2026-09-12 16:26:29,699::INFO::[filesystem:1267] [N/A] /config/admin/postproc2.sab missing
2026-09-12 16:26:29,699::INFO::[filesystem:1267] [N/A] /config/admin/watched_data2.sab missing
2026-09-12 16:26:29,699::INFO::[scheduler:191] Scheduling RSS interval task every 60 min (delay=55)
2026-09-12 16:26:29,699::INFO::[scheduler:200] Scheduling version check in 10 minutes and daily at 8:57
2026-09-12 16:26:29,699::INFO::[scheduler:215] Setting schedule for midnight auto history-purge
2026-09-12 16:26:29,699::INFO::[scheduler:224] Setting schedule for midnight BPS reset
2026-09-12 16:26:29,699::INFO::[scheduler:233] Setting schedule for midnight server expiration check
2026-09-12 16:26:29,700::INFO::[scheduler:242] Setting schedule for server quota check
2026-09-12 16:26:29,700::INFO::[filesystem:1267] [N/A] /config/admin/queue10.sab missing
2026-09-12 16:26:29,700::INFO::[__init__:315] All processes started
2026-09-12 16:26:29,700::INFO::[SABnzbd:333] Template location for Glitter is /app/sabnzbd/interfaces/Glitter
2026-09-12 16:26:29,700::INFO::[SABnzbd:333] Template location for Config is /app/sabnzbd/interfaces/Config
2026-09-12 16:26:29,701::INFO::[misc:1469] [N/A] Running external command: ['/usr/bin/unrar']
2026-09-12 16:26:29,706::INFO::[misc:1469] [N/A] Running external command: ['/usr/bin/7zz']
2026-09-12 16:26:29,709::INFO::[misc:1469] [N/A] Running external command: ['/usr/local/bin/par2', '-V']
2026-09-12 16:26:29,713::INFO::[SABnzbd:418] SABCTools module (v9.6.3)... found!
2026-09-12 16:26:29,713::INFO::[SABnzbd:419] SABCTools module is using SIMD set: AVX2
2026-09-12 16:26:29,713::INFO::[SABnzbd:420] SABCTools module is linked to OpenSSL: True
2026-09-12 16:26:29,713::INFO::[SABnzbd:437] Cryptography module (v50.0.1)... found!
2026-09-12 16:26:29,714::INFO::[SABnzbd:440] par2 binary... found (/usr/local/bin/par2)
2026-09-12 16:26:29,714::INFO::[SABnzbd:447] UNRAR binary... found (/usr/bin/unrar)
2026-09-12 16:26:29,714::INFO::[SABnzbd:455] UNRAR binary version 7.23
2026-09-12 16:26:29,715::INFO::[SABnzbd:462] 7za binary... found (/usr/bin/7zz)
2026-09-12 16:26:29,715::INFO::[SABnzbd:464] 7za binary version 26.01
2026-09-12 16:26:29,715::INFO::[SABnzbd:470] nice binary... found (/bin/nice)
2026-09-12 16:26:29,715::INFO::[SABnzbd:474] ionice binary... found (/bin/ionice)
2026-09-12 16:26:29,717::INFO::[SABnzbd:1351] Starting web-interface on :::8080
2026-09-12 16:26:29,717::INFO::[_cplogging:213] [12/Sep/2026:16:26:29] ENGINE Bus STARTING
2026-09-12 16:26:29,826::INFO::[_cplogging:213] [12/Sep/2026:16:26:29] ENGINE Serving on http://:::8080
2026-09-12 16:26:29,826::INFO::[_cplogging:213] [12/Sep/2026:16:26:29] ENGINE Bus STARTED
2026-09-12 16:26:29,826::INFO::[SABnzbd:1390] Starting SABnzbd.py-5.1.3
2026-09-12 16:26:29,832::INFO::[dirscanner:121] Dirscanner starting up
2026-09-12 16:26:29,833::INFO::[panic:229] Launching browser with http://127.0.0.1:8080
2026-09-12 16:26:29,833::INFO::[notifier:169] Sending notification: SABnzbd - SABnzbd 5.1.3 started (type=startup, job_cat=None)
2026-09-12 16:26:29,834::INFO::[__init__:486] Commit = a647f73426cb70ad60ae7964b96c2d5e939b4727
2026-09-12 16:26:29,835::INFO::[__init__:487] Python-version = 3.14.7 (main, Aug 15 2026, 07:18:27) [GCC 15.2.0]
2026-09-12 16:26:29,835::INFO::[__init__:488] CPU architecture = x86_64
2026-09-12 16:26:29,837::INFO::[__init__:489] Platform = Docker
2026-09-12 16:26:29,837::INFO::[__init__:490] JSON-module = orjson 3.11.9
2026-09-12 16:26:29,837::INFO::[__init__:491] Preferred encoding = UTF-8
2026-09-12 16:26:29,837::INFO::[__init__:492] SSL version = OpenSSL 3.5.8 25 Aug 2026
2026-09-12 16:36:34,720::INFO::[misc:534] Cannot retrieve version information from sabnzbd.org
2026-09-12 17:13:33,493::INFO::[__init__:208] Signal 15 caught, saving and exiting...
2026-09-12 17:13:33,494::INFO::[__init__:444] [N/A] Performing SABnzbd shutdown
2026-09-12 17:13:33,502::INFO::[__init__:348] SABnzbd shutting down...
2026-09-12 17:13:33,502::INFO::[directunpacker:554] Aborting all DirectUnpackers
2026-09-12 17:13:33,505::INFO::[notifier:169] Sending notification: SABnzbd - Shutting down (type=startup, job_cat=None)
2026-09-12 17:13:33,505::INFO::[downloader:690] Shutting down
2026-09-12 17:13:33,510::INFO::[nzbqueue:241] Saving queue
2026-09-12 17:13:33,511::INFO::[postproc:146] Saving postproc queue
2026-09-12 17:13:33,511::INFO::[__init__:424] All processes stopped
2026-09-12 17:13:33,511::INFO::[_cplogging:213] [12/Sep/2026:17:13:33] ENGINE Bus STOPPING
2026-09-12 17:13:33,738::INFO::[_cplogging:213] [12/Sep/2026:17:13:33] ENGINE HTTP Server cherrypy._cpwsgi_server.CPWSGIServer(('::', 8080)) shut down
2026-09-12 17:13:33,738::INFO::[_cplogging:213] [12/Sep/2026:17:13:33] ENGINE Bus STOPPED
2026-09-12 17:13:33,738::INFO::[_cplogging:213] [12/Sep/2026:17:13:33] ENGINE Bus EXITING
2026-09-12 17:13:33,738::INFO::[_cplogging:213] [12/Sep/2026:17:13:33] ENGINE Bus EXITED
2026-09-12 17:13:33,738::INFO::[notifier:169] Sending notification: SABnzbd - SABnzbd shutdown finished (type=startup, job_cat=None)
2026-09-12 17:13:33,738::INFO::[SABnzbd:1491] Leaving SABnzbd
2026-09-12 17:15:41,765::INFO::[SABnzbd:1135] --------------------------------
2026-09-12 17:15:41,766::INFO::[SABnzbd:1136] SABnzbd.py-5.1.3
2026-09-12 17:15:41,767::INFO::[SABnzbd:1137] Full executable path = /app/sabnzbd/SABnzbd.py
2026-09-12 17:15:41,767::INFO::[SABnzbd:1138] Arguments = "/app/sabnzbd/SABnzbd.py" "--config-file" "/config" "--server" "::"
2026-09-12 17:15:41,770::INFO::[SABnzbd:1147] Certifi version = 2026.06.17
2026-09-12 17:15:41,770::INFO::[SABnzbd:1148] Loaded additional certificates from /lsiopy/lib/python3.14/site-packages/certifi/cacert.pem
2026-09-12 17:15:41,770::INFO::[SABnzbd:1154] Using INI file /config/sabnzbd.ini
2026-09-12 17:15:41,771::INFO::[postproc:153] Loading postproc queue
2026-09-12 17:15:41,774::INFO::[scheduler:191] Scheduling RSS interval task every 60 min (delay=25)
2026-09-12 17:15:41,774::INFO::[scheduler:200] Scheduling version check in 10 minutes and daily at 11:9
2026-09-12 17:15:41,775::INFO::[scheduler:215] Setting schedule for midnight auto history-purge
2026-09-12 17:15:41,775::INFO::[scheduler:224] Setting schedule for midnight BPS reset
2026-09-12 17:15:41,775::INFO::[scheduler:233] Setting schedule for midnight server expiration check
2026-09-12 17:15:41,775::INFO::[scheduler:242] Setting schedule for server quota check
2026-09-12 17:15:41,775::INFO::[__init__:315] All processes started
2026-09-12 17:15:41,777::INFO::[SABnzbd:333] Template location for Glitter is /app/sabnzbd/interfaces/Glitter
2026-09-12 17:15:41,777::INFO::[SABnzbd:333] Template location for Config is /app/sabnzbd/interfaces/Config
2026-09-12 17:15:41,778::INFO::[misc:1469] [N/A] Running external command: ['/usr/bin/unrar']
2026-09-12 17:15:41,781::INFO::[misc:1469] [N/A] Running external command: ['/usr/bin/7zz']
2026-09-12 17:15:41,790::INFO::[misc:1469] [N/A] Running external command: ['/usr/local/bin/par2', '-V']
2026-09-12 17:15:41,797::INFO::[SABnzbd:418] SABCTools module (v9.6.3)... found!
2026-09-12 17:15:41,797::INFO::[SABnzbd:419] SABCTools module is using SIMD set: AVX2
2026-09-12 17:15:41,797::INFO::[SABnzbd:420] SABCTools module is linked to OpenSSL: True
2026-09-12 17:15:41,797::INFO::[SABnzbd:437] Cryptography module (v50.0.1)... found!
2026-09-12 17:15:41,797::INFO::[SABnzbd:440] par2 binary... found (/usr/local/bin/par2)
2026-09-12 17:15:41,797::INFO::[SABnzbd:447] UNRAR binary... found (/usr/bin/unrar)
2026-09-12 17:15:41,797::INFO::[SABnzbd:455] UNRAR binary version 7.23
2026-09-12 17:15:41,797::INFO::[SABnzbd:462] 7za binary... found (/usr/bin/7zz)
2026-09-12 17:15:41,798::INFO::[SABnzbd:464] 7za binary version 26.01
2026-09-12 17:15:41,798::INFO::[SABnzbd:470] nice binary... found (/bin/nice)
2026-09-12 17:15:41,798::INFO::[SABnzbd:474] ionice binary... found (/bin/ionice)
2026-09-12 17:15:41,798::INFO::[SABnzbd:1351] Starting web-interface on :::8080
2026-09-12 17:15:41,798::INFO::[_cplogging:213] [12/Sep/2026:17:15:41] ENGINE Bus STARTING
2026-09-12 17:15:41,904::INFO::[_cplogging:213] [12/Sep/2026:17:15:41] ENGINE Serving on http://:::8080
2026-09-12 17:15:41,904::INFO::[_cplogging:213] [12/Sep/2026:17:15:41] ENGINE Bus STARTED
2026-09-12 17:15:41,904::INFO::[SABnzbd:1390] Starting SABnzbd.py-5.1.3
2026-09-12 17:15:41,919::INFO::[dirscanner:121] Dirscanner starting up
2026-09-12 17:15:41,920::INFO::[panic:229] Launching browser with http://127.0.0.1:8080
2026-09-12 17:15:41,921::INFO::[notifier:169] Sending notification: SABnzbd - SABnzbd 5.1.3 started (type=startup, job_cat=None)
2026-09-12 17:15:41,923::INFO::[__init__:486] Commit = a647f73426cb70ad60ae7964b96c2d5e939b4727
2026-09-12 17:15:41,923::INFO::[__init__:487] Python-version = 3.14.7 (main, Aug 15 2026, 07:18:27) [GCC 15.2.0]
2026-09-12 17:15:41,923::INFO::[__init__:488] CPU architecture = x86_64
2026-09-12 17:15:41,923::INFO::[__init__:489] Platform = Docker
2026-09-12 17:15:41,923::INFO::[__init__:490] JSON-module = orjson 3.11.9
2026-09-12 17:15:41,923::INFO::[__init__:491] Preferred encoding = UTF-8
2026-09-12 17:15:41,923::INFO::[__init__:492] SSL version = OpenSSL 3.5.8 25 Aug 2026
2026-09-12 17:15:41,946::INFO::[zconfig:61] No bonjour/zeroconf support installed
2026-09-12 17:15:41,949::INFO::[ssdp:109] Serving SSDP on 10.69.90.82 as SABnzbd
2026-09-12 17:19:44,022::INFO::[__init__:208] Signal 15 caught, saving and exiting...
2026-09-12 17:19:44,023::INFO::[__init__:444] [N/A] Performing SABnzbd shutdown
2026-09-12 17:19:44,023::INFO::[__init__:348] SABnzbd shutting down...
2026-09-12 17:19:44,023::INFO::[ssdp:103] Stopping SSDP
2026-09-12 17:19:44,023::INFO::[directunpacker:554] Aborting all DirectUnpackers
2026-09-12 17:19:44,024::INFO::[notifier:169] Sending notification: SABnzbd - Shutting down (type=startup, job_cat=None)
2026-09-12 17:19:44,024::INFO::[downloader:690] Shutting down
2026-09-12 17:19:44,025::INFO::[nzbqueue:241] Saving queue
2026-09-12 17:19:44,026::INFO::[postproc:146] Saving postproc queue
2026-09-12 17:19:44,026::INFO::[__init__:424] All processes stopped
2026-09-12 17:19:44,026::INFO::[_cplogging:213] [12/Sep/2026:17:19:44] ENGINE Bus STOPPING
2026-09-12 17:19:44,451::INFO::[_cplogging:213] [12/Sep/2026:17:19:44] ENGINE HTTP Server cherrypy._cpwsgi_server.CPWSGIServer(('::', 8080)) shut down
2026-09-12 17:19:44,451::INFO::[_cplogging:213] [12/Sep/2026:17:19:44] ENGINE Bus STOPPED
2026-09-12 17:19:44,452::INFO::[_cplogging:213] [12/Sep/2026:17:19:44] ENGINE Bus EXITING
2026-09-12 17:19:44,452::INFO::[_cplogging:213] [12/Sep/2026:17:19:44] ENGINE Bus EXITED
2026-09-12 17:19:44,452::INFO::[notifier:169] Sending notification: SABnzbd - SABnzbd shutdown finished (type=startup, job_cat=None)
2026-09-12 17:19:44,452::INFO::[SABnzbd:1491] Leaving SABnzbd
2026-09-12 17:19:53,934::INFO::[SABnzbd:1135] --------------------------------
2026-09-12 17:19:53,937::INFO::[SABnzbd:1136] SABnzbd.py-5.1.3
2026-09-12 17:19:53,937::INFO::[SABnzbd:1137] Full executable path = /app/sabnzbd/SABnzbd.py
2026-09-12 17:19:53,937::INFO::[SABnzbd:1138] Arguments = "/app/sabnzbd/SABnzbd.py" "--config-file" "/config" "--server" "::"
2026-09-12 17:19:53,938::INFO::[SABnzbd:1147] Certifi version = 2026.06.17
2026-09-12 17:19:53,938::INFO::[SABnzbd:1148] Loaded additional certificates from /lsiopy/lib/python3.14/site-packages/certifi/cacert.pem
2026-09-12 17:19:53,938::INFO::[SABnzbd:1154] Using INI file /config/sabnzbd.ini
2026-09-12 17:19:53,940::INFO::[postproc:153] Loading postproc queue
2026-09-12 17:19:53,943::INFO::[scheduler:191] Scheduling RSS interval task every 60 min (delay=16)
2026-09-12 17:19:53,944::INFO::[scheduler:200] Scheduling version check in 10 minutes and daily at 7:57
2026-09-12 17:19:53,944::INFO::[scheduler:215] Setting schedule for midnight auto history-purge
2026-09-12 17:19:53,944::INFO::[scheduler:224] Setting schedule for midnight BPS reset
2026-09-12 17:19:53,947::INFO::[scheduler:233] Setting schedule for midnight server expiration check
2026-09-12 17:19:53,947::INFO::[scheduler:242] Setting schedule for server quota check
2026-09-12 17:19:53,948::INFO::[__init__:315] All processes started
2026-09-12 17:19:53,948::INFO::[SABnzbd:333] Template location for Glitter is /app/sabnzbd/interfaces/Glitter
2026-09-12 17:19:53,948::INFO::[SABnzbd:333] Template location for Config is /app/sabnzbd/interfaces/Config
2026-09-12 17:19:53,948::INFO::[misc:1469] [N/A] Running external command: ['/usr/bin/unrar']
2026-09-12 17:19:53,955::INFO::[misc:1469] [N/A] Running external command: ['/usr/bin/7zz']
2026-09-12 17:19:53,963::INFO::[misc:1469] [N/A] Running external command: ['/usr/local/bin/par2', '-V']
2026-09-12 17:19:53,975::INFO::[SABnzbd:418] SABCTools module (v9.6.3)... found!
2026-09-12 17:19:53,975::INFO::[SABnzbd:419] SABCTools module is using SIMD set: AVX2
2026-09-12 17:19:53,978::INFO::[SABnzbd:420] SABCTools module is linked to OpenSSL: True
2026-09-12 17:19:53,978::INFO::[SABnzbd:437] Cryptography module (v50.0.1)... found!
2026-09-12 17:19:53,978::INFO::[SABnzbd:440] par2 binary... found (/usr/local/bin/par2)
2026-09-12 17:19:53,978::INFO::[SABnzbd:447] UNRAR binary... found (/usr/bin/unrar)
2026-09-12 17:19:53,978::INFO::[SABnzbd:455] UNRAR binary version 7.23
2026-09-12 17:19:53,982::INFO::[SABnzbd:462] 7za binary... found (/usr/bin/7zz)
2026-09-12 17:19:53,982::INFO::[SABnzbd:464] 7za binary version 26.01
2026-09-12 17:19:53,982::INFO::[SABnzbd:470] nice binary... found (/bin/nice)
2026-09-12 17:19:53,982::INFO::[SABnzbd:474] ionice binary... found (/bin/ionice)
2026-09-12 17:19:53,983::INFO::[SABnzbd:1351] Starting web-interface on :::8080
2026-09-12 17:19:53,985::INFO::[_cplogging:213] [12/Sep/2026:17:19:53] ENGINE Bus STARTING
2026-09-12 17:19:54,095::INFO::[_cplogging:213] [12/Sep/2026:17:19:54] ENGINE Serving on http://:::8080
2026-09-12 17:19:54,095::INFO::[_cplogging:213] [12/Sep/2026:17:19:54] ENGINE Bus STARTED
2026-09-12 17:19:54,095::INFO::[SABnzbd:1390] Starting SABnzbd.py-5.1.3
2026-09-12 17:19:54,108::INFO::[dirscanner:121] Dirscanner starting up
2026-09-12 17:19:54,108::INFO::[panic:229] Launching browser with http://127.0.0.1:8080
2026-09-12 17:19:54,109::INFO::[notifier:169] Sending notification: SABnzbd - SABnzbd 5.1.3 started (type=startup, job_cat=None)
2026-09-12 17:19:54,112::INFO::[__init__:486] Commit = a647f73426cb70ad60ae7964b96c2d5e939b4727
2026-09-12 17:19:54,112::INFO::[__init__:487] Python-version = 3.14.7 (main, Aug 15 2026, 07:18:27) [GCC 15.2.0]
2026-09-12 17:19:54,112::INFO::[__init__:488] CPU architecture = x86_64
2026-09-12 17:19:54,112::INFO::[__init__:489] Platform = Docker
2026-09-12 17:19:54,112::INFO::[__init__:490] JSON-module = orjson 3.11.9
2026-09-12 17:19:54,112::INFO::[__init__:491] Preferred encoding = UTF-8
2026-09-12 17:19:54,112::INFO::[__init__:492] SSL version = OpenSSL 3.5.8 25 Aug 2026
2026-09-12 17:19:54,141::INFO::[zconfig:61] No bonjour/zeroconf support installed
2026-09-12 17:19:54,148::INFO::[ssdp:109] Serving SSDP on 10.69.90.82 as SABnzbd
2026-09-12 17:22:02,757::INFO::[__init__:208] Signal 15 caught, saving and exiting...
2026-09-12 17:22:02,757::INFO::[__init__:444] [N/A] Performing SABnzbd shutdown
2026-09-12 17:22:02,757::INFO::[__init__:348] SABnzbd shutting down...
2026-09-12 17:22:02,757::INFO::[ssdp:103] Stopping SSDP
2026-09-12 17:22:02,759::INFO::[directunpacker:554] Aborting all DirectUnpackers
2026-09-12 17:22:02,767::INFO::[notifier:169] Sending notification: SABnzbd - Shutting down (type=startup, job_cat=None)
2026-09-12 17:22:02,768::INFO::[downloader:690] Shutting down
2026-09-12 17:22:02,768::INFO::[nzbqueue:241] Saving queue
2026-09-12 17:22:02,769::INFO::[postproc:146] Saving postproc queue
2026-09-12 17:22:02,769::INFO::[__init__:424] All processes stopped
2026-09-12 17:22:02,769::INFO::[_cplogging:213] [12/Sep/2026:17:22:02] ENGINE Bus STOPPING
2026-09-12 17:22:02,854::INFO::[_cplogging:213] [12/Sep/2026:17:22:02] ENGINE HTTP Server cherrypy._cpwsgi_server.CPWSGIServer(('::', 8080)) shut down
2026-09-12 17:22:02,854::INFO::[_cplogging:213] [12/Sep/2026:17:22:02] ENGINE Bus STOPPED
2026-09-12 17:22:02,854::INFO::[_cplogging:213] [12/Sep/2026:17:22:02] ENGINE Bus EXITING
2026-09-12 17:22:02,854::INFO::[_cplogging:213] [12/Sep/2026:17:22:02] ENGINE Bus EXITED
2026-09-12 17:22:02,854::INFO::[notifier:169] Sending notification: SABnzbd - SABnzbd shutdown finished (type=startup, job_cat=None)
2026-09-12 17:22:02,854::INFO::[SABnzbd:1491] Leaving SABnzbd
2026-09-12 17:22:11,554::INFO::[SABnzbd:1135] --------------------------------
2026-09-12 17:22:11,554::INFO::[SABnzbd:1136] SABnzbd.py-5.1.3
2026-09-12 17:22:11,554::INFO::[SABnzbd:1137] Full executable path = /app/sabnzbd/SABnzbd.py
2026-09-12 17:22:11,555::INFO::[SABnzbd:1138] Arguments = "/app/sabnzbd/SABnzbd.py" "--config-file" "/config" "--server" "::"
2026-09-12 17:22:11,556::INFO::[SABnzbd:1147] Certifi version = 2026.06.17
2026-09-12 17:22:11,558::INFO::[SABnzbd:1148] Loaded additional certificates from /lsiopy/lib/python3.14/site-packages/certifi/cacert.pem
2026-09-12 17:22:11,558::INFO::[SABnzbd:1154] Using INI file /config/sabnzbd.ini
2026-09-12 17:22:11,560::INFO::[postproc:153] Loading postproc queue
2026-09-12 17:22:11,563::INFO::[scheduler:191] Scheduling RSS interval task every 60 min (delay=37)
2026-09-12 17:22:11,564::INFO::[scheduler:200] Scheduling version check in 10 minutes and daily at 22:4
2026-09-12 17:22:11,564::INFO::[scheduler:215] Setting schedule for midnight auto history-purge
2026-09-12 17:22:11,564::INFO::[scheduler:224] Setting schedule for midnight BPS reset
2026-09-12 17:22:11,564::INFO::[scheduler:233] Setting schedule for midnight server expiration check
2026-09-12 17:22:11,564::INFO::[scheduler:242] Setting schedule for server quota check
2026-09-12 17:22:11,565::INFO::[__init__:315] All processes started
2026-09-12 17:22:11,565::INFO::[SABnzbd:333] Template location for Glitter is /app/sabnzbd/interfaces/Glitter
2026-09-12 17:22:11,565::INFO::[SABnzbd:333] Template location for Config is /app/sabnzbd/interfaces/Config
2026-09-12 17:22:11,566::INFO::[misc:1469] [N/A] Running external command: ['/usr/bin/unrar']
2026-09-12 17:22:11,573::INFO::[misc:1469] [N/A] Running external command: ['/usr/bin/7zz']
2026-09-12 17:22:11,582::INFO::[misc:1469] [N/A] Running external command: ['/usr/local/bin/par2', '-V']
2026-09-12 17:22:11,588::INFO::[SABnzbd:418] SABCTools module (v9.6.3)... found!
2026-09-12 17:22:11,588::INFO::[SABnzbd:419] SABCTools module is using SIMD set: AVX2
2026-09-12 17:22:11,588::INFO::[SABnzbd:420] SABCTools module is linked to OpenSSL: True
2026-09-12 17:22:11,588::INFO::[SABnzbd:437] Cryptography module (v50.0.1)... found!
2026-09-12 17:22:11,588::INFO::[SABnzbd:440] par2 binary... found (/usr/local/bin/par2)
2026-09-12 17:22:11,588::INFO::[SABnzbd:447] UNRAR binary... found (/usr/bin/unrar)
2026-09-12 17:22:11,588::INFO::[SABnzbd:455] UNRAR binary version 7.23
2026-09-12 17:22:11,589::INFO::[SABnzbd:462] 7za binary... found (/usr/bin/7zz)
2026-09-12 17:22:11,589::INFO::[SABnzbd:464] 7za binary version 26.01
2026-09-12 17:22:11,589::INFO::[SABnzbd:470] nice binary... found (/bin/nice)
2026-09-12 17:22:11,589::INFO::[SABnzbd:474] ionice binary... found (/bin/ionice)
2026-09-12 17:22:11,589::INFO::[SABnzbd:1351] Starting web-interface on :::8080
2026-09-12 17:22:11,589::INFO::[_cplogging:213] [12/Sep/2026:17:22:11] ENGINE Bus STARTING
2026-09-12 17:22:11,700::INFO::[_cplogging:213] [12/Sep/2026:17:22:11] ENGINE Serving on http://:::8080
2026-09-12 17:22:11,700::INFO::[_cplogging:213] [12/Sep/2026:17:22:11] ENGINE Bus STARTED
2026-09-12 17:22:11,700::INFO::[SABnzbd:1390] Starting SABnzbd.py-5.1.3
2026-09-12 17:22:11,737::INFO::[dirscanner:121] Dirscanner starting up
2026-09-12 17:22:11,738::INFO::[panic:229] Launching browser with http://127.0.0.1:8080
2026-09-12 17:22:11,738::INFO::[notifier:169] Sending notification: SABnzbd - SABnzbd 5.1.3 started (type=startup, job_cat=None)
2026-09-12 17:22:11,741::INFO::[__init__:486] Commit = a647f73426cb70ad60ae7964b96c2d5e939b4727
2026-09-12 17:22:11,741::INFO::[__init__:487] Python-version = 3.14.7 (main, Aug 15 2026, 07:18:27) [GCC 15.2.0]
2026-09-12 17:22:11,741::INFO::[__init__:488] CPU architecture = x86_64
2026-09-12 17:22:11,741::INFO::[__init__:489] Platform = Docker
2026-09-12 17:22:11,741::INFO::[__init__:490] JSON-module = orjson 3.11.9
2026-09-12 17:22:11,741::INFO::[__init__:491] Preferred encoding = UTF-8
2026-09-12 17:22:11,741::INFO::[__init__:492] SSL version = OpenSSL 3.5.8 25 Aug 2026
2026-09-12 17:22:11,757::INFO::[zconfig:61] No bonjour/zeroconf support installed
2026-09-12 17:22:11,759::INFO::[ssdp:109] Serving SSDP on 10.69.90.82 as SABnzbd
2026-09-12 17:24:05,184::INFO::[__init__:208] Signal 15 caught, saving and exiting...
2026-09-12 17:24:05,184::INFO::[__init__:444] [N/A] Performing SABnzbd shutdown
2026-09-12 17:24:05,184::INFO::[__init__:348] SABnzbd shutting down...
2026-09-12 17:24:05,184::INFO::[ssdp:103] Stopping SSDP
2026-09-12 17:24:05,186::INFO::[directunpacker:554] Aborting all DirectUnpackers
2026-09-12 17:24:05,212::INFO::[notifier:169] Sending notification: SABnzbd - Shutting down (type=startup, job_cat=None)
2026-09-12 17:24:05,214::INFO::[downloader:690] Shutting down
2026-09-12 17:24:05,216::INFO::[nzbqueue:241] Saving queue
2026-09-12 17:24:05,217::INFO::[postproc:146] Saving postproc queue
2026-09-12 17:24:05,217::INFO::[__init__:424] All processes stopped
2026-09-12 17:24:05,217::INFO::[_cplogging:213] [12/Sep/2026:17:24:05] ENGINE Bus STOPPING
2026-09-12 17:24:05,426::INFO::[_cplogging:213] [12/Sep/2026:17:24:05] ENGINE HTTP Server cherrypy._cpwsgi_server.CPWSGIServer(('::', 8080)) shut down
2026-09-12 17:24:05,426::INFO::[_cplogging:213] [12/Sep/2026:17:24:05] ENGINE Bus STOPPED
2026-09-12 17:24:05,426::INFO::[_cplogging:213] [12/Sep/2026:17:24:05] ENGINE Bus EXITING
2026-09-12 17:24:05,426::INFO::[_cplogging:213] [12/Sep/2026:17:24:05] ENGINE Bus EXITED
2026-09-12 17:24:05,426::INFO::[notifier:169] Sending notification: SABnzbd - SABnzbd shutdown finished (type=startup, job_cat=None)
2026-09-12 17:24:05,426::INFO::[SABnzbd:1491] Leaving SABnzbd
2026-09-12 17:24:51,075::INFO::[SABnzbd:1135] --------------------------------
2026-09-12 17:24:51,075::INFO::[SABnzbd:1136] SABnzbd.py-5.1.3
2026-09-12 17:24:51,075::INFO::[SABnzbd:1137] Full executable path = /app/sabnzbd/SABnzbd.py
2026-09-12 17:24:51,075::INFO::[SABnzbd:1138] Arguments = "/app/sabnzbd/SABnzbd.py" "--config-file" "/config" "--server" "::"
2026-09-12 17:24:51,076::INFO::[SABnzbd:1147] Certifi version = 2026.06.17
2026-09-12 17:24:51,077::INFO::[SABnzbd:1148] Loaded additional certificates from /lsiopy/lib/python3.14/site-packages/certifi/cacert.pem
2026-09-12 17:24:51,077::INFO::[SABnzbd:1154] Using INI file /config/sabnzbd.ini
2026-09-12 17:24:51,081::INFO::[postproc:153] Loading postproc queue
2026-09-12 17:24:51,082::INFO::[scheduler:191] Scheduling RSS interval task every 60 min (delay=44)
2026-09-12 17:24:51,083::INFO::[scheduler:200] Scheduling version check in 10 minutes and daily at 17:40
2026-09-12 17:24:51,083::INFO::[scheduler:215] Setting schedule for midnight auto history-purge
2026-09-12 17:24:51,083::INFO::[scheduler:224] Setting schedule for midnight BPS reset
2026-09-12 17:24:51,083::INFO::[scheduler:233] Setting schedule for midnight server expiration check
2026-09-12 17:24:51,083::INFO::[scheduler:242] Setting schedule for server quota check
2026-09-12 17:24:51,084::INFO::[__init__:315] All processes started
2026-09-12 17:24:51,084::INFO::[SABnzbd:333] Template location for Glitter is /app/sabnzbd/interfaces/Glitter
2026-09-12 17:24:51,085::INFO::[SABnzbd:333] Template location for Config is /app/sabnzbd/interfaces/Config
2026-09-12 17:24:51,086::INFO::[misc:1469] [N/A] Running external command: ['/usr/bin/unrar']
2026-09-12 17:24:51,092::INFO::[misc:1469] [N/A] Running external command: ['/usr/bin/7zz']
2026-09-12 17:24:51,097::INFO::[misc:1469] [N/A] Running external command: ['/usr/local/bin/par2', '-V']
2026-09-12 17:24:51,103::INFO::[SABnzbd:418] SABCTools module (v9.6.3)... found!
2026-09-12 17:24:51,106::INFO::[SABnzbd:419] SABCTools module is using SIMD set: AVX2
2026-09-12 17:24:51,106::INFO::[SABnzbd:420] SABCTools module is linked to OpenSSL: True
2026-09-12 17:24:51,106::INFO::[SABnzbd:437] Cryptography module (v50.0.1)... found!
2026-09-12 17:24:51,106::INFO::[SABnzbd:440] par2 binary... found (/usr/local/bin/par2)
2026-09-12 17:24:51,107::INFO::[SABnzbd:447] UNRAR binary... found (/usr/bin/unrar)
2026-09-12 17:24:51,107::INFO::[SABnzbd:455] UNRAR binary version 7.23
2026-09-12 17:24:51,107::INFO::[SABnzbd:462] 7za binary... found (/usr/bin/7zz)
2026-09-12 17:24:51,107::INFO::[SABnzbd:464] 7za binary version 26.01
2026-09-12 17:24:51,107::INFO::[SABnzbd:470] nice binary... found (/bin/nice)
2026-09-12 17:24:51,107::INFO::[SABnzbd:474] ionice binary... found (/bin/ionice)
2026-09-12 17:24:51,111::INFO::[SABnzbd:1351] Starting web-interface on :::8080
2026-09-12 17:24:51,112::INFO::[_cplogging:213] [12/Sep/2026:17:24:51] ENGINE Bus STARTING
2026-09-12 17:24:51,220::INFO::[_cplogging:213] [12/Sep/2026:17:24:51] ENGINE Serving on http://:::8080
2026-09-12 17:24:51,223::INFO::[_cplogging:213] [12/Sep/2026:17:24:51] ENGINE Bus STARTED
2026-09-12 17:24:51,224::INFO::[SABnzbd:1390] Starting SABnzbd.py-5.1.3
2026-09-12 17:24:51,232::INFO::[dirscanner:121] Dirscanner starting up
2026-09-12 17:24:51,233::INFO::[panic:229] Launching browser with http://127.0.0.1:8080
2026-09-12 17:24:51,234::INFO::[notifier:169] Sending notification: SABnzbd - SABnzbd 5.1.3 started (type=startup, job_cat=None)
2026-09-12 17:24:51,238::INFO::[__init__:486] Commit = a647f73426cb70ad60ae7964b96c2d5e939b4727
2026-09-12 17:24:51,238::INFO::[__init__:487] Python-version = 3.14.7 (main, Aug 15 2026, 07:18:27) [GCC 15.2.0]
2026-09-12 17:24:51,238::INFO::[__init__:488] CPU architecture = x86_64
2026-09-12 17:24:51,238::INFO::[__init__:489] Platform = Docker
2026-09-12 17:24:51,238::INFO::[__init__:490] JSON-module = orjson 3.11.9
2026-09-12 17:24:51,238::INFO::[__init__:491] Preferred encoding = UTF-8
2026-09-12 17:24:51,238::INFO::[__init__:492] SSL version = OpenSSL 3.5.8 25 Aug 2026
2026-09-12 17:24:51,276::INFO::[zconfig:61] No bonjour/zeroconf support installed
2026-09-12 17:24:51,277::INFO::[ssdp:109] Serving SSDP on 10.69.90.82 as SABnzbd
2026-09-12 17:47:50,862::INFO::[__init__:208] Signal 15 caught, saving and exiting...
2026-09-12 17:47:50,864::INFO::[__init__:444] [N/A] Performing SABnzbd shutdown
2026-09-12 17:47:50,866::INFO::[__init__:348] SABnzbd shutting down...
2026-09-12 17:47:50,875::INFO::[ssdp:103] Stopping SSDP
2026-09-12 17:47:50,876::INFO::[directunpacker:554] Aborting all DirectUnpackers
2026-09-12 17:47:50,879::INFO::[notifier:169] Sending notification: SABnzbd - Shutting down (type=startup, job_cat=None)
2026-09-12 17:47:50,881::INFO::[downloader:690] Shutting down
2026-09-12 17:47:50,885::INFO::[nzbqueue:241] Saving queue
2026-09-12 17:47:50,887::INFO::[postproc:146] Saving postproc queue
2026-09-12 17:47:50,887::INFO::[__init__:424] All processes stopped
2026-09-12 17:47:50,888::INFO::[_cplogging:213] [12/Sep/2026:17:47:50] ENGINE Bus STOPPING
2026-09-12 17:47:51,307::INFO::[_cplogging:213] [12/Sep/2026:17:47:51] ENGINE HTTP Server cherrypy._cpwsgi_server.CPWSGIServer(('::', 8080)) shut down
2026-09-12 17:47:51,307::INFO::[_cplogging:213] [12/Sep/2026:17:47:51] ENGINE Bus STOPPED
2026-09-12 17:47:51,307::INFO::[_cplogging:213] [12/Sep/2026:17:47:51] ENGINE Bus EXITING
2026-09-12 17:47:51,307::INFO::[_cplogging:213] [12/Sep/2026:17:47:51] ENGINE Bus EXITED
2026-09-12 17:47:51,307::INFO::[notifier:169] Sending notification: SABnzbd - SABnzbd shutdown finished (type=startup, job_cat=None)
2026-09-12 17:47:51,307::INFO::[SABnzbd:1491] Leaving SABnzbd
2026-09-12 17:48:00,285::INFO::[SABnzbd:1135] --------------------------------
2026-09-12 17:48:00,285::INFO::[SABnzbd:1136] SABnzbd.py-5.1.3
2026-09-12 17:48:00,286::INFO::[SABnzbd:1137] Full executable path = /app/sabnzbd/SABnzbd.py
2026-09-12 17:48:00,286::INFO::[SABnzbd:1138] Arguments = "/app/sabnzbd/SABnzbd.py" "--config-file" "/config" "--server" "::"
2026-09-12 17:48:00,287::INFO::[SABnzbd:1147] Certifi version = 2026.06.17
2026-09-12 17:48:00,287::INFO::[SABnzbd:1148] Loaded additional certificates from /lsiopy/lib/python3.14/site-packages/certifi/cacert.pem
2026-09-12 17:48:00,287::INFO::[SABnzbd:1154] Using INI file /config/sabnzbd.ini
2026-09-12 17:48:00,289::INFO::[postproc:153] Loading postproc queue
2026-09-12 17:48:00,290::INFO::[scheduler:191] Scheduling RSS interval task every 60 min (delay=30)
2026-09-12 17:48:00,290::INFO::[scheduler:200] Scheduling version check in 10 minutes and daily at 10:54
2026-09-12 17:48:00,290::INFO::[scheduler:215] Setting schedule for midnight auto history-purge
2026-09-12 17:48:00,291::INFO::[scheduler:224] Setting schedule for midnight BPS reset
2026-09-12 17:48:00,291::INFO::[scheduler:233] Setting schedule for midnight server expiration check
2026-09-12 17:48:00,291::INFO::[scheduler:242] Setting schedule for server quota check
2026-09-12 17:48:00,291::INFO::[__init__:315] All processes started
2026-09-12 17:48:00,291::INFO::[SABnzbd:333] Template location for Glitter is /app/sabnzbd/interfaces/Glitter
2026-09-12 17:48:00,292::INFO::[SABnzbd:333] Template location for Config is /app/sabnzbd/interfaces/Config
2026-09-12 17:48:00,292::INFO::[misc:1469] [N/A] Running external command: ['/usr/bin/unrar']
2026-09-12 17:48:00,295::INFO::[misc:1469] [N/A] Running external command: ['/usr/bin/7zz']
2026-09-12 17:48:00,299::INFO::[misc:1469] [N/A] Running external command: ['/usr/local/bin/par2', '-V']
2026-09-12 17:48:00,301::INFO::[SABnzbd:418] SABCTools module (v9.6.3)... found!
2026-09-12 17:48:00,301::INFO::[SABnzbd:419] SABCTools module is using SIMD set: AVX2
2026-09-12 17:48:00,302::INFO::[SABnzbd:420] SABCTools module is linked to OpenSSL: True
2026-09-12 17:48:00,302::INFO::[SABnzbd:437] Cryptography module (v50.0.1)... found!
2026-09-12 17:48:00,302::INFO::[SABnzbd:440] par2 binary... found (/usr/local/bin/par2)
2026-09-12 17:48:00,302::INFO::[SABnzbd:447] UNRAR binary... found (/usr/bin/unrar)
2026-09-12 17:48:00,302::INFO::[SABnzbd:455] UNRAR binary version 7.23
2026-09-12 17:48:00,302::INFO::[SABnzbd:462] 7za binary... found (/usr/bin/7zz)
2026-09-12 17:48:00,311::INFO::[SABnzbd:464] 7za binary version 26.01
2026-09-12 17:48:00,311::INFO::[SABnzbd:470] nice binary... found (/bin/nice)
2026-09-12 17:48:00,311::INFO::[SABnzbd:474] ionice binary... found (/bin/ionice)
2026-09-12 17:48:00,315::INFO::[SABnzbd:1351] Starting web-interface on :::8080
2026-09-12 17:48:00,315::INFO::[_cplogging:213] [12/Sep/2026:17:48:00] ENGINE Bus STARTING
2026-09-12 17:48:00,420::INFO::[_cplogging:213] [12/Sep/2026:17:48:00] ENGINE Serving on http://:::8080
2026-09-12 17:48:00,420::INFO::[_cplogging:213] [12/Sep/2026:17:48:00] ENGINE Bus STARTED
2026-09-12 17:48:00,420::INFO::[SABnzbd:1390] Starting SABnzbd.py-5.1.3
2026-09-12 17:48:00,432::INFO::[dirscanner:121] Dirscanner starting up
2026-09-12 17:48:00,435::INFO::[panic:229] Launching browser with http://127.0.0.1:8080
2026-09-12 17:48:00,435::INFO::[notifier:169] Sending notification: SABnzbd - SABnzbd 5.1.3 started (type=startup, job_cat=None)
2026-09-12 17:48:00,437::INFO::[__init__:486] Commit = a647f73426cb70ad60ae7964b96c2d5e939b4727
2026-09-12 17:48:00,437::INFO::[__init__:487] Python-version = 3.14.7 (main, Aug 15 2026, 07:18:27) [GCC 15.2.0]
2026-09-12 17:48:00,437::INFO::[__init__:488] CPU architecture = x86_64
2026-09-12 17:48:00,437::INFO::[__init__:489] Platform = Docker
2026-09-12 17:48:00,438::INFO::[__init__:490] JSON-module = orjson 3.11.9
2026-09-12 17:48:00,438::INFO::[__init__:491] Preferred encoding = UTF-8
2026-09-12 17:48:00,438::INFO::[__init__:492] SSL version = OpenSSL 3.5.8 25 Aug 2026
2026-09-12 17:48:00,462::INFO::[zconfig:61] No bonjour/zeroconf support installed
2026-09-12 17:48:00,467::INFO::[ssdp:109] Serving SSDP on 10.69.90.82 as SABnzbd
2026-09-12 17:49:54,636::INFO::[__init__:208] Signal 15 caught, saving and exiting...
2026-09-12 17:49:54,636::INFO::[__init__:444] [N/A] Performing SABnzbd shutdown
2026-09-12 17:49:54,636::INFO::[__init__:348] SABnzbd shutting down...
2026-09-12 17:49:54,636::INFO::[ssdp:103] Stopping SSDP
2026-09-12 17:49:54,637::INFO::[directunpacker:554] Aborting all DirectUnpackers
2026-09-12 17:49:54,651::INFO::[notifier:169] Sending notification: SABnzbd - Shutting down (type=startup, job_cat=None)
2026-09-12 17:49:54,651::INFO::[downloader:690] Shutting down
2026-09-12 17:49:54,652::INFO::[nzbqueue:241] Saving queue
2026-09-12 17:49:54,653::INFO::[postproc:146] Saving postproc queue
2026-09-12 17:49:54,653::INFO::[__init__:424] All processes stopped
2026-09-12 17:49:54,653::INFO::[_cplogging:213] [12/Sep/2026:17:49:54] ENGINE Bus STOPPING
2026-09-12 17:49:54,734::INFO::[_cplogging:213] [12/Sep/2026:17:49:54] ENGINE HTTP Server cherrypy._cpwsgi_server.CPWSGIServer(('::', 8080)) shut down
2026-09-12 17:49:54,734::INFO::[_cplogging:213] [12/Sep/2026:17:49:54] ENGINE Bus STOPPED
2026-09-12 17:49:54,734::INFO::[_cplogging:213] [12/Sep/2026:17:49:54] ENGINE Bus EXITING
2026-09-12 17:49:54,734::INFO::[_cplogging:213] [12/Sep/2026:17:49:54] ENGINE Bus EXITED
2026-09-12 17:49:54,735::INFO::[notifier:169] Sending notification: SABnzbd - SABnzbd shutdown finished (type=startup, job_cat=None)
2026-09-12 17:49:54,735::INFO::[SABnzbd:1491] Leaving SABnzbd
2026-09-12 17:50:28,893::INFO::[SABnzbd:1135] --------------------------------
2026-09-12 17:50:28,894::INFO::[SABnzbd:1136] SABnzbd.py-5.1.3
2026-09-12 17:50:28,895::INFO::[SABnzbd:1137] Full executable path = /app/sabnzbd/SABnzbd.py
2026-09-12 17:50:28,896::INFO::[SABnzbd:1138] Arguments = "/app/sabnzbd/SABnzbd.py" "--config-file" "/config" "--server" "::"
2026-09-12 17:50:28,899::INFO::[SABnzbd:1147] Certifi version = 2026.06.17
2026-09-12 17:50:28,899::INFO::[SABnzbd:1148] Loaded additional certificates from /lsiopy/lib/python3.14/site-packages/certifi/cacert.pem
2026-09-12 17:50:28,899::INFO::[SABnzbd:1154] Using INI file /config/sabnzbd.ini
2026-09-12 17:50:28,907::INFO::[postproc:153] Loading postproc queue
2026-09-12 17:50:28,909::INFO::[scheduler:191] Scheduling RSS interval task every 60 min (delay=44)
2026-09-12 17:50:28,910::INFO::[scheduler:200] Scheduling version check in 10 minutes and daily at 0:17
2026-09-12 17:50:28,910::INFO::[scheduler:215] Setting schedule for midnight auto history-purge
2026-09-12 17:50:28,910::INFO::[scheduler:224] Setting schedule for midnight BPS reset
2026-09-12 17:50:28,910::INFO::[scheduler:233] Setting schedule for midnight server expiration check
2026-09-12 17:50:28,910::INFO::[scheduler:242] Setting schedule for server quota check
2026-09-12 17:50:28,914::INFO::[__init__:315] All processes started
2026-09-12 17:50:28,915::INFO::[SABnzbd:333] Template location for Glitter is /app/sabnzbd/interfaces/Glitter
2026-09-12 17:50:28,916::INFO::[SABnzbd:333] Template location for Config is /app/sabnzbd/interfaces/Config
2026-09-12 17:50:28,918::INFO::[misc:1469] [N/A] Running external command: ['/usr/bin/unrar']
2026-09-12 17:50:28,930::INFO::[misc:1469] [N/A] Running external command: ['/usr/bin/7zz']
2026-09-12 17:50:28,955::INFO::[misc:1469] [N/A] Running external command: ['/usr/local/bin/par2', '-V']
2026-09-12 17:50:28,969::INFO::[SABnzbd:418] SABCTools module (v9.6.3)... found!
2026-09-12 17:50:28,969::INFO::[SABnzbd:419] SABCTools module is using SIMD set: AVX2
2026-09-12 17:50:28,969::INFO::[SABnzbd:420] SABCTools module is linked to OpenSSL: True
2026-09-12 17:50:28,969::INFO::[SABnzbd:437] Cryptography module (v50.0.1)... found!
2026-09-12 17:50:28,970::INFO::[SABnzbd:440] par2 binary... found (/usr/local/bin/par2)
2026-09-12 17:50:28,970::INFO::[SABnzbd:447] UNRAR binary... found (/usr/bin/unrar)
2026-09-12 17:50:28,970::INFO::[SABnzbd:455] UNRAR binary version 7.23
2026-09-12 17:50:28,971::INFO::[SABnzbd:462] 7za binary... found (/usr/bin/7zz)
2026-09-12 17:50:28,972::INFO::[SABnzbd:464] 7za binary version 26.01
2026-09-12 17:50:28,973::INFO::[SABnzbd:470] nice binary... found (/bin/nice)
2026-09-12 17:50:28,973::INFO::[SABnzbd:474] ionice binary... found (/bin/ionice)
2026-09-12 17:50:28,976::INFO::[SABnzbd:1351] Starting web-interface on :::8080
2026-09-12 17:50:28,976::INFO::[_cplogging:213] [12/Sep/2026:17:50:28] ENGINE Bus STARTING
2026-09-12 17:50:29,088::INFO::[_cplogging:213] [12/Sep/2026:17:50:29] ENGINE Serving on http://:::8080
2026-09-12 17:50:29,089::INFO::[_cplogging:213] [12/Sep/2026:17:50:29] ENGINE Bus STARTED
2026-09-12 17:50:29,089::INFO::[SABnzbd:1390] Starting SABnzbd.py-5.1.3
2026-09-12 17:50:29,101::INFO::[dirscanner:121] Dirscanner starting up
2026-09-12 17:50:29,101::INFO::[panic:229] Launching browser with http://127.0.0.1:8080
2026-09-12 17:50:29,103::INFO::[notifier:169] Sending notification: SABnzbd - SABnzbd 5.1.3 started (type=startup, job_cat=None)
2026-09-12 17:50:29,107::INFO::[__init__:486] Commit = a647f73426cb70ad60ae7964b96c2d5e939b4727
2026-09-12 17:50:29,107::INFO::[__init__:487] Python-version = 3.14.7 (main, Aug 15 2026, 07:18:27) [GCC 15.2.0]
2026-09-12 17:50:29,108::INFO::[__init__:488] CPU architecture = x86_64
2026-09-12 17:50:29,108::INFO::[__init__:489] Platform = Docker
2026-09-12 17:50:29,108::INFO::[__init__:490] JSON-module = orjson 3.11.9
2026-09-12 17:50:29,108::INFO::[__init__:491] Preferred encoding = UTF-8
2026-09-12 17:50:29,109::INFO::[__init__:492] SSL version = OpenSSL 3.5.8 25 Aug 2026
2026-09-12 17:50:29,154::INFO::[zconfig:61] No bonjour/zeroconf support installed
2026-09-12 17:50:29,159::INFO::[ssdp:109] Serving SSDP on 10.69.90.82 as SABnzbd
2026-09-12 17:52:20,917::INFO::[__init__:208] Signal 15 caught, saving and exiting...
2026-09-12 17:52:20,917::INFO::[__init__:444] [N/A] Performing SABnzbd shutdown
2026-09-12 17:52:20,917::INFO::[__init__:348] SABnzbd shutting down...
2026-09-12 17:52:20,917::INFO::[ssdp:103] Stopping SSDP
2026-09-12 17:52:20,917::INFO::[directunpacker:554] Aborting all DirectUnpackers
2026-09-12 17:52:20,919::INFO::[notifier:169] Sending notification: SABnzbd - Shutting down (type=startup, job_cat=None)
2026-09-12 17:52:20,919::INFO::[downloader:690] Shutting down
2026-09-12 17:52:20,925::INFO::[nzbqueue:241] Saving queue
2026-09-12 17:52:20,925::INFO::[postproc:146] Saving postproc queue
2026-09-12 17:52:20,925::INFO::[__init__:424] All processes stopped
2026-09-12 17:52:20,926::INFO::[_cplogging:213] [12/Sep/2026:17:52:20] ENGINE Bus STOPPING
2026-09-12 17:52:21,233::INFO::[_cplogging:213] [12/Sep/2026:17:52:21] ENGINE HTTP Server cherrypy._cpwsgi_server.CPWSGIServer(('::', 8080)) shut down
2026-09-12 17:52:21,233::INFO::[_cplogging:213] [12/Sep/2026:17:52:21] ENGINE Bus STOPPED
2026-09-12 17:52:21,233::INFO::[_cplogging:213] [12/Sep/2026:17:52:21] ENGINE Bus EXITING
2026-09-12 17:52:21,233::INFO::[_cplogging:213] [12/Sep/2026:17:52:21] ENGINE Bus EXITED
2026-09-12 17:52:21,233::INFO::[notifier:169] Sending notification: SABnzbd - SABnzbd shutdown finished (type=startup, job_cat=None)
2026-09-12 17:52:21,234::INFO::[SABnzbd:1491] Leaving SABnzbd
2026-09-12 18:05:23,712::INFO::[SABnzbd:1135] --------------------------------
2026-09-12 18:05:23,713::INFO::[SABnzbd:1136] SABnzbd.py-5.1.3
2026-09-12 18:05:23,713::INFO::[SABnzbd:1137] Full executable path = /app/sabnzbd/SABnzbd.py
2026-09-12 18:05:23,713::INFO::[SABnzbd:1138] Arguments = "/app/sabnzbd/SABnzbd.py" "--config-file" "/config" "--server" "::"
2026-09-12 18:05:23,714::INFO::[SABnzbd:1147] Certifi version = 2026.06.17
2026-09-12 18:05:23,714::INFO::[SABnzbd:1148] Loaded additional certificates from /lsiopy/lib/python3.14/site-packages/certifi/cacert.pem
2026-09-12 18:05:23,714::INFO::[SABnzbd:1154] Using INI file /config/sabnzbd.ini
2026-09-12 18:05:23,716::INFO::[postproc:153] Loading postproc queue
2026-09-12 18:05:23,932::INFO::[scheduler:191] Scheduling RSS interval task every 60 min (delay=5)
2026-09-12 18:05:23,932::INFO::[scheduler:200] Scheduling version check in 10 minutes and daily at 8:13
2026-09-12 18:05:23,933::INFO::[scheduler:215] Setting schedule for midnight auto history-purge
2026-09-12 18:05:23,933::INFO::[scheduler:224] Setting schedule for midnight BPS reset
2026-09-12 18:05:23,934::INFO::[scheduler:233] Setting schedule for midnight server expiration check
2026-09-12 18:05:23,934::INFO::[scheduler:242] Setting schedule for server quota check
2026-09-12 18:05:23,935::INFO::[__init__:315] All processes started
2026-09-12 18:05:23,936::INFO::[SABnzbd:333] Template location for Glitter is /app/sabnzbd/interfaces/Glitter
2026-09-12 18:05:23,936::INFO::[SABnzbd:333] Template location for Config is /app/sabnzbd/interfaces/Config
2026-09-12 18:05:23,937::INFO::[misc:1469] [N/A] Running external command: ['/usr/bin/unrar']
2026-09-12 18:05:24,051::INFO::[misc:1469] [N/A] Running external command: ['/usr/bin/7zz']
2026-09-12 18:05:24,062::INFO::[misc:1469] [N/A] Running external command: ['/usr/local/bin/par2', '-V']
2026-09-12 18:05:24,072::INFO::[SABnzbd:418] SABCTools module (v9.6.3)... found!
2026-09-12 18:05:24,072::INFO::[SABnzbd:419] SABCTools module is using SIMD set: AVX2
2026-09-12 18:05:24,072::INFO::[SABnzbd:420] SABCTools module is linked to OpenSSL: True
2026-09-12 18:05:24,072::INFO::[SABnzbd:437] Cryptography module (v50.0.1)... found!
2026-09-12 18:05:24,073::INFO::[SABnzbd:440] par2 binary... found (/usr/local/bin/par2)
2026-09-12 18:05:24,073::INFO::[SABnzbd:447] UNRAR binary... found (/usr/bin/unrar)
2026-09-12 18:05:24,073::INFO::[SABnzbd:455] UNRAR binary version 7.23
2026-09-12 18:05:24,073::INFO::[SABnzbd:462] 7za binary... found (/usr/bin/7zz)
2026-09-12 18:05:24,073::INFO::[SABnzbd:464] 7za binary version 26.01
2026-09-12 18:05:24,073::INFO::[SABnzbd:470] nice binary... found (/bin/nice)
2026-09-12 18:05:24,073::INFO::[SABnzbd:474] ionice binary... found (/bin/ionice)
2026-09-12 18:05:24,074::INFO::[SABnzbd:1351] Starting web-interface on :::8080
2026-09-12 18:05:24,074::INFO::[_cplogging:213] [12/Sep/2026:18:05:24] ENGINE Bus STARTING
2026-09-12 18:05:24,185::INFO::[_cplogging:213] [12/Sep/2026:18:05:24] ENGINE Serving on http://:::8080
2026-09-12 18:05:24,185::INFO::[_cplogging:213] [12/Sep/2026:18:05:24] ENGINE Bus STARTED
2026-09-12 18:05:24,185::INFO::[SABnzbd:1390] Starting SABnzbd.py-5.1.3
2026-09-12 18:05:24,264::INFO::[dirscanner:121] Dirscanner starting up
2026-09-12 18:05:24,276::INFO::[panic:229] Launching browser with http://127.0.0.1:8080
2026-09-12 18:05:24,277::INFO::[notifier:169] Sending notification: SABnzbd - SABnzbd 5.1.3 started (type=startup, job_cat=None)
2026-09-12 18:05:24,277::INFO::[__init__:486] Commit = a647f73426cb70ad60ae7964b96c2d5e939b4727
2026-09-12 18:05:24,277::INFO::[__init__:487] Python-version = 3.14.7 (main, Aug 15 2026, 07:18:27) [GCC 15.2.0]
2026-09-12 18:05:24,277::INFO::[__init__:488] CPU architecture = x86_64
2026-09-12 18:05:24,277::INFO::[__init__:489] Platform = Docker
2026-09-12 18:05:24,277::INFO::[__init__:490] JSON-module = orjson 3.11.9
2026-09-12 18:05:24,277::INFO::[__init__:491] Preferred encoding = UTF-8
2026-09-12 18:05:24,277::INFO::[__init__:492] SSL version = OpenSSL 3.5.8 25 Aug 2026
2026-09-12 18:05:24,316::INFO::[zconfig:61] No bonjour/zeroconf support installed
2026-09-12 18:05:24,322::INFO::[ssdp:109] Serving SSDP on 10.69.90.82 as SABnzbd
2026-09-12 18:08:33,195::INFO::[__init__:208] Signal 15 caught, saving and exiting...
2026-09-12 18:08:33,196::INFO::[__init__:444] [N/A] Performing SABnzbd shutdown
2026-09-12 18:08:33,197::INFO::[__init__:348] SABnzbd shutting down...
2026-09-12 18:08:33,197::INFO::[ssdp:103] Stopping SSDP
2026-09-12 18:08:33,201::INFO::[directunpacker:554] Aborting all DirectUnpackers
2026-09-12 18:08:33,219::INFO::[notifier:169] Sending notification: SABnzbd - Shutting down (type=startup, job_cat=None)
2026-09-12 18:08:33,222::INFO::[downloader:690] Shutting down
2026-09-12 18:08:33,234::INFO::[nzbqueue:241] Saving queue
2026-09-12 18:08:33,236::INFO::[postproc:146] Saving postproc queue
2026-09-12 18:08:33,238::INFO::[__init__:424] All processes stopped
2026-09-12 18:08:33,239::INFO::[_cplogging:213] [12/Sep/2026:18:08:33] ENGINE Bus STOPPING
2026-09-12 18:08:33,606::INFO::[_cplogging:213] [12/Sep/2026:18:08:33] ENGINE HTTP Server cherrypy._cpwsgi_server.CPWSGIServer(('::', 8080)) shut down
2026-09-12 18:08:33,607::INFO::[_cplogging:213] [12/Sep/2026:18:08:33] ENGINE Bus STOPPED
2026-09-12 18:08:33,607::INFO::[_cplogging:213] [12/Sep/2026:18:08:33] ENGINE Bus EXITING
2026-09-12 18:08:33,607::INFO::[_cplogging:213] [12/Sep/2026:18:08:33] ENGINE Bus EXITED
2026-09-12 18:08:33,607::INFO::[notifier:169] Sending notification: SABnzbd - SABnzbd shutdown finished (type=startup, job_cat=None)
2026-09-12 18:08:33,608::INFO::[SABnzbd:1491] Leaving SABnzbd
2026-09-12 18:08:42,414::INFO::[SABnzbd:1135] --------------------------------
2026-09-12 18:08:42,416::INFO::[SABnzbd:1136] SABnzbd.py-5.1.3
2026-09-12 18:08:42,416::INFO::[SABnzbd:1137] Full executable path = /app/sabnzbd/SABnzbd.py
2026-09-12 18:08:42,417::INFO::[SABnzbd:1138] Arguments = "/app/sabnzbd/SABnzbd.py" "--config-file" "/config" "--server" "::"
2026-09-12 18:08:42,418::INFO::[SABnzbd:1147] Certifi version = 2026.06.17
2026-09-12 18:08:42,418::INFO::[SABnzbd:1148] Loaded additional certificates from /lsiopy/lib/python3.14/site-packages/certifi/cacert.pem
2026-09-12 18:08:42,418::INFO::[SABnzbd:1154] Using INI file /config/sabnzbd.ini
2026-09-12 18:08:42,419::INFO::[postproc:153] Loading postproc queue
2026-09-12 18:08:42,420::INFO::[scheduler:191] Scheduling RSS interval task every 60 min (delay=36)
2026-09-12 18:08:42,420::INFO::[scheduler:200] Scheduling version check in 10 minutes and daily at 13:48
2026-09-12 18:08:42,421::INFO::[scheduler:215] Setting schedule for midnight auto history-purge
2026-09-12 18:08:42,423::INFO::[scheduler:224] Setting schedule for midnight BPS reset
2026-09-12 18:08:42,424::INFO::[scheduler:233] Setting schedule for midnight server expiration check
2026-09-12 18:08:42,424::INFO::[scheduler:242] Setting schedule for server quota check
2026-09-12 18:08:42,424::INFO::[__init__:315] All processes started
2026-09-12 18:08:42,424::INFO::[SABnzbd:333] Template location for Glitter is /app/sabnzbd/interfaces/Glitter
2026-09-12 18:08:42,424::INFO::[SABnzbd:333] Template location for Config is /app/sabnzbd/interfaces/Config
2026-09-12 18:08:42,425::INFO::[misc:1469] [N/A] Running external command: ['/usr/bin/unrar']
2026-09-12 18:08:42,430::INFO::[misc:1469] [N/A] Running external command: ['/usr/bin/7zz']
2026-09-12 18:08:42,435::INFO::[misc:1469] [N/A] Running external command: ['/usr/local/bin/par2', '-V']
2026-09-12 18:08:42,439::INFO::[SABnzbd:418] SABCTools module (v9.6.3)... found!
2026-09-12 18:08:42,439::INFO::[SABnzbd:419] SABCTools module is using SIMD set: AVX2
2026-09-12 18:08:42,439::INFO::[SABnzbd:420] SABCTools module is linked to OpenSSL: True
2026-09-12 18:08:42,439::INFO::[SABnzbd:437] Cryptography module (v50.0.1)... found!
2026-09-12 18:08:42,439::INFO::[SABnzbd:440] par2 binary... found (/usr/local/bin/par2)
2026-09-12 18:08:42,439::INFO::[SABnzbd:447] UNRAR binary... found (/usr/bin/unrar)
2026-09-12 18:08:42,440::INFO::[SABnzbd:455] UNRAR binary version 7.23
2026-09-12 18:08:42,440::INFO::[SABnzbd:462] 7za binary... found (/usr/bin/7zz)
2026-09-12 18:08:42,440::INFO::[SABnzbd:464] 7za binary version 26.01
2026-09-12 18:08:42,440::INFO::[SABnzbd:470] nice binary... found (/bin/nice)
2026-09-12 18:08:42,443::INFO::[SABnzbd:474] ionice binary... found (/bin/ionice)
2026-09-12 18:08:42,444::INFO::[SABnzbd:1351] Starting web-interface on :::8080
2026-09-12 18:08:42,444::INFO::[_cplogging:213] [12/Sep/2026:18:08:42] ENGINE Bus STARTING
2026-09-12 18:08:42,548::INFO::[_cplogging:213] [12/Sep/2026:18:08:42] ENGINE Serving on http://:::8080
2026-09-12 18:08:42,549::INFO::[_cplogging:213] [12/Sep/2026:18:08:42] ENGINE Bus STARTED
2026-09-12 18:08:42,549::INFO::[SABnzbd:1390] Starting SABnzbd.py-5.1.3
2026-09-12 18:08:42,555::INFO::[dirscanner:121] Dirscanner starting up
2026-09-12 18:08:42,556::INFO::[panic:229] Launching browser with http://127.0.0.1:8080
2026-09-12 18:08:42,557::INFO::[notifier:169] Sending notification: SABnzbd - SABnzbd 5.1.3 started (type=startup, job_cat=None)
2026-09-12 18:08:42,557::INFO::[__init__:486] Commit = a647f73426cb70ad60ae7964b96c2d5e939b4727
2026-09-12 18:08:42,557::INFO::[__init__:487] Python-version = 3.14.7 (main, Aug 15 2026, 07:18:27) [GCC 15.2.0]
2026-09-12 18:08:42,557::INFO::[__init__:488] CPU architecture = x86_64
2026-09-12 18:08:42,557::INFO::[__init__:489] Platform = Docker
2026-09-12 18:08:42,557::INFO::[__init__:490] JSON-module = orjson 3.11.9
2026-09-12 18:08:42,558::INFO::[__init__:491] Preferred encoding = UTF-8
2026-09-12 18:08:42,558::INFO::[__init__:492] SSL version = OpenSSL 3.5.8 25 Aug 2026
2026-09-12 18:08:42,624::INFO::[zconfig:61] No bonjour/zeroconf support installed
2026-09-12 18:08:42,632::INFO::[ssdp:109] Serving SSDP on 10.69.90.82 as SABnzbd
2026-09-12 18:23:33,028::INFO::[__init__:208] Signal 15 caught, saving and exiting...
2026-09-12 18:23:33,028::INFO::[__init__:444] [N/A] Performing SABnzbd shutdown
2026-09-12 18:23:33,028::INFO::[__init__:348] SABnzbd shutting down...
2026-09-12 18:23:33,028::INFO::[ssdp:103] Stopping SSDP
2026-09-12 18:23:33,029::INFO::[directunpacker:554] Aborting all DirectUnpackers
2026-09-12 18:23:33,031::INFO::[notifier:169] Sending notification: SABnzbd - Shutting down (type=startup, job_cat=None)
2026-09-12 18:23:33,038::INFO::[downloader:690] Shutting down
2026-09-12 18:23:33,044::INFO::[nzbqueue:241] Saving queue
2026-09-12 18:23:33,045::INFO::[postproc:146] Saving postproc queue
2026-09-12 18:23:33,045::INFO::[__init__:424] All processes stopped
2026-09-12 18:23:33,045::INFO::[_cplogging:213] [12/Sep/2026:18:23:33] ENGINE Bus STOPPING
2026-09-12 18:23:33,372::INFO::[_cplogging:213] [12/Sep/2026:18:23:33] ENGINE HTTP Server cherrypy._cpwsgi_server.CPWSGIServer(('::', 8080)) shut down
2026-09-12 18:23:33,372::INFO::[_cplogging:213] [12/Sep/2026:18:23:33] ENGINE Bus STOPPED
2026-09-12 18:23:33,373::INFO::[_cplogging:213] [12/Sep/2026:18:23:33] ENGINE Bus EXITING
2026-09-12 18:23:33,373::INFO::[_cplogging:213] [12/Sep/2026:18:23:33] ENGINE Bus EXITED
2026-09-12 18:23:33,373::INFO::[notifier:169] Sending notification: SABnzbd - SABnzbd shutdown finished (type=startup, job_cat=None)
2026-09-12 18:23:33,373::INFO::[SABnzbd:1491] Leaving SABnzbd
2026-09-12 18:23:41,460::INFO::[SABnzbd:1135] --------------------------------
2026-09-12 18:23:41,460::INFO::[SABnzbd:1136] SABnzbd.py-5.1.3
2026-09-12 18:23:41,460::INFO::[SABnzbd:1137] Full executable path = /app/sabnzbd/SABnzbd.py
2026-09-12 18:23:41,460::INFO::[SABnzbd:1138] Arguments = "/app/sabnzbd/SABnzbd.py" "--config-file" "/config" "--server" "::"
2026-09-12 18:23:41,461::INFO::[SABnzbd:1147] Certifi version = 2026.06.17
2026-09-12 18:23:41,462::INFO::[SABnzbd:1148] Loaded additional certificates from /lsiopy/lib/python3.14/site-packages/certifi/cacert.pem
2026-09-12 18:23:41,462::INFO::[SABnzbd:1154] Using INI file /config/sabnzbd.ini
2026-09-12 18:23:41,464::INFO::[postproc:153] Loading postproc queue
2026-09-12 18:23:41,465::INFO::[scheduler:191] Scheduling RSS interval task every 60 min (delay=54)
2026-09-12 18:23:41,465::INFO::[scheduler:200] Scheduling version check in 10 minutes and daily at 18:28
2026-09-12 18:23:41,465::INFO::[scheduler:215] Setting schedule for midnight auto history-purge
2026-09-12 18:23:41,466::INFO::[scheduler:224] Setting schedule for midnight BPS reset
2026-09-12 18:23:41,466::INFO::[scheduler:233] Setting schedule for midnight server expiration check
2026-09-12 18:23:41,466::INFO::[scheduler:242] Setting schedule for server quota check
2026-09-12 18:23:41,466::INFO::[__init__:315] All processes started
2026-09-12 18:23:41,466::INFO::[SABnzbd:333] Template location for Glitter is /app/sabnzbd/interfaces/Glitter
2026-09-12 18:23:41,466::INFO::[SABnzbd:333] Template location for Config is /app/sabnzbd/interfaces/Config
2026-09-12 18:23:41,467::INFO::[misc:1469] [N/A] Running external command: ['/usr/bin/unrar']
2026-09-12 18:23:41,470::INFO::[misc:1469] [N/A] Running external command: ['/usr/bin/7zz']
2026-09-12 18:23:41,475::INFO::[misc:1469] [N/A] Running external command: ['/usr/local/bin/par2', '-V']
2026-09-12 18:23:41,480::INFO::[SABnzbd:418] SABCTools module (v9.6.3)... found!
2026-09-12 18:23:41,480::INFO::[SABnzbd:419] SABCTools module is using SIMD set: AVX2
2026-09-12 18:23:41,480::INFO::[SABnzbd:420] SABCTools module is linked to OpenSSL: True
2026-09-12 18:23:41,480::INFO::[SABnzbd:437] Cryptography module (v50.0.1)... found!
2026-09-12 18:23:41,480::INFO::[SABnzbd:440] par2 binary... found (/usr/local/bin/par2)
2026-09-12 18:23:41,480::INFO::[SABnzbd:447] UNRAR binary... found (/usr/bin/unrar)
2026-09-12 18:23:41,480::INFO::[SABnzbd:455] UNRAR binary version 7.23
2026-09-12 18:23:41,481::INFO::[SABnzbd:462] 7za binary... found (/usr/bin/7zz)
2026-09-12 18:23:41,481::INFO::[SABnzbd:464] 7za binary version 26.01
2026-09-12 18:23:41,481::INFO::[SABnzbd:470] nice binary... found (/bin/nice)
2026-09-12 18:23:41,481::INFO::[SABnzbd:474] ionice binary... found (/bin/ionice)
2026-09-12 18:23:41,482::INFO::[SABnzbd:1351] Starting web-interface on :::8080
2026-09-12 18:23:41,482::INFO::[_cplogging:213] [12/Sep/2026:18:23:41] ENGINE Bus STARTING
2026-09-12 18:23:41,588::INFO::[_cplogging:213] [12/Sep/2026:18:23:41] ENGINE Serving on http://:::8080
2026-09-12 18:23:41,588::INFO::[_cplogging:213] [12/Sep/2026:18:23:41] ENGINE Bus STARTED
2026-09-12 18:23:41,588::INFO::[SABnzbd:1390] Starting SABnzbd.py-5.1.3
2026-09-12 18:23:41,598::INFO::[dirscanner:121] Dirscanner starting up
2026-09-12 18:23:41,602::INFO::[panic:229] Launching browser with http://127.0.0.1:8080
2026-09-12 18:23:41,602::INFO::[notifier:169] Sending notification: SABnzbd - SABnzbd 5.1.3 started (type=startup, job_cat=None)
2026-09-12 18:23:41,604::INFO::[__init__:486] Commit = a647f73426cb70ad60ae7964b96c2d5e939b4727
2026-09-12 18:23:41,604::INFO::[__init__:487] Python-version = 3.14.7 (main, Aug 15 2026, 07:18:27) [GCC 15.2.0]
2026-09-12 18:23:41,604::INFO::[__init__:488] CPU architecture = x86_64
2026-09-12 18:23:41,605::INFO::[__init__:489] Platform = Docker
2026-09-12 18:23:41,605::INFO::[__init__:490] JSON-module = orjson 3.11.9
2026-09-12 18:23:41,605::INFO::[__init__:491] Preferred encoding = UTF-8
2026-09-12 18:23:41,605::INFO::[__init__:492] SSL version = OpenSSL 3.5.8 25 Aug 2026
2026-09-12 18:23:41,625::INFO::[zconfig:61] No bonjour/zeroconf support installed
2026-09-12 18:23:41,626::INFO::[ssdp:109] Serving SSDP on 10.69.90.82 as SABnzbd
2026-09-12 18:26:22,971::INFO::[__init__:208] Signal 15 caught, saving and exiting...
2026-09-12 18:26:22,971::INFO::[__init__:444] [N/A] Performing SABnzbd shutdown
2026-09-12 18:26:22,971::INFO::[__init__:348] SABnzbd shutting down...
2026-09-12 18:26:22,971::INFO::[ssdp:103] Stopping SSDP
2026-09-12 18:26:22,994::INFO::[directunpacker:554] Aborting all DirectUnpackers
2026-09-12 18:26:22,997::INFO::[notifier:169] Sending notification: SABnzbd - Shutting down (type=startup, job_cat=None)
2026-09-12 18:26:22,997::INFO::[downloader:690] Shutting down
2026-09-12 18:26:23,008::INFO::[nzbqueue:241] Saving queue
2026-09-12 18:26:23,009::INFO::[postproc:146] Saving postproc queue
2026-09-12 18:26:23,009::INFO::[__init__:424] All processes stopped
2026-09-12 18:26:23,009::INFO::[_cplogging:213] [12/Sep/2026:18:26:23] ENGINE Bus STOPPING
2026-09-12 18:26:23,152::INFO::[_cplogging:213] [12/Sep/2026:18:26:23] ENGINE HTTP Server cherrypy._cpwsgi_server.CPWSGIServer(('::', 8080)) shut down
2026-09-12 18:26:23,152::INFO::[_cplogging:213] [12/Sep/2026:18:26:23] ENGINE Bus STOPPED
2026-09-12 18:26:23,152::INFO::[_cplogging:213] [12/Sep/2026:18:26:23] ENGINE Bus EXITING
2026-09-12 18:26:23,152::INFO::[_cplogging:213] [12/Sep/2026:18:26:23] ENGINE Bus EXITED
2026-09-12 18:26:23,152::INFO::[notifier:169] Sending notification: SABnzbd - SABnzbd shutdown finished (type=startup, job_cat=None)
2026-09-12 18:26:23,152::INFO::[SABnzbd:1491] Leaving SABnzbd
2026-09-12 18:26:32,902::INFO::[SABnzbd:1135] --------------------------------
2026-09-12 18:26:32,902::INFO::[SABnzbd:1136] SABnzbd.py-5.1.3
2026-09-12 18:26:32,902::INFO::[SABnzbd:1137] Full executable path = /app/sabnzbd/SABnzbd.py
2026-09-12 18:26:32,902::INFO::[SABnzbd:1138] Arguments = "/app/sabnzbd/SABnzbd.py" "--config-file" "/config" "--server" "::"
2026-09-12 18:26:32,905::INFO::[SABnzbd:1147] Certifi version = 2026.06.17
2026-09-12 18:26:32,906::INFO::[SABnzbd:1148] Loaded additional certificates from /lsiopy/lib/python3.14/site-packages/certifi/cacert.pem
2026-09-12 18:26:32,906::INFO::[SABnzbd:1154] Using INI file /config/sabnzbd.ini
2026-09-12 18:26:32,910::INFO::[postproc:153] Loading postproc queue
2026-09-12 18:26:32,912::INFO::[scheduler:191] Scheduling RSS interval task every 60 min (delay=6)
2026-09-12 18:26:32,912::INFO::[scheduler:200] Scheduling version check in 10 minutes and daily at 16:36
2026-09-12 18:26:32,912::INFO::[scheduler:215] Setting schedule for midnight auto history-purge
2026-09-12 18:26:32,912::INFO::[scheduler:224] Setting schedule for midnight BPS reset
2026-09-12 18:26:32,912::INFO::[scheduler:233] Setting schedule for midnight server expiration check
2026-09-12 18:26:32,914::INFO::[scheduler:242] Setting schedule for server quota check
2026-09-12 18:26:32,915::INFO::[__init__:315] All processes started
2026-09-12 18:26:32,915::INFO::[SABnzbd:333] Template location for Glitter is /app/sabnzbd/interfaces/Glitter
2026-09-12 18:26:32,915::INFO::[SABnzbd:333] Template location for Config is /app/sabnzbd/interfaces/Config
2026-09-12 18:26:32,916::INFO::[misc:1469] [N/A] Running external command: ['/usr/bin/unrar']
2026-09-12 18:26:32,919::INFO::[misc:1469] [N/A] Running external command: ['/usr/bin/7zz']
2026-09-12 18:26:32,930::INFO::[misc:1469] [N/A] Running external command: ['/usr/local/bin/par2', '-V']
2026-09-12 18:26:32,938::INFO::[SABnzbd:418] SABCTools module (v9.6.3)... found!
2026-09-12 18:26:32,939::INFO::[SABnzbd:419] SABCTools module is using SIMD set: AVX2
2026-09-12 18:26:32,939::INFO::[SABnzbd:420] SABCTools module is linked to OpenSSL: True
2026-09-12 18:26:32,939::INFO::[SABnzbd:437] Cryptography module (v50.0.1)... found!
2026-09-12 18:26:32,939::INFO::[SABnzbd:440] par2 binary... found (/usr/local/bin/par2)
2026-09-12 18:26:32,939::INFO::[SABnzbd:447] UNRAR binary... found (/usr/bin/unrar)
2026-09-12 18:26:32,939::INFO::[SABnzbd:455] UNRAR binary version 7.23
2026-09-12 18:26:32,939::INFO::[SABnzbd:462] 7za binary... found (/usr/bin/7zz)
2026-09-12 18:26:32,939::INFO::[SABnzbd:464] 7za binary version 26.01
2026-09-12 18:26:32,939::INFO::[SABnzbd:470] nice binary... found (/bin/nice)
2026-09-12 18:26:32,939::INFO::[SABnzbd:474] ionice binary... found (/bin/ionice)
2026-09-12 18:26:32,940::INFO::[SABnzbd:1351] Starting web-interface on :::8080
2026-09-12 18:26:32,940::INFO::[_cplogging:213] [12/Sep/2026:18:26:32] ENGINE Bus STARTING
2026-09-12 18:26:33,060::INFO::[_cplogging:213] [12/Sep/2026:18:26:33] ENGINE Serving on http://:::8080
2026-09-12 18:26:33,060::INFO::[_cplogging:213] [12/Sep/2026:18:26:33] ENGINE Bus STARTED
2026-09-12 18:26:33,060::INFO::[SABnzbd:1390] Starting SABnzbd.py-5.1.3
2026-09-12 18:26:33,067::INFO::[dirscanner:121] Dirscanner starting up
2026-09-12 18:26:33,068::INFO::[panic:229] Launching browser with http://127.0.0.1:8080
2026-09-12 18:26:33,069::INFO::[notifier:169] Sending notification: SABnzbd - SABnzbd 5.1.3 started (type=startup, job_cat=None)
2026-09-12 18:26:33,072::INFO::[__init__:486] Commit = a647f73426cb70ad60ae7964b96c2d5e939b4727
2026-09-12 18:26:33,072::INFO::[__init__:487] Python-version = 3.14.7 (main, Aug 15 2026, 07:18:27) [GCC 15.2.0]
2026-09-12 18:26:33,073::INFO::[__init__:488] CPU architecture = x86_64
2026-09-12 18:26:33,073::INFO::[__init__:489] Platform = Docker
2026-09-12 18:26:33,073::INFO::[__init__:490] JSON-module = orjson 3.11.9
2026-09-12 18:26:33,073::INFO::[__init__:491] Preferred encoding = UTF-8
2026-09-12 18:26:33,073::INFO::[__init__:492] SSL version = OpenSSL 3.5.8 25 Aug 2026
2026-09-12 18:26:33,101::INFO::[zconfig:61] No bonjour/zeroconf support installed
2026-09-12 18:26:33,101::INFO::[ssdp:109] Serving SSDP on 10.69.90.82 as SABnzbd
2026-09-12 18:38:30,632::INFO::[__init__:208] Signal 15 caught, saving and exiting...
2026-09-12 18:38:30,633::INFO::[__init__:444] [N/A] Performing SABnzbd shutdown
2026-09-12 18:38:30,633::INFO::[__init__:348] SABnzbd shutting down...
2026-09-12 18:38:30,633::INFO::[ssdp:103] Stopping SSDP
2026-09-12 18:38:30,634::INFO::[directunpacker:554] Aborting all DirectUnpackers
2026-09-12 18:38:30,635::INFO::[notifier:169] Sending notification: SABnzbd - Shutting down (type=startup, job_cat=None)
2026-09-12 18:38:30,635::INFO::[downloader:690] Shutting down
2026-09-12 18:38:30,636::INFO::[nzbqueue:241] Saving queue
2026-09-12 18:38:30,637::INFO::[postproc:146] Saving postproc queue
2026-09-12 18:38:30,637::INFO::[__init__:424] All processes stopped
2026-09-12 18:38:30,637::INFO::[_cplogging:213] [12/Sep/2026:18:38:30] ENGINE Bus STOPPING
2026-09-12 18:38:30,925::INFO::[_cplogging:213] [12/Sep/2026:18:38:30] ENGINE HTTP Server cherrypy._cpwsgi_server.CPWSGIServer(('::', 8080)) shut down
2026-09-12 18:38:30,926::INFO::[_cplogging:213] [12/Sep/2026:18:38:30] ENGINE Bus STOPPED
2026-09-12 18:38:30,926::INFO::[_cplogging:213] [12/Sep/2026:18:38:30] ENGINE Bus EXITING
2026-09-12 18:38:30,926::INFO::[_cplogging:213] [12/Sep/2026:18:38:30] ENGINE Bus EXITED
2026-09-12 18:38:30,927::INFO::[notifier:169] Sending notification: SABnzbd - SABnzbd shutdown finished (type=startup, job_cat=None)
2026-09-12 18:38:30,927::INFO::[SABnzbd:1491] Leaving SABnzbd
2026-09-12 18:44:28,350::INFO::[SABnzbd:1135] --------------------------------
2026-09-12 18:44:28,351::INFO::[SABnzbd:1136] SABnzbd.py-5.1.3
2026-09-12 18:44:28,351::INFO::[SABnzbd:1137] Full executable path = /app/sabnzbd/SABnzbd.py
2026-09-12 18:44:28,351::INFO::[SABnzbd:1138] Arguments = "/app/sabnzbd/SABnzbd.py" "--config-file" "/config" "--server" "::"
2026-09-12 18:44:28,352::INFO::[SABnzbd:1147] Certifi version = 2026.06.17
2026-09-12 18:44:28,355::INFO::[SABnzbd:1148] Loaded additional certificates from /lsiopy/lib/python3.14/site-packages/certifi/cacert.pem
2026-09-12 18:44:28,355::INFO::[SABnzbd:1154] Using INI file /config/sabnzbd.ini
2026-09-12 18:44:28,357::INFO::[postproc:153] Loading postproc queue
2026-09-12 18:44:28,357::INFO::[scheduler:191] Scheduling RSS interval task every 60 min (delay=0)
2026-09-12 18:44:28,358::INFO::[scheduler:200] Scheduling version check in 10 minutes and daily at 0:7
2026-09-12 18:44:28,358::INFO::[scheduler:215] Setting schedule for midnight auto history-purge
2026-09-12 18:44:28,358::INFO::[scheduler:224] Setting schedule for midnight BPS reset
2026-09-12 18:44:28,358::INFO::[scheduler:233] Setting schedule for midnight server expiration check
2026-09-12 18:44:28,358::INFO::[scheduler:242] Setting schedule for server quota check
2026-09-12 18:44:28,358::INFO::[__init__:315] All processes started
2026-09-12 18:44:28,359::INFO::[SABnzbd:333] Template location for Glitter is /app/sabnzbd/interfaces/Glitter
2026-09-12 18:44:28,359::INFO::[SABnzbd:333] Template location for Config is /app/sabnzbd/interfaces/Config
2026-09-12 18:44:28,359::INFO::[misc:1469] [N/A] Running external command: ['/usr/bin/unrar']
2026-09-12 18:44:28,365::INFO::[misc:1469] [N/A] Running external command: ['/usr/bin/7zz']
2026-09-12 18:44:28,371::INFO::[misc:1469] [N/A] Running external command: ['/usr/local/bin/par2', '-V']
2026-09-12 18:44:28,375::INFO::[SABnzbd:418] SABCTools module (v9.6.3)... found!
2026-09-12 18:44:28,375::INFO::[SABnzbd:419] SABCTools module is using SIMD set: AVX2
2026-09-12 18:44:28,376::INFO::[SABnzbd:420] SABCTools module is linked to OpenSSL: True
2026-09-12 18:44:28,376::INFO::[SABnzbd:437] Cryptography module (v50.0.1)... found!
2026-09-12 18:44:28,376::INFO::[SABnzbd:440] par2 binary... found (/usr/local/bin/par2)
2026-09-12 18:44:28,376::INFO::[SABnzbd:447] UNRAR binary... found (/usr/bin/unrar)
2026-09-12 18:44:28,376::INFO::[SABnzbd:455] UNRAR binary version 7.23
2026-09-12 18:44:28,377::INFO::[SABnzbd:462] 7za binary... found (/usr/bin/7zz)
2026-09-12 18:44:28,378::INFO::[SABnzbd:464] 7za binary version 26.01
2026-09-12 18:44:28,378::INFO::[SABnzbd:470] nice binary... found (/bin/nice)
2026-09-12 18:44:28,378::INFO::[SABnzbd:474] ionice binary... found (/bin/ionice)
2026-09-12 18:44:28,379::INFO::[SABnzbd:1351] Starting web-interface on :::8080
2026-09-12 18:44:28,381::INFO::[_cplogging:213] [12/Sep/2026:18:44:28] ENGINE Bus STARTING
2026-09-12 18:44:28,486::INFO::[_cplogging:213] [12/Sep/2026:18:44:28] ENGINE Serving on http://:::8080
2026-09-12 18:44:28,486::INFO::[_cplogging:213] [12/Sep/2026:18:44:28] ENGINE Bus STARTED
2026-09-12 18:44:28,486::INFO::[SABnzbd:1390] Starting SABnzbd.py-5.1.3
2026-09-12 18:44:28,527::INFO::[dirscanner:121] Dirscanner starting up
2026-09-12 18:44:28,531::INFO::[panic:229] Launching browser with http://127.0.0.1:8080
2026-09-12 18:44:28,532::INFO::[notifier:169] Sending notification: SABnzbd - SABnzbd 5.1.3 started (type=startup, job_cat=None)
2026-09-12 18:44:28,532::INFO::[__init__:486] Commit = a647f73426cb70ad60ae7964b96c2d5e939b4727
2026-09-12 18:44:28,532::INFO::[__init__:487] Python-version = 3.14.7 (main, Aug 15 2026, 07:18:27) [GCC 15.2.0]
2026-09-12 18:44:28,532::INFO::[__init__:488] CPU architecture = x86_64
2026-09-12 18:44:28,532::INFO::[__init__:489] Platform = Docker
2026-09-12 18:44:28,533::INFO::[__init__:490] JSON-module = orjson 3.11.9
2026-09-12 18:44:28,533::INFO::[__init__:491] Preferred encoding = UTF-8
2026-09-12 18:44:28,533::INFO::[__init__:492] SSL version = OpenSSL 3.5.8 25 Aug 2026
2026-09-12 18:44:28,554::INFO::[zconfig:61] No bonjour/zeroconf support installed
2026-09-12 18:44:28,555::INFO::[ssdp:109] Serving SSDP on 10.69.90.82 as SABnzbd
2026-09-12 18:58:14,067::INFO::[__init__:208] Signal 15 caught, saving and exiting...
2026-09-12 18:58:14,067::INFO::[__init__:444] [N/A] Performing SABnzbd shutdown
2026-09-12 18:58:14,067::INFO::[__init__:348] SABnzbd shutting down...
2026-09-12 18:58:14,068::INFO::[ssdp:103] Stopping SSDP
2026-09-12 18:58:14,069::INFO::[directunpacker:554] Aborting all DirectUnpackers
2026-09-12 18:58:14,077::INFO::[notifier:169] Sending notification: SABnzbd - Shutting down (type=startup, job_cat=None)
2026-09-12 18:58:14,080::INFO::[downloader:690] Shutting down
2026-09-12 18:58:14,089::INFO::[nzbqueue:241] Saving queue
2026-09-12 18:58:14,089::INFO::[postproc:146] Saving postproc queue
2026-09-12 18:58:14,090::INFO::[__init__:424] All processes stopped
2026-09-12 18:58:14,090::INFO::[_cplogging:213] [12/Sep/2026:18:58:14] ENGINE Bus STOPPING
2026-09-12 18:58:14,206::INFO::[_cplogging:213] [12/Sep/2026:18:58:14] ENGINE HTTP Server cherrypy._cpwsgi_server.CPWSGIServer(('::', 8080)) shut down
2026-09-12 18:58:14,206::INFO::[_cplogging:213] [12/Sep/2026:18:58:14] ENGINE Bus STOPPED
2026-09-12 18:58:14,206::INFO::[_cplogging:213] [12/Sep/2026:18:58:14] ENGINE Bus EXITING
2026-09-12 18:58:14,206::INFO::[_cplogging:213] [12/Sep/2026:18:58:14] ENGINE Bus EXITED
2026-09-12 18:58:14,206::INFO::[notifier:169] Sending notification: SABnzbd - SABnzbd shutdown finished (type=startup, job_cat=None)
2026-09-12 18:58:14,206::INFO::[SABnzbd:1491] Leaving SABnzbd
2026-09-12 18:58:20,620::INFO::[SABnzbd:1135] --------------------------------
2026-09-12 18:58:20,620::INFO::[SABnzbd:1136] SABnzbd.py-5.1.3
2026-09-12 18:58:20,620::INFO::[SABnzbd:1137] Full executable path = /app/sabnzbd/SABnzbd.py
2026-09-12 18:58:20,621::INFO::[SABnzbd:1138] Arguments = "/app/sabnzbd/SABnzbd.py" "--config-file" "/config" "--server" "::"
2026-09-12 18:58:20,622::INFO::[SABnzbd:1147] Certifi version = 2026.06.17
2026-09-12 18:58:20,622::INFO::[SABnzbd:1148] Loaded additional certificates from /lsiopy/lib/python3.14/site-packages/certifi/cacert.pem
2026-09-12 18:58:20,623::INFO::[SABnzbd:1154] Using INI file /config/sabnzbd.ini
2026-09-12 18:58:20,629::INFO::[postproc:153] Loading postproc queue
2026-09-12 18:58:20,633::INFO::[scheduler:191] Scheduling RSS interval task every 60 min (delay=8)
2026-09-12 18:58:20,633::INFO::[scheduler:200] Scheduling version check in 10 minutes and daily at 6:13
2026-09-12 18:58:20,633::INFO::[scheduler:215] Setting schedule for midnight auto history-purge
2026-09-12 18:58:20,633::INFO::[scheduler:224] Setting schedule for midnight BPS reset
2026-09-12 18:58:20,634::INFO::[scheduler:233] Setting schedule for midnight server expiration check
2026-09-12 18:58:20,634::INFO::[scheduler:242] Setting schedule for server quota check
2026-09-12 18:58:20,634::INFO::[__init__:315] All processes started
2026-09-12 18:58:20,634::INFO::[SABnzbd:333] Template location for Glitter is /app/sabnzbd/interfaces/Glitter
2026-09-12 18:58:20,637::INFO::[SABnzbd:333] Template location for Config is /app/sabnzbd/interfaces/Config
2026-09-12 18:58:20,637::INFO::[misc:1469] [N/A] Running external command: ['/usr/bin/unrar']
2026-09-12 18:58:20,640::INFO::[misc:1469] [N/A] Running external command: ['/usr/bin/7zz']
2026-09-12 18:58:20,645::INFO::[misc:1469] [N/A] Running external command: ['/usr/local/bin/par2', '-V']
2026-09-12 18:58:20,649::INFO::[SABnzbd:418] SABCTools module (v9.6.3)... found!
2026-09-12 18:58:20,650::INFO::[SABnzbd:419] SABCTools module is using SIMD set: AVX2
2026-09-12 18:58:20,650::INFO::[SABnzbd:420] SABCTools module is linked to OpenSSL: True
2026-09-12 18:58:20,650::INFO::[SABnzbd:437] Cryptography module (v50.0.1)... found!
2026-09-12 18:58:20,650::INFO::[SABnzbd:440] par2 binary... found (/usr/local/bin/par2)
2026-09-12 18:58:20,651::INFO::[SABnzbd:447] UNRAR binary... found (/usr/bin/unrar)
2026-09-12 18:58:20,651::INFO::[SABnzbd:455] UNRAR binary version 7.23
2026-09-12 18:58:20,665::INFO::[SABnzbd:462] 7za binary... found (/usr/bin/7zz)
2026-09-12 18:58:20,665::INFO::[SABnzbd:464] 7za binary version 26.01
2026-09-12 18:58:20,665::INFO::[SABnzbd:470] nice binary... found (/bin/nice)
2026-09-12 18:58:20,666::INFO::[SABnzbd:474] ionice binary... found (/bin/ionice)
2026-09-12 18:58:20,669::INFO::[SABnzbd:1351] Starting web-interface on :::8080
2026-09-12 18:58:20,670::INFO::[_cplogging:213] [12/Sep/2026:18:58:20] ENGINE Bus STARTING
2026-09-12 18:58:20,777::INFO::[_cplogging:213] [12/Sep/2026:18:58:20] ENGINE Serving on http://:::8080
2026-09-12 18:58:20,777::INFO::[_cplogging:213] [12/Sep/2026:18:58:20] ENGINE Bus STARTED
2026-09-12 18:58:20,778::INFO::[SABnzbd:1390] Starting SABnzbd.py-5.1.3
2026-09-12 18:58:20,785::INFO::[dirscanner:121] Dirscanner starting up
2026-09-12 18:58:20,788::INFO::[panic:229] Launching browser with http://127.0.0.1:8080
2026-09-12 18:58:20,788::INFO::[notifier:169] Sending notification: SABnzbd - SABnzbd 5.1.3 started (type=startup, job_cat=None)
2026-09-12 18:58:20,790::INFO::[__init__:486] Commit = a647f73426cb70ad60ae7964b96c2d5e939b4727
2026-09-12 18:58:20,790::INFO::[__init__:487] Python-version = 3.14.7 (main, Aug 15 2026, 07:18:27) [GCC 15.2.0]
2026-09-12 18:58:20,790::INFO::[__init__:488] CPU architecture = x86_64
2026-09-12 18:58:20,790::INFO::[__init__:489] Platform = Docker
2026-09-12 18:58:20,790::INFO::[__init__:490] JSON-module = orjson 3.11.9
2026-09-12 18:58:20,791::INFO::[__init__:491] Preferred encoding = UTF-8
2026-09-12 18:58:20,791::INFO::[__init__:492] SSL version = OpenSSL 3.5.8 25 Aug 2026
2026-09-12 18:58:20,849::INFO::[zconfig:61] No bonjour/zeroconf support installed
2026-09-12 18:58:20,849::INFO::[ssdp:109] Serving SSDP on 10.69.90.82 as SABnzbd
2026-09-12 19:41:33,421::INFO::[__init__:208] Signal 15 caught, saving and exiting...
2026-09-12 19:41:33,422::INFO::[__init__:444] [N/A] Performing SABnzbd shutdown
2026-09-12 19:41:33,422::INFO::[__init__:348] SABnzbd shutting down...
2026-09-12 19:41:33,422::INFO::[ssdp:103] Stopping SSDP
2026-09-12 19:41:33,440::INFO::[directunpacker:554] Aborting all DirectUnpackers
2026-09-12 19:41:33,459::INFO::[notifier:169] Sending notification: SABnzbd - Shutting down (type=startup, job_cat=None)
2026-09-12 19:41:33,479::INFO::[downloader:690] Shutting down
2026-09-12 19:41:33,483::INFO::[nzbqueue:241] Saving queue
2026-09-12 19:41:33,484::INFO::[postproc:146] Saving postproc queue
2026-09-12 19:41:33,484::INFO::[__init__:424] All processes stopped
2026-09-12 19:41:33,484::INFO::[_cplogging:213] [12/Sep/2026:19:41:33] ENGINE Bus STOPPING
2026-09-12 19:41:33,520::INFO::[_cplogging:213] [12/Sep/2026:19:41:33] ENGINE HTTP Server cherrypy._cpwsgi_server.CPWSGIServer(('::', 8080)) shut down
2026-09-12 19:41:33,520::INFO::[_cplogging:213] [12/Sep/2026:19:41:33] ENGINE Bus STOPPED
2026-09-12 19:41:33,520::INFO::[_cplogging:213] [12/Sep/2026:19:41:33] ENGINE Bus EXITING
2026-09-12 19:41:33,520::INFO::[_cplogging:213] [12/Sep/2026:19:41:33] ENGINE Bus EXITED
2026-09-12 19:41:33,520::INFO::[notifier:169] Sending notification: SABnzbd - SABnzbd shutdown finished (type=startup, job_cat=None)
2026-09-12 19:41:33,521::INFO::[SABnzbd:1491] Leaving SABnzbd
2026-09-12 19:41:44,764::INFO::[SABnzbd:1135] --------------------------------
2026-09-12 19:41:44,765::INFO::[SABnzbd:1136] SABnzbd.py-5.1.3
2026-09-12 19:41:44,765::INFO::[SABnzbd:1137] Full executable path = /app/sabnzbd/SABnzbd.py
2026-09-12 19:41:44,765::INFO::[SABnzbd:1138] Arguments = "/app/sabnzbd/SABnzbd.py" "--config-file" "/config" "--server" "::"
2026-09-12 19:41:44,769::INFO::[SABnzbd:1147] Certifi version = 2026.06.17
2026-09-12 19:41:44,769::INFO::[SABnzbd:1148] Loaded additional certificates from /lsiopy/lib/python3.14/site-packages/certifi/cacert.pem
2026-09-12 19:41:44,769::INFO::[SABnzbd:1154] Using INI file /config/sabnzbd.ini
2026-09-12 19:41:44,771::INFO::[postproc:153] Loading postproc queue
2026-09-12 19:41:44,772::INFO::[scheduler:191] Scheduling RSS interval task every 60 min (delay=57)
2026-09-12 19:41:44,772::INFO::[scheduler:200] Scheduling version check in 10 minutes and daily at 17:34
2026-09-12 19:41:44,772::INFO::[scheduler:215] Setting schedule for midnight auto history-purge
2026-09-12 19:41:44,772::INFO::[scheduler:224] Setting schedule for midnight BPS reset
2026-09-12 19:41:44,772::INFO::[scheduler:233] Setting schedule for midnight server expiration check
2026-09-12 19:41:44,772::INFO::[scheduler:242] Setting schedule for server quota check
2026-09-12 19:41:44,778::INFO::[__init__:315] All processes started
2026-09-12 19:41:44,778::INFO::[SABnzbd:333] Template location for Glitter is /app/sabnzbd/interfaces/Glitter
2026-09-12 19:41:44,778::INFO::[SABnzbd:333] Template location for Config is /app/sabnzbd/interfaces/Config
2026-09-12 19:41:44,778::INFO::[misc:1469] [N/A] Running external command: ['/usr/bin/unrar']
2026-09-12 19:41:44,786::INFO::[misc:1469] [N/A] Running external command: ['/usr/bin/7zz']
2026-09-12 19:41:44,792::INFO::[misc:1469] [N/A] Running external command: ['/usr/local/bin/par2', '-V']
2026-09-12 19:41:44,795::INFO::[SABnzbd:418] SABCTools module (v9.6.3)... found!
2026-09-12 19:41:44,796::INFO::[SABnzbd:419] SABCTools module is using SIMD set: AVX2
2026-09-12 19:41:44,796::INFO::[SABnzbd:420] SABCTools module is linked to OpenSSL: True
2026-09-12 19:41:44,796::INFO::[SABnzbd:437] Cryptography module (v50.0.1)... found!
2026-09-12 19:41:44,796::INFO::[SABnzbd:440] par2 binary... found (/usr/local/bin/par2)
2026-09-12 19:41:44,796::INFO::[SABnzbd:447] UNRAR binary... found (/usr/bin/unrar)
2026-09-12 19:41:44,796::INFO::[SABnzbd:455] UNRAR binary version 7.23
2026-09-12 19:41:44,796::INFO::[SABnzbd:462] 7za binary... found (/usr/bin/7zz)
2026-09-12 19:41:44,796::INFO::[SABnzbd:464] 7za binary version 26.01
2026-09-12 19:41:44,796::INFO::[SABnzbd:470] nice binary... found (/bin/nice)
2026-09-12 19:41:44,796::INFO::[SABnzbd:474] ionice binary... found (/bin/ionice)
2026-09-12 19:41:44,797::INFO::[SABnzbd:1351] Starting web-interface on :::8080
2026-09-12 19:41:44,797::INFO::[_cplogging:213] [12/Sep/2026:19:41:44] ENGINE Bus STARTING
2026-09-12 19:41:44,900::INFO::[_cplogging:213] [12/Sep/2026:19:41:44] ENGINE Serving on http://:::8080
2026-09-12 19:41:44,900::INFO::[_cplogging:213] [12/Sep/2026:19:41:44] ENGINE Bus STARTED
2026-09-12 19:41:44,900::INFO::[SABnzbd:1390] Starting SABnzbd.py-5.1.3
2026-09-12 19:41:44,905::INFO::[dirscanner:121] Dirscanner starting up
2026-09-12 19:41:44,905::INFO::[panic:229] Launching browser with http://127.0.0.1:8080
2026-09-12 19:41:44,906::INFO::[notifier:169] Sending notification: SABnzbd - SABnzbd 5.1.3 started (type=startup, job_cat=None)
2026-09-12 19:41:44,906::INFO::[__init__:486] Commit = a647f73426cb70ad60ae7964b96c2d5e939b4727
2026-09-12 19:41:44,906::INFO::[__init__:487] Python-version = 3.14.7 (main, Aug 15 2026, 07:18:27) [GCC 15.2.0]
2026-09-12 19:41:44,907::INFO::[__init__:488] CPU architecture = x86_64
2026-09-12 19:41:44,907::INFO::[__init__:489] Platform = Docker
2026-09-12 19:41:44,907::INFO::[__init__:490] JSON-module = orjson 3.11.9
2026-09-12 19:41:44,907::INFO::[__init__:491] Preferred encoding = UTF-8
2026-09-12 19:41:44,907::INFO::[__init__:492] SSL version = OpenSSL 3.5.8 25 Aug 2026
2026-09-12 19:41:44,934::INFO::[zconfig:61] No bonjour/zeroconf support installed
2026-09-12 19:41:44,934::INFO::[ssdp:109] Serving SSDP on 10.69.90.82 as SABnzbd
2026-09-12 19:48:03,642::INFO::[__init__:208] Signal 15 caught, saving and exiting...
2026-09-12 19:48:03,643::INFO::[__init__:444] [N/A] Performing SABnzbd shutdown
2026-09-12 19:48:03,643::INFO::[__init__:348] SABnzbd shutting down...
2026-09-12 19:48:03,643::INFO::[ssdp:103] Stopping SSDP
2026-09-12 19:48:03,645::INFO::[directunpacker:554] Aborting all DirectUnpackers
2026-09-12 19:48:03,646::INFO::[notifier:169] Sending notification: SABnzbd - Shutting down (type=startup, job_cat=None)
2026-09-12 19:48:03,646::INFO::[downloader:690] Shutting down
2026-09-12 19:48:03,652::INFO::[nzbqueue:241] Saving queue
2026-09-12 19:48:03,664::INFO::[postproc:146] Saving postproc queue
2026-09-12 19:48:03,666::INFO::[__init__:424] All processes stopped
2026-09-12 19:48:03,668::INFO::[_cplogging:213] [12/Sep/2026:19:48:03] ENGINE Bus STOPPING
2026-09-12 19:48:03,734::INFO::[_cplogging:213] [12/Sep/2026:19:48:03] ENGINE HTTP Server cherrypy._cpwsgi_server.CPWSGIServer(('::', 8080)) shut down
2026-09-12 19:48:03,734::INFO::[_cplogging:213] [12/Sep/2026:19:48:03] ENGINE Bus STOPPED
2026-09-12 19:48:03,734::INFO::[_cplogging:213] [12/Sep/2026:19:48:03] ENGINE Bus EXITING
2026-09-12 19:48:03,734::INFO::[_cplogging:213] [12/Sep/2026:19:48:03] ENGINE Bus EXITED
2026-09-12 19:48:03,734::INFO::[notifier:169] Sending notification: SABnzbd - SABnzbd shutdown finished (type=startup, job_cat=None)
2026-09-12 19:48:03,734::INFO::[SABnzbd:1491] Leaving SABnzbd
2026-09-12 19:51:27,953::INFO::[SABnzbd:1135] --------------------------------
2026-09-12 19:51:27,953::INFO::[SABnzbd:1136] SABnzbd.py-5.1.3
2026-09-12 19:51:27,953::INFO::[SABnzbd:1137] Full executable path = /app/sabnzbd/SABnzbd.py
2026-09-12 19:51:27,953::INFO::[SABnzbd:1138] Arguments = "/app/sabnzbd/SABnzbd.py" "--config-file" "/config" "--server" "::"
2026-09-12 19:51:27,954::INFO::[SABnzbd:1147] Certifi version = 2026.06.17
2026-09-12 19:51:27,954::INFO::[SABnzbd:1148] Loaded additional certificates from /lsiopy/lib/python3.14/site-packages/certifi/cacert.pem
2026-09-12 19:51:27,957::INFO::[SABnzbd:1154] Using INI file /config/sabnzbd.ini
2026-09-12 19:51:27,959::INFO::[postproc:153] Loading postproc queue
2026-09-12 19:51:27,962::INFO::[scheduler:191] Scheduling RSS interval task every 60 min (delay=4)
2026-09-12 19:51:27,963::INFO::[scheduler:200] Scheduling version check in 10 minutes and daily at 1:27
2026-09-12 19:51:27,965::INFO::[scheduler:215] Setting schedule for midnight auto history-purge
2026-09-12 19:51:27,966::INFO::[scheduler:224] Setting schedule for midnight BPS reset
2026-09-12 19:51:27,966::INFO::[scheduler:233] Setting schedule for midnight server expiration check
2026-09-12 19:51:27,966::INFO::[scheduler:242] Setting schedule for server quota check
2026-09-12 19:51:27,966::INFO::[__init__:315] All processes started
2026-09-12 19:51:27,969::INFO::[SABnzbd:333] Template location for Glitter is /app/sabnzbd/interfaces/Glitter
2026-09-12 19:51:27,969::INFO::[SABnzbd:333] Template location for Config is /app/sabnzbd/interfaces/Config
2026-09-12 19:51:27,970::INFO::[misc:1469] [N/A] Running external command: ['/usr/bin/unrar']
2026-09-12 19:51:27,978::INFO::[misc:1469] [N/A] Running external command: ['/usr/bin/7zz']
2026-09-12 19:51:28,005::INFO::[misc:1469] [N/A] Running external command: ['/usr/local/bin/par2', '-V']
2026-09-12 19:51:28,010::INFO::[SABnzbd:418] SABCTools module (v9.6.3)... found!
2026-09-12 19:51:28,010::INFO::[SABnzbd:419] SABCTools module is using SIMD set: AVX2
2026-09-12 19:51:28,010::INFO::[SABnzbd:420] SABCTools module is linked to OpenSSL: True
2026-09-12 19:51:28,011::INFO::[SABnzbd:437] Cryptography module (v50.0.1)... found!
2026-09-12 19:51:28,011::INFO::[SABnzbd:440] par2 binary... found (/usr/local/bin/par2)
2026-09-12 19:51:28,011::INFO::[SABnzbd:447] UNRAR binary... found (/usr/bin/unrar)
2026-09-12 19:51:28,011::INFO::[SABnzbd:455] UNRAR binary version 7.23
2026-09-12 19:51:28,011::INFO::[SABnzbd:462] 7za binary... found (/usr/bin/7zz)
2026-09-12 19:51:28,011::INFO::[SABnzbd:464] 7za binary version 26.01
2026-09-12 19:51:28,011::INFO::[SABnzbd:470] nice binary... found (/bin/nice)
2026-09-12 19:51:28,011::INFO::[SABnzbd:474] ionice binary... found (/bin/ionice)
2026-09-12 19:51:28,012::INFO::[SABnzbd:1351] Starting web-interface on :::8080
2026-09-12 19:51:28,012::INFO::[_cplogging:213] [12/Sep/2026:19:51:28] ENGINE Bus STARTING
2026-09-12 19:51:28,130::INFO::[_cplogging:213] [12/Sep/2026:19:51:28] ENGINE Serving on http://:::8080
2026-09-12 19:51:28,130::INFO::[_cplogging:213] [12/Sep/2026:19:51:28] ENGINE Bus STARTED
2026-09-12 19:51:28,130::INFO::[SABnzbd:1390] Starting SABnzbd.py-5.1.3
2026-09-12 19:51:28,138::INFO::[dirscanner:121] Dirscanner starting up
2026-09-12 19:51:28,138::INFO::[panic:229] Launching browser with http://127.0.0.1:8080
2026-09-12 19:51:28,138::INFO::[notifier:169] Sending notification: SABnzbd - SABnzbd 5.1.3 started (type=startup, job_cat=None)
2026-09-12 19:51:28,139::INFO::[__init__:486] Commit = a647f73426cb70ad60ae7964b96c2d5e939b4727
2026-09-12 19:51:28,139::INFO::[__init__:487] Python-version = 3.14.7 (main, Aug 15 2026, 07:18:27) [GCC 15.2.0]
2026-09-12 19:51:28,139::INFO::[__init__:488] CPU architecture = x86_64
2026-09-12 19:51:28,139::INFO::[__init__:489] Platform = Docker
2026-09-12 19:51:28,139::INFO::[__init__:490] JSON-module = orjson 3.11.9
2026-09-12 19:51:28,139::INFO::[__init__:491] Preferred encoding = UTF-8
2026-09-12 19:51:28,139::INFO::[__init__:492] SSL version = OpenSSL 3.5.8 25 Aug 2026
2026-09-12 19:51:28,171::INFO::[zconfig:61] No bonjour/zeroconf support installed
2026-09-12 19:51:28,172::INFO::[ssdp:109] Serving SSDP on 10.69.90.82 as SABnzbd
2026-09-12 20:03:04,784::INFO::[__init__:208] Signal 15 caught, saving and exiting...
2026-09-12 20:03:04,784::INFO::[__init__:444] [N/A] Performing SABnzbd shutdown
2026-09-12 20:03:04,785::INFO::[__init__:348] SABnzbd shutting down...
2026-09-12 20:03:04,785::INFO::[ssdp:103] Stopping SSDP
2026-09-12 20:03:04,786::INFO::[directunpacker:554] Aborting all DirectUnpackers
2026-09-12 20:03:04,787::INFO::[notifier:169] Sending notification: SABnzbd - Shutting down (type=startup, job_cat=None)
2026-09-12 20:03:04,787::INFO::[downloader:690] Shutting down
2026-09-12 20:03:04,789::INFO::[nzbqueue:241] Saving queue
2026-09-12 20:03:04,790::INFO::[postproc:146] Saving postproc queue
2026-09-12 20:03:04,790::INFO::[__init__:424] All processes stopped
2026-09-12 20:03:04,790::INFO::[_cplogging:213] [12/Sep/2026:20:03:04] ENGINE Bus STOPPING
2026-09-12 20:03:05,227::INFO::[_cplogging:213] [12/Sep/2026:20:03:05] ENGINE HTTP Server cherrypy._cpwsgi_server.CPWSGIServer(('::', 8080)) shut down
2026-09-12 20:03:05,227::INFO::[_cplogging:213] [12/Sep/2026:20:03:05] ENGINE Bus STOPPED
2026-09-12 20:03:05,227::INFO::[_cplogging:213] [12/Sep/2026:20:03:05] ENGINE Bus EXITING
2026-09-12 20:03:05,228::INFO::[_cplogging:213] [12/Sep/2026:20:03:05] ENGINE Bus EXITED
2026-09-12 20:03:05,228::INFO::[notifier:169] Sending notification: SABnzbd - SABnzbd shutdown finished (type=startup, job_cat=None)
2026-09-12 20:03:05,228::INFO::[SABnzbd:1491] Leaving SABnzbd
2026-09-12 20:03:15,830::INFO::[SABnzbd:1135] --------------------------------
2026-09-12 20:03:15,830::INFO::[SABnzbd:1136] SABnzbd.py-5.1.3
2026-09-12 20:03:15,830::INFO::[SABnzbd:1137] Full executable path = /app/sabnzbd/SABnzbd.py
2026-09-12 20:03:15,831::INFO::[SABnzbd:1138] Arguments = "/app/sabnzbd/SABnzbd.py" "--config-file" "/config" "--server" "::"
2026-09-12 20:03:15,832::INFO::[SABnzbd:1147] Certifi version = 2026.06.17
2026-09-12 20:03:15,832::INFO::[SABnzbd:1148] Loaded additional certificates from /lsiopy/lib/python3.14/site-packages/certifi/cacert.pem
2026-09-12 20:03:15,832::INFO::[SABnzbd:1154] Using INI file /config/sabnzbd.ini
2026-09-12 20:03:15,833::INFO::[postproc:153] Loading postproc queue
2026-09-12 20:03:15,834::INFO::[scheduler:191] Scheduling RSS interval task every 60 min (delay=11)
2026-09-12 20:03:15,834::INFO::[scheduler:200] Scheduling version check in 10 minutes and daily at 3:31
2026-09-12 20:03:15,834::INFO::[scheduler:215] Setting schedule for midnight auto history-purge
2026-09-12 20:03:15,834::INFO::[scheduler:224] Setting schedule for midnight BPS reset
2026-09-12 20:03:15,835::INFO::[scheduler:233] Setting schedule for midnight server expiration check
2026-09-12 20:03:15,835::INFO::[scheduler:242] Setting schedule for server quota check
2026-09-12 20:03:15,835::INFO::[__init__:315] All processes started
2026-09-12 20:03:15,835::INFO::[SABnzbd:333] Template location for Glitter is /app/sabnzbd/interfaces/Glitter
2026-09-12 20:03:15,837::INFO::[SABnzbd:333] Template location for Config is /app/sabnzbd/interfaces/Config
2026-09-12 20:03:15,837::INFO::[misc:1469] [N/A] Running external command: ['/usr/bin/unrar']
2026-09-12 20:03:15,840::INFO::[misc:1469] [N/A] Running external command: ['/usr/bin/7zz']
2026-09-12 20:03:15,843::INFO::[misc:1469] [N/A] Running external command: ['/usr/local/bin/par2', '-V']
2026-09-12 20:03:15,846::INFO::[SABnzbd:418] SABCTools module (v9.6.3)... found!
2026-09-12 20:03:15,846::INFO::[SABnzbd:419] SABCTools module is using SIMD set: AVX2
2026-09-12 20:03:15,846::INFO::[SABnzbd:420] SABCTools module is linked to OpenSSL: True
2026-09-12 20:03:15,846::INFO::[SABnzbd:437] Cryptography module (v50.0.1)... found!
2026-09-12 20:03:15,846::INFO::[SABnzbd:440] par2 binary... found (/usr/local/bin/par2)
2026-09-12 20:03:15,847::INFO::[SABnzbd:447] UNRAR binary... found (/usr/bin/unrar)
2026-09-12 20:03:15,847::INFO::[SABnzbd:455] UNRAR binary version 7.23
2026-09-12 20:03:15,847::INFO::[SABnzbd:462] 7za binary... found (/usr/bin/7zz)
2026-09-12 20:03:15,847::INFO::[SABnzbd:464] 7za binary version 26.01
2026-09-12 20:03:15,847::INFO::[SABnzbd:470] nice binary... found (/bin/nice)
2026-09-12 20:03:15,847::INFO::[SABnzbd:474] ionice binary... found (/bin/ionice)
2026-09-12 20:03:15,848::INFO::[SABnzbd:1351] Starting web-interface on :::8080
2026-09-12 20:03:15,848::INFO::[_cplogging:213] [12/Sep/2026:20:03:15] ENGINE Bus STARTING
2026-09-12 20:03:15,952::INFO::[_cplogging:213] [12/Sep/2026:20:03:15] ENGINE Serving on http://:::8080
2026-09-12 20:03:15,952::INFO::[_cplogging:213] [12/Sep/2026:20:03:15] ENGINE Bus STARTED
2026-09-12 20:03:15,952::INFO::[SABnzbd:1390] Starting SABnzbd.py-5.1.3
2026-09-12 20:03:15,956::INFO::[dirscanner:121] Dirscanner starting up
2026-09-12 20:03:15,956::INFO::[panic:229] Launching browser with http://127.0.0.1:8080
2026-09-12 20:03:15,957::INFO::[notifier:169] Sending notification: SABnzbd - SABnzbd 5.1.3 started (type=startup, job_cat=None)
2026-09-12 20:03:15,958::INFO::[__init__:486] Commit = a647f73426cb70ad60ae7964b96c2d5e939b4727
2026-09-12 20:03:15,958::INFO::[__init__:487] Python-version = 3.14.7 (main, Aug 15 2026, 07:18:27) [GCC 15.2.0]
2026-09-12 20:03:15,959::INFO::[__init__:488] CPU architecture = x86_64
2026-09-12 20:03:15,959::INFO::[__init__:489] Platform = Docker
2026-09-12 20:03:15,959::INFO::[__init__:490] JSON-module = orjson 3.11.9
2026-09-12 20:03:15,959::INFO::[__init__:491] Preferred encoding = UTF-8
2026-09-12 20:03:15,959::INFO::[__init__:492] SSL version = OpenSSL 3.5.8 25 Aug 2026
2026-09-12 20:03:15,978::INFO::[zconfig:61] No bonjour/zeroconf support installed
2026-09-12 20:03:15,981::INFO::[ssdp:109] Serving SSDP on 10.69.90.82 as SABnzbd
2026-09-12 20:03:40,508::INFO::[__init__:208] Signal 15 caught, saving and exiting...
2026-09-12 20:03:40,509::INFO::[__init__:444] [N/A] Performing SABnzbd shutdown
2026-09-12 20:03:40,509::INFO::[__init__:348] SABnzbd shutting down...
2026-09-12 20:03:40,509::INFO::[ssdp:103] Stopping SSDP
2026-09-12 20:03:40,511::INFO::[directunpacker:554] Aborting all DirectUnpackers
2026-09-12 20:03:40,530::INFO::[notifier:169] Sending notification: SABnzbd - Shutting down (type=startup, job_cat=None)
2026-09-12 20:03:40,530::INFO::[downloader:690] Shutting down
2026-09-12 20:03:40,532::INFO::[nzbqueue:241] Saving queue
2026-09-12 20:03:40,537::INFO::[postproc:146] Saving postproc queue
2026-09-12 20:03:40,537::INFO::[__init__:424] All processes stopped
2026-09-12 20:03:40,538::INFO::[_cplogging:213] [12/Sep/2026:20:03:40] ENGINE Bus STOPPING
2026-09-12 20:03:40,711::INFO::[_cplogging:213] [12/Sep/2026:20:03:40] ENGINE HTTP Server cherrypy._cpwsgi_server.CPWSGIServer(('::', 8080)) shut down
2026-09-12 20:03:40,712::INFO::[_cplogging:213] [12/Sep/2026:20:03:40] ENGINE Bus STOPPED
2026-09-12 20:03:40,712::INFO::[_cplogging:213] [12/Sep/2026:20:03:40] ENGINE Bus EXITING
2026-09-12 20:03:40,712::INFO::[_cplogging:213] [12/Sep/2026:20:03:40] ENGINE Bus EXITED
2026-09-12 20:03:40,712::INFO::[notifier:169] Sending notification: SABnzbd - SABnzbd shutdown finished (type=startup, job_cat=None)
2026-09-12 20:03:40,712::INFO::[SABnzbd:1491] Leaving SABnzbd
2026-09-12 20:03:55,039::INFO::[SABnzbd:1135] --------------------------------
2026-09-12 20:03:55,040::INFO::[SABnzbd:1136] SABnzbd.py-5.1.3
2026-09-12 20:03:55,040::INFO::[SABnzbd:1137] Full executable path = /app/sabnzbd/SABnzbd.py
2026-09-12 20:03:55,040::INFO::[SABnzbd:1138] Arguments = "/app/sabnzbd/SABnzbd.py" "--config-file" "/config" "--server" "::"
2026-09-12 20:03:55,041::INFO::[SABnzbd:1147] Certifi version = 2026.06.17
2026-09-12 20:03:55,044::INFO::[SABnzbd:1148] Loaded additional certificates from /lsiopy/lib/python3.14/site-packages/certifi/cacert.pem
2026-09-12 20:03:55,045::INFO::[SABnzbd:1154] Using INI file /config/sabnzbd.ini
2026-09-12 20:03:55,046::INFO::[postproc:153] Loading postproc queue
2026-09-12 20:03:55,047::INFO::[scheduler:191] Scheduling RSS interval task every 60 min (delay=16)
2026-09-12 20:03:55,047::INFO::[scheduler:200] Scheduling version check in 10 minutes and daily at 1:55
2026-09-12 20:03:55,047::INFO::[scheduler:215] Setting schedule for midnight auto history-purge
2026-09-12 20:03:55,047::INFO::[scheduler:224] Setting schedule for midnight BPS reset
2026-09-12 20:03:55,051::INFO::[scheduler:233] Setting schedule for midnight server expiration check
2026-09-12 20:03:55,051::INFO::[scheduler:242] Setting schedule for server quota check
2026-09-12 20:03:55,051::INFO::[__init__:315] All processes started
2026-09-12 20:03:55,052::INFO::[SABnzbd:333] Template location for Glitter is /app/sabnzbd/interfaces/Glitter
2026-09-12 20:03:55,052::INFO::[SABnzbd:333] Template location for Config is /app/sabnzbd/interfaces/Config
2026-09-12 20:03:55,052::INFO::[misc:1469] [N/A] Running external command: ['/usr/bin/unrar']
2026-09-12 20:03:55,057::INFO::[misc:1469] [N/A] Running external command: ['/usr/bin/7zz']
2026-09-12 20:03:55,065::INFO::[misc:1469] [N/A] Running external command: ['/usr/local/bin/par2', '-V']
2026-09-12 20:03:55,070::INFO::[SABnzbd:418] SABCTools module (v9.6.3)... found!
2026-09-12 20:03:55,071::INFO::[SABnzbd:419] SABCTools module is using SIMD set: AVX2
2026-09-12 20:03:55,071::INFO::[SABnzbd:420] SABCTools module is linked to OpenSSL: True
2026-09-12 20:03:55,071::INFO::[SABnzbd:437] Cryptography module (v50.0.1)... found!
2026-09-12 20:03:55,071::INFO::[SABnzbd:440] par2 binary... found (/usr/local/bin/par2)
2026-09-12 20:03:55,072::INFO::[SABnzbd:447] UNRAR binary... found (/usr/bin/unrar)
2026-09-12 20:03:55,072::INFO::[SABnzbd:455] UNRAR binary version 7.23
2026-09-12 20:03:55,072::INFO::[SABnzbd:462] 7za binary... found (/usr/bin/7zz)
2026-09-12 20:03:55,072::INFO::[SABnzbd:464] 7za binary version 26.01
2026-09-12 20:03:55,072::INFO::[SABnzbd:470] nice binary... found (/bin/nice)
2026-09-12 20:03:55,072::INFO::[SABnzbd:474] ionice binary... found (/bin/ionice)
2026-09-12 20:03:55,073::INFO::[SABnzbd:1351] Starting web-interface on :::8080
2026-09-12 20:03:55,076::INFO::[_cplogging:213] [12/Sep/2026:20:03:55] ENGINE Bus STARTING
2026-09-12 20:03:55,182::INFO::[_cplogging:213] [12/Sep/2026:20:03:55] ENGINE Serving on http://:::8080
2026-09-12 20:03:55,182::INFO::[_cplogging:213] [12/Sep/2026:20:03:55] ENGINE Bus STARTED
2026-09-12 20:03:55,182::INFO::[SABnzbd:1390] Starting SABnzbd.py-5.1.3
2026-09-12 20:03:55,190::INFO::[dirscanner:121] Dirscanner starting up
2026-09-12 20:03:55,191::INFO::[panic:229] Launching browser with http://127.0.0.1:8080
2026-09-12 20:03:55,191::INFO::[notifier:169] Sending notification: SABnzbd - SABnzbd 5.1.3 started (type=startup, job_cat=None)
2026-09-12 20:03:55,194::INFO::[__init__:486] Commit = a647f73426cb70ad60ae7964b96c2d5e939b4727
2026-09-12 20:03:55,194::INFO::[__init__:487] Python-version = 3.14.7 (main, Aug 15 2026, 07:18:27) [GCC 15.2.0]
2026-09-12 20:03:55,195::INFO::[__init__:488] CPU architecture = x86_64
2026-09-12 20:03:55,195::INFO::[__init__:489] Platform = Docker
2026-09-12 20:03:55,195::INFO::[__init__:490] JSON-module = orjson 3.11.9
2026-09-12 20:03:55,195::INFO::[__init__:491] Preferred encoding = UTF-8
2026-09-12 20:03:55,195::INFO::[__init__:492] SSL version = OpenSSL 3.5.8 25 Aug 2026
2026-09-12 20:03:55,219::INFO::[zconfig:61] No bonjour/zeroconf support installed
2026-09-12 20:03:55,223::INFO::[ssdp:109] Serving SSDP on 10.69.90.82 as SABnzbd
2026-09-12 20:08:18,924::INFO::[__init__:208] Signal 15 caught, saving and exiting...
2026-09-12 20:08:18,924::INFO::[__init__:444] [N/A] Performing SABnzbd shutdown
2026-09-12 20:08:18,925::INFO::[__init__:348] SABnzbd shutting down...
2026-09-12 20:08:18,925::INFO::[ssdp:103] Stopping SSDP
2026-09-12 20:08:18,926::INFO::[directunpacker:554] Aborting all DirectUnpackers
2026-09-12 20:08:18,935::INFO::[notifier:169] Sending notification: SABnzbd - Shutting down (type=startup, job_cat=None)
2026-09-12 20:08:18,949::INFO::[downloader:690] Shutting down
2026-09-12 20:08:18,956::INFO::[nzbqueue:241] Saving queue
2026-09-12 20:08:18,957::INFO::[postproc:146] Saving postproc queue
2026-09-12 20:08:18,957::INFO::[__init__:424] All processes stopped
2026-09-12 20:08:18,957::INFO::[_cplogging:213] [12/Sep/2026:20:08:18] ENGINE Bus STOPPING
2026-09-12 20:08:19,428::INFO::[_cplogging:213] [12/Sep/2026:20:08:19] ENGINE HTTP Server cherrypy._cpwsgi_server.CPWSGIServer(('::', 8080)) shut down
2026-09-12 20:08:19,429::INFO::[_cplogging:213] [12/Sep/2026:20:08:19] ENGINE Bus STOPPED
2026-09-12 20:08:19,429::INFO::[_cplogging:213] [12/Sep/2026:20:08:19] ENGINE Bus EXITING
2026-09-12 20:08:19,429::INFO::[_cplogging:213] [12/Sep/2026:20:08:19] ENGINE Bus EXITED
2026-09-12 20:08:19,429::INFO::[notifier:169] Sending notification: SABnzbd - SABnzbd shutdown finished (type=startup, job_cat=None)
2026-09-12 20:08:19,430::INFO::[SABnzbd:1491] Leaving SABnzbd
2026-09-12 20:08:36,790::INFO::[SABnzbd:1135] --------------------------------
2026-09-12 20:08:36,790::INFO::[SABnzbd:1136] SABnzbd.py-5.1.3
2026-09-12 20:08:36,790::INFO::[SABnzbd:1137] Full executable path = /app/sabnzbd/SABnzbd.py
2026-09-12 20:08:36,791::INFO::[SABnzbd:1138] Arguments = "/app/sabnzbd/SABnzbd.py" "--config-file" "/config" "--server" "::"
2026-09-12 20:08:36,792::INFO::[SABnzbd:1147] Certifi version = 2026.06.17
2026-09-12 20:08:36,792::INFO::[SABnzbd:1148] Loaded additional certificates from /lsiopy/lib/python3.14/site-packages/certifi/cacert.pem
2026-09-12 20:08:36,792::INFO::[SABnzbd:1154] Using INI file /config/sabnzbd.ini
2026-09-12 20:08:36,797::INFO::[postproc:153] Loading postproc queue
2026-09-12 20:08:36,798::INFO::[scheduler:191] Scheduling RSS interval task every 60 min (delay=42)
2026-09-12 20:08:36,800::INFO::[scheduler:200] Scheduling version check in 10 minutes and daily at 11:13
2026-09-12 20:08:36,800::INFO::[scheduler:215] Setting schedule for midnight auto history-purge
2026-09-12 20:08:36,800::INFO::[scheduler:224] Setting schedule for midnight BPS reset
2026-09-12 20:08:36,801::INFO::[scheduler:233] Setting schedule for midnight server expiration check
2026-09-12 20:08:36,801::INFO::[scheduler:242] Setting schedule for server quota check
2026-09-12 20:08:36,803::INFO::[__init__:315] All processes started
2026-09-12 20:08:36,803::INFO::[SABnzbd:333] Template location for Glitter is /app/sabnzbd/interfaces/Glitter
2026-09-12 20:08:36,803::INFO::[SABnzbd:333] Template location for Config is /app/sabnzbd/interfaces/Config
2026-09-12 20:08:36,804::INFO::[misc:1469] [N/A] Running external command: ['/usr/bin/unrar']
2026-09-12 20:08:36,809::INFO::[misc:1469] [N/A] Running external command: ['/usr/bin/7zz']
2026-09-12 20:08:36,814::INFO::[misc:1469] [N/A] Running external command: ['/usr/local/bin/par2', '-V']
2026-09-12 20:08:36,819::INFO::[SABnzbd:418] SABCTools module (v9.6.3)... found!
2026-09-12 20:08:36,820::INFO::[SABnzbd:419] SABCTools module is using SIMD set: AVX2
2026-09-12 20:08:36,820::INFO::[SABnzbd:420] SABCTools module is linked to OpenSSL: True
2026-09-12 20:08:36,820::INFO::[SABnzbd:437] Cryptography module (v50.0.1)... found!
2026-09-12 20:08:36,820::INFO::[SABnzbd:440] par2 binary... found (/usr/local/bin/par2)
2026-09-12 20:08:36,820::INFO::[SABnzbd:447] UNRAR binary... found (/usr/bin/unrar)
2026-09-12 20:08:36,822::INFO::[SABnzbd:455] UNRAR binary version 7.23
2026-09-12 20:08:36,823::INFO::[SABnzbd:462] 7za binary... found (/usr/bin/7zz)
2026-09-12 20:08:36,823::INFO::[SABnzbd:464] 7za binary version 26.01
2026-09-12 20:08:36,823::INFO::[SABnzbd:470] nice binary... found (/bin/nice)
2026-09-12 20:08:36,823::INFO::[SABnzbd:474] ionice binary... found (/bin/ionice)
2026-09-12 20:08:36,824::INFO::[SABnzbd:1351] Starting web-interface on :::8080
2026-09-12 20:08:36,824::INFO::[_cplogging:213] [12/Sep/2026:20:08:36] ENGINE Bus STARTING
2026-09-12 20:08:36,929::INFO::[_cplogging:213] [12/Sep/2026:20:08:36] ENGINE Serving on http://:::8080
2026-09-12 20:08:36,930::INFO::[_cplogging:213] [12/Sep/2026:20:08:36] ENGINE Bus STARTED
2026-09-12 20:08:36,930::INFO::[SABnzbd:1390] Starting SABnzbd.py-5.1.3
2026-09-12 20:08:36,945::INFO::[dirscanner:121] Dirscanner starting up
2026-09-12 20:08:36,946::INFO::[panic:229] Launching browser with http://127.0.0.1:8080
2026-09-12 20:08:36,947::INFO::[notifier:169] Sending notification: SABnzbd - SABnzbd 5.1.3 started (type=startup, job_cat=None)
2026-09-12 20:08:36,948::INFO::[__init__:486] Commit = a647f73426cb70ad60ae7964b96c2d5e939b4727
2026-09-12 20:08:36,948::INFO::[__init__:487] Python-version = 3.14.7 (main, Aug 15 2026, 07:18:27) [GCC 15.2.0]
2026-09-12 20:08:36,948::INFO::[__init__:488] CPU architecture = x86_64
2026-09-12 20:08:36,949::INFO::[__init__:489] Platform = Docker
2026-09-12 20:08:36,949::INFO::[__init__:490] JSON-module = orjson 3.11.9
2026-09-12 20:08:36,949::INFO::[__init__:491] Preferred encoding = UTF-8
2026-09-12 20:08:36,949::INFO::[__init__:492] SSL version = OpenSSL 3.5.8 25 Aug 2026
2026-09-12 20:08:36,983::INFO::[zconfig:61] No bonjour/zeroconf support installed
2026-09-12 20:08:36,985::INFO::[ssdp:109] Serving SSDP on 10.69.90.82 as SABnzbd
2026-09-12 20:17:12,853::INFO::[__init__:208] Signal 15 caught, saving and exiting...
2026-09-12 20:17:12,854::INFO::[__init__:444] [N/A] Performing SABnzbd shutdown
2026-09-12 20:17:12,854::INFO::[__init__:348] SABnzbd shutting down...
2026-09-12 20:17:12,854::INFO::[ssdp:103] Stopping SSDP
2026-09-12 20:17:12,854::INFO::[directunpacker:554] Aborting all DirectUnpackers
2026-09-12 20:17:12,855::INFO::[notifier:169] Sending notification: SABnzbd - Shutting down (type=startup, job_cat=None)
2026-09-12 20:17:12,857::INFO::[downloader:690] Shutting down
2026-09-12 20:17:12,860::INFO::[nzbqueue:241] Saving queue
2026-09-12 20:17:12,861::INFO::[postproc:146] Saving postproc queue
2026-09-12 20:17:12,861::INFO::[__init__:424] All processes stopped
2026-09-12 20:17:12,861::INFO::[_cplogging:213] [12/Sep/2026:20:17:12] ENGINE Bus STOPPING
2026-09-12 20:17:13,009::INFO::[_cplogging:213] [12/Sep/2026:20:17:13] ENGINE HTTP Server cherrypy._cpwsgi_server.CPWSGIServer(('::', 8080)) shut down
2026-09-12 20:17:13,009::INFO::[_cplogging:213] [12/Sep/2026:20:17:13] ENGINE Bus STOPPED
2026-09-12 20:17:13,009::INFO::[_cplogging:213] [12/Sep/2026:20:17:13] ENGINE Bus EXITING
2026-09-12 20:17:13,010::INFO::[_cplogging:213] [12/Sep/2026:20:17:13] ENGINE Bus EXITED
2026-09-12 20:17:13,010::INFO::[notifier:169] Sending notification: SABnzbd - SABnzbd shutdown finished (type=startup, job_cat=None)
2026-09-12 20:17:13,010::INFO::[SABnzbd:1491] Leaving SABnzbd
2026-09-12 20:17:54,566::INFO::[SABnzbd:1135] --------------------------------
2026-09-12 20:17:54,567::INFO::[SABnzbd:1136] SABnzbd.py-5.1.3
2026-09-12 20:17:54,567::INFO::[SABnzbd:1137] Full executable path = /app/sabnzbd/SABnzbd.py
2026-09-12 20:17:54,567::INFO::[SABnzbd:1138] Arguments = "/app/sabnzbd/SABnzbd.py" "--config-file" "/config" "--server" "::"
2026-09-12 20:17:54,569::INFO::[SABnzbd:1147] Certifi version = 2026.06.17
2026-09-12 20:17:54,570::INFO::[SABnzbd:1148] Loaded additional certificates from /lsiopy/lib/python3.14/site-packages/certifi/cacert.pem
2026-09-12 20:17:54,570::INFO::[SABnzbd:1154] Using INI file /config/sabnzbd.ini
2026-09-12 20:17:54,573::INFO::[postproc:153] Loading postproc queue
2026-09-12 20:17:54,574::INFO::[scheduler:191] Scheduling RSS interval task every 60 min (delay=48)
2026-09-12 20:17:54,575::INFO::[scheduler:200] Scheduling version check in 10 minutes and daily at 5:16
2026-09-12 20:17:54,575::INFO::[scheduler:215] Setting schedule for midnight auto history-purge
2026-09-12 20:17:54,576::INFO::[scheduler:224] Setting schedule for midnight BPS reset
2026-09-12 20:17:54,576::INFO::[scheduler:233] Setting schedule for midnight server expiration check
2026-09-12 20:17:54,577::INFO::[scheduler:242] Setting schedule for server quota check
2026-09-12 20:17:54,577::INFO::[__init__:315] All processes started
2026-09-12 20:17:54,578::INFO::[SABnzbd:333] Template location for Glitter is /app/sabnzbd/interfaces/Glitter
2026-09-12 20:17:54,578::INFO::[SABnzbd:333] Template location for Config is /app/sabnzbd/interfaces/Config
2026-09-12 20:17:54,579::INFO::[misc:1469] [N/A] Running external command: ['/usr/bin/unrar']
2026-09-12 20:17:54,587::INFO::[misc:1469] [N/A] Running external command: ['/usr/bin/7zz']
2026-09-12 20:17:54,595::INFO::[misc:1469] [N/A] Running external command: ['/usr/local/bin/par2', '-V']
2026-09-12 20:17:54,601::INFO::[SABnzbd:418] SABCTools module (v9.6.3)... found!
2026-09-12 20:17:54,602::INFO::[SABnzbd:419] SABCTools module is using SIMD set: AVX2
2026-09-12 20:17:54,602::INFO::[SABnzbd:420] SABCTools module is linked to OpenSSL: True
2026-09-12 20:17:54,603::INFO::[SABnzbd:437] Cryptography module (v50.0.1)... found!
2026-09-12 20:17:54,603::INFO::[SABnzbd:440] par2 binary... found (/usr/local/bin/par2)
2026-09-12 20:17:54,604::INFO::[SABnzbd:447] UNRAR binary... found (/usr/bin/unrar)
2026-09-12 20:17:54,604::INFO::[SABnzbd:455] UNRAR binary version 7.23
2026-09-12 20:17:54,605::INFO::[SABnzbd:462] 7za binary... found (/usr/bin/7zz)
2026-09-12 20:17:54,605::INFO::[SABnzbd:464] 7za binary version 26.01
2026-09-12 20:17:54,605::INFO::[SABnzbd:470] nice binary... found (/bin/nice)
2026-09-12 20:17:54,605::INFO::[SABnzbd:474] ionice binary... found (/bin/ionice)
2026-09-12 20:17:54,606::INFO::[SABnzbd:1351] Starting web-interface on :::8080
2026-09-12 20:17:54,608::INFO::[_cplogging:213] [12/Sep/2026:20:17:54] ENGINE Bus STARTING
2026-09-12 20:17:54,714::INFO::[_cplogging:213] [12/Sep/2026:20:17:54] ENGINE Serving on http://:::8080
2026-09-12 20:17:54,714::INFO::[_cplogging:213] [12/Sep/2026:20:17:54] ENGINE Bus STARTED
2026-09-12 20:17:54,714::INFO::[SABnzbd:1390] Starting SABnzbd.py-5.1.3
2026-09-12 20:17:54,724::INFO::[dirscanner:121] Dirscanner starting up
2026-09-12 20:17:54,724::INFO::[panic:229] Launching browser with http://127.0.0.1:8080
2026-09-12 20:17:54,725::INFO::[notifier:169] Sending notification: SABnzbd - SABnzbd 5.1.3 started (type=startup, job_cat=None)
2026-09-12 20:17:54,725::INFO::[__init__:486] Commit = a647f73426cb70ad60ae7964b96c2d5e939b4727
2026-09-12 20:17:54,725::INFO::[__init__:487] Python-version = 3.14.7 (main, Aug 15 2026, 07:18:27) [GCC 15.2.0]
2026-09-12 20:17:54,725::INFO::[__init__:488] CPU architecture = x86_64
2026-09-12 20:17:54,725::INFO::[__init__:489] Platform = Docker
2026-09-12 20:17:54,725::INFO::[__init__:490] JSON-module = orjson 3.11.9
2026-09-12 20:17:54,725::INFO::[__init__:491] Preferred encoding = UTF-8
2026-09-12 20:17:54,725::INFO::[__init__:492] SSL version = OpenSSL 3.5.8 25 Aug 2026
2026-09-12 20:17:54,759::INFO::[zconfig:61] No bonjour/zeroconf support installed
2026-09-12 20:17:54,760::INFO::[ssdp:109] Serving SSDP on 10.69.90.82 as SABnzbd
2026-09-12 20:21:29,322::INFO::[__init__:208] Signal 15 caught, saving and exiting...
2026-09-12 20:21:29,322::INFO::[__init__:444] [N/A] Performing SABnzbd shutdown
2026-09-12 20:21:29,322::INFO::[__init__:348] SABnzbd shutting down...
2026-09-12 20:21:29,323::INFO::[ssdp:103] Stopping SSDP
2026-09-12 20:21:29,323::INFO::[directunpacker:554] Aborting all DirectUnpackers
2026-09-12 20:21:29,323::INFO::[notifier:169] Sending notification: SABnzbd - Shutting down (type=startup, job_cat=None)
2026-09-12 20:21:29,324::INFO::[downloader:690] Shutting down
2026-09-12 20:21:29,325::INFO::[nzbqueue:241] Saving queue
2026-09-12 20:21:29,326::INFO::[postproc:146] Saving postproc queue
2026-09-12 20:21:29,326::INFO::[__init__:424] All processes stopped
2026-09-12 20:21:29,326::INFO::[_cplogging:213] [12/Sep/2026:20:21:29] ENGINE Bus STOPPING
2026-09-12 20:21:29,357::INFO::[_cplogging:213] [12/Sep/2026:20:21:29] ENGINE HTTP Server cherrypy._cpwsgi_server.CPWSGIServer(('::', 8080)) shut down
2026-09-12 20:21:29,357::INFO::[_cplogging:213] [12/Sep/2026:20:21:29] ENGINE Bus STOPPED
2026-09-12 20:21:29,357::INFO::[_cplogging:213] [12/Sep/2026:20:21:29] ENGINE Bus EXITING
2026-09-12 20:21:29,358::INFO::[_cplogging:213] [12/Sep/2026:20:21:29] ENGINE Bus EXITED
2026-09-12 20:21:29,358::INFO::[notifier:169] Sending notification: SABnzbd - SABnzbd shutdown finished (type=startup, job_cat=None)
2026-09-12 20:21:29,358::INFO::[SABnzbd:1491] Leaving SABnzbd
2026-09-12 20:22:02,480::INFO::[SABnzbd:1135] --------------------------------
2026-09-12 20:22:02,483::INFO::[SABnzbd:1136] SABnzbd.py-5.1.3
2026-09-12 20:22:02,483::INFO::[SABnzbd:1137] Full executable path = /app/sabnzbd/SABnzbd.py
2026-09-12 20:22:02,484::INFO::[SABnzbd:1138] Arguments = "/app/sabnzbd/SABnzbd.py" "--config-file" "/config" "--server" "::"
2026-09-12 20:22:02,491::INFO::[SABnzbd:1147] Certifi version = 2026.06.17
2026-09-12 20:22:02,491::INFO::[SABnzbd:1148] Loaded additional certificates from /lsiopy/lib/python3.14/site-packages/certifi/cacert.pem
2026-09-12 20:22:02,491::INFO::[SABnzbd:1154] Using INI file /config/sabnzbd.ini
2026-09-12 20:22:02,492::INFO::[postproc:153] Loading postproc queue
2026-09-12 20:22:02,493::INFO::[scheduler:191] Scheduling RSS interval task every 60 min (delay=7)
2026-09-12 20:22:02,499::INFO::[scheduler:200] Scheduling version check in 10 minutes and daily at 0:5
2026-09-12 20:22:02,499::INFO::[scheduler:215] Setting schedule for midnight auto history-purge
2026-09-12 20:22:02,500::INFO::[scheduler:224] Setting schedule for midnight BPS reset
2026-09-12 20:22:02,500::INFO::[scheduler:233] Setting schedule for midnight server expiration check
2026-09-12 20:22:02,500::INFO::[scheduler:242] Setting schedule for server quota check
2026-09-12 20:22:02,500::INFO::[__init__:315] All processes started
2026-09-12 20:22:02,500::INFO::[SABnzbd:333] Template location for Glitter is /app/sabnzbd/interfaces/Glitter
2026-09-12 20:22:02,500::INFO::[SABnzbd:333] Template location for Config is /app/sabnzbd/interfaces/Config
2026-09-12 20:22:02,501::INFO::[misc:1469] [N/A] Running external command: ['/usr/bin/unrar']
2026-09-12 20:22:02,509::INFO::[misc:1469] [N/A] Running external command: ['/usr/bin/7zz']
2026-09-12 20:22:02,533::INFO::[misc:1469] [N/A] Running external command: ['/usr/local/bin/par2', '-V']
2026-09-12 20:22:02,548::INFO::[SABnzbd:418] SABCTools module (v9.6.3)... found!
2026-09-12 20:22:02,548::INFO::[SABnzbd:419] SABCTools module is using SIMD set: AVX2
2026-09-12 20:22:02,549::INFO::[SABnzbd:420] SABCTools module is linked to OpenSSL: True
2026-09-12 20:22:02,550::INFO::[SABnzbd:437] Cryptography module (v50.0.1)... found!
2026-09-12 20:22:02,550::INFO::[SABnzbd:440] par2 binary... found (/usr/local/bin/par2)
2026-09-12 20:22:02,551::INFO::[SABnzbd:447] UNRAR binary... found (/usr/bin/unrar)
2026-09-12 20:22:02,552::INFO::[SABnzbd:455] UNRAR binary version 7.23
2026-09-12 20:22:02,554::INFO::[SABnzbd:462] 7za binary... found (/usr/bin/7zz)
2026-09-12 20:22:02,554::INFO::[SABnzbd:464] 7za binary version 26.01
2026-09-12 20:22:02,555::INFO::[SABnzbd:470] nice binary... found (/bin/nice)
2026-09-12 20:22:02,555::INFO::[SABnzbd:474] ionice binary... found (/bin/ionice)
2026-09-12 20:22:02,558::INFO::[SABnzbd:1351] Starting web-interface on :::8080
2026-09-12 20:22:02,561::INFO::[_cplogging:213] [12/Sep/2026:20:22:02] ENGINE Bus STARTING
2026-09-12 20:22:02,684::INFO::[_cplogging:213] [12/Sep/2026:20:22:02] ENGINE Serving on http://:::8080
2026-09-12 20:22:02,684::INFO::[_cplogging:213] [12/Sep/2026:20:22:02] ENGINE Bus STARTED
2026-09-12 20:22:02,684::INFO::[SABnzbd:1390] Starting SABnzbd.py-5.1.3
2026-09-12 20:22:02,777::INFO::[dirscanner:121] Dirscanner starting up
2026-09-12 20:22:02,778::INFO::[panic:229] Launching browser with http://127.0.0.1:8080
2026-09-12 20:22:02,778::INFO::[notifier:169] Sending notification: SABnzbd - SABnzbd 5.1.3 started (type=startup, job_cat=None)
2026-09-12 20:22:02,781::INFO::[__init__:486] Commit = a647f73426cb70ad60ae7964b96c2d5e939b4727
2026-09-12 20:22:02,782::INFO::[__init__:487] Python-version = 3.14.7 (main, Aug 15 2026, 07:18:27) [GCC 15.2.0]
2026-09-12 20:22:02,782::INFO::[__init__:488] CPU architecture = x86_64
2026-09-12 20:22:02,782::INFO::[__init__:489] Platform = Docker
2026-09-12 20:22:02,782::INFO::[__init__:490] JSON-module = orjson 3.11.9
2026-09-12 20:22:02,782::INFO::[__init__:491] Preferred encoding = UTF-8
2026-09-12 20:22:02,782::INFO::[__init__:492] SSL version = OpenSSL 3.5.8 25 Aug 2026
2026-09-12 20:22:02,832::INFO::[zconfig:61] No bonjour/zeroconf support installed
2026-09-12 20:22:02,833::INFO::[ssdp:109] Serving SSDP on 10.69.90.82 as SABnzbd
2026-09-12 20:24:40,018::INFO::[__init__:208] Signal 15 caught, saving and exiting...
2026-09-12 20:24:40,018::INFO::[__init__:444] [N/A] Performing SABnzbd shutdown
2026-09-12 20:24:40,019::INFO::[__init__:348] SABnzbd shutting down...
2026-09-12 20:24:40,019::INFO::[ssdp:103] Stopping SSDP
2026-09-12 20:24:40,020::INFO::[directunpacker:554] Aborting all DirectUnpackers
2026-09-12 20:24:40,021::INFO::[notifier:169] Sending notification: SABnzbd - Shutting down (type=startup, job_cat=None)
2026-09-12 20:24:40,022::INFO::[downloader:690] Shutting down
2026-09-12 20:24:40,028::INFO::[nzbqueue:241] Saving queue
2026-09-12 20:24:40,028::INFO::[postproc:146] Saving postproc queue
2026-09-12 20:24:40,028::INFO::[__init__:424] All processes stopped
2026-09-12 20:24:40,029::INFO::[_cplogging:213] [12/Sep/2026:20:24:40] ENGINE Bus STOPPING
2026-09-12 20:24:40,259::INFO::[_cplogging:213] [12/Sep/2026:20:24:40] ENGINE HTTP Server cherrypy._cpwsgi_server.CPWSGIServer(('::', 8080)) shut down
2026-09-12 20:24:40,259::INFO::[_cplogging:213] [12/Sep/2026:20:24:40] ENGINE Bus STOPPED
2026-09-12 20:24:40,259::INFO::[_cplogging:213] [12/Sep/2026:20:24:40] ENGINE Bus EXITING
2026-09-12 20:24:40,259::INFO::[_cplogging:213] [12/Sep/2026:20:24:40] ENGINE Bus EXITED
2026-09-12 20:24:40,259::INFO::[notifier:169] Sending notification: SABnzbd - SABnzbd shutdown finished (type=startup, job_cat=None)
2026-09-12 20:24:40,259::INFO::[SABnzbd:1491] Leaving SABnzbd
2026-09-12 20:27:14,406::INFO::[SABnzbd:1135] --------------------------------
2026-09-12 20:27:14,407::INFO::[SABnzbd:1136] SABnzbd.py-5.1.3
2026-09-12 20:27:14,407::INFO::[SABnzbd:1137] Full executable path = /app/sabnzbd/SABnzbd.py
2026-09-12 20:27:14,408::INFO::[SABnzbd:1138] Arguments = "/app/sabnzbd/SABnzbd.py" "--config-file" "/config" "--server" "::"
2026-09-12 20:27:14,412::INFO::[SABnzbd:1147] Certifi version = 2026.06.17
2026-09-12 20:27:14,412::INFO::[SABnzbd:1148] Loaded additional certificates from /lsiopy/lib/python3.14/site-packages/certifi/cacert.pem
2026-09-12 20:27:14,412::INFO::[SABnzbd:1154] Using INI file /config/sabnzbd.ini
2026-09-12 20:27:14,414::INFO::[postproc:153] Loading postproc queue
2026-09-12 20:27:14,415::INFO::[scheduler:191] Scheduling RSS interval task every 60 min (delay=14)
2026-09-12 20:27:14,415::INFO::[scheduler:200] Scheduling version check in 10 minutes and daily at 17:23
2026-09-12 20:27:14,415::INFO::[scheduler:215] Setting schedule for midnight auto history-purge
2026-09-12 20:27:14,415::INFO::[scheduler:224] Setting schedule for midnight BPS reset
2026-09-12 20:27:14,415::INFO::[scheduler:233] Setting schedule for midnight server expiration check
2026-09-12 20:27:14,415::INFO::[scheduler:242] Setting schedule for server quota check
2026-09-12 20:27:14,418::INFO::[__init__:315] All processes started
2026-09-12 20:27:14,419::INFO::[SABnzbd:333] Template location for Glitter is /app/sabnzbd/interfaces/Glitter
2026-09-12 20:27:14,419::INFO::[SABnzbd:333] Template location for Config is /app/sabnzbd/interfaces/Config
2026-09-12 20:27:14,419::INFO::[misc:1469] [N/A] Running external command: ['/usr/bin/unrar']
2026-09-12 20:27:14,424::INFO::[misc:1469] [N/A] Running external command: ['/usr/bin/7zz']
2026-09-12 20:27:14,431::INFO::[misc:1469] [N/A] Running external command: ['/usr/local/bin/par2', '-V']
2026-09-12 20:27:14,434::INFO::[SABnzbd:418] SABCTools module (v9.6.3)... found!
2026-09-12 20:27:14,437::INFO::[SABnzbd:419] SABCTools module is using SIMD set: AVX2
2026-09-12 20:27:14,437::INFO::[SABnzbd:420] SABCTools module is linked to OpenSSL: True
2026-09-12 20:27:14,438::INFO::[SABnzbd:437] Cryptography module (v50.0.1)... found!
2026-09-12 20:27:14,438::INFO::[SABnzbd:440] par2 binary... found (/usr/local/bin/par2)
2026-09-12 20:27:14,438::INFO::[SABnzbd:447] UNRAR binary... found (/usr/bin/unrar)
2026-09-12 20:27:14,438::INFO::[SABnzbd:455] UNRAR binary version 7.23
2026-09-12 20:27:14,438::INFO::[SABnzbd:462] 7za binary... found (/usr/bin/7zz)
2026-09-12 20:27:14,438::INFO::[SABnzbd:464] 7za binary version 26.01
2026-09-12 20:27:14,438::INFO::[SABnzbd:470] nice binary... found (/bin/nice)
2026-09-12 20:27:14,438::INFO::[SABnzbd:474] ionice binary... found (/bin/ionice)
2026-09-12 20:27:14,439::INFO::[SABnzbd:1351] Starting web-interface on :::8080
2026-09-12 20:27:14,439::INFO::[_cplogging:213] [12/Sep/2026:20:27:14] ENGINE Bus STARTING
2026-09-12 20:27:14,545::INFO::[_cplogging:213] [12/Sep/2026:20:27:14] ENGINE Serving on http://:::8080
2026-09-12 20:27:14,545::INFO::[_cplogging:213] [12/Sep/2026:20:27:14] ENGINE Bus STARTED
2026-09-12 20:27:14,545::INFO::[SABnzbd:1390] Starting SABnzbd.py-5.1.3
2026-09-12 20:27:14,555::INFO::[dirscanner:121] Dirscanner starting up
2026-09-12 20:27:14,556::INFO::[panic:229] Launching browser with http://127.0.0.1:8080
2026-09-12 20:27:14,557::INFO::[notifier:169] Sending notification: SABnzbd - SABnzbd 5.1.3 started (type=startup, job_cat=None)
2026-09-12 20:27:14,559::INFO::[__init__:486] Commit = a647f73426cb70ad60ae7964b96c2d5e939b4727
2026-09-12 20:27:14,559::INFO::[__init__:487] Python-version = 3.14.7 (main, Aug 15 2026, 07:18:27) [GCC 15.2.0]
2026-09-12 20:27:14,560::INFO::[__init__:488] CPU architecture = x86_64
2026-09-12 20:27:14,560::INFO::[__init__:489] Platform = Docker
2026-09-12 20:27:14,560::INFO::[__init__:490] JSON-module = orjson 3.11.9
2026-09-12 20:27:14,560::INFO::[__init__:491] Preferred encoding = UTF-8
2026-09-12 20:27:14,560::INFO::[__init__:492] SSL version = OpenSSL 3.5.8 25 Aug 2026
2026-09-12 20:27:14,578::INFO::[zconfig:61] No bonjour/zeroconf support installed
2026-09-12 20:27:14,580::INFO::[ssdp:109] Serving SSDP on 10.69.90.82 as SABnzbd
2026-09-12 20:35:18,904::INFO::[__init__:208] Signal 15 caught, saving and exiting...
2026-09-12 20:35:18,904::INFO::[__init__:444] [N/A] Performing SABnzbd shutdown
2026-09-12 20:35:18,904::INFO::[__init__:348] SABnzbd shutting down...
2026-09-12 20:35:18,904::INFO::[ssdp:103] Stopping SSDP
2026-09-12 20:35:18,907::INFO::[directunpacker:554] Aborting all DirectUnpackers
2026-09-12 20:35:18,909::INFO::[notifier:169] Sending notification: SABnzbd - Shutting down (type=startup, job_cat=None)
2026-09-12 20:35:18,909::INFO::[downloader:690] Shutting down
2026-09-12 20:35:18,914::INFO::[nzbqueue:241] Saving queue
2026-09-12 20:35:18,915::INFO::[postproc:146] Saving postproc queue
2026-09-12 20:35:18,916::INFO::[__init__:424] All processes stopped
2026-09-12 20:35:18,916::INFO::[_cplogging:213] [12/Sep/2026:20:35:18] ENGINE Bus STOPPING
2026-09-12 20:35:19,308::INFO::[_cplogging:213] [12/Sep/2026:20:35:19] ENGINE HTTP Server cherrypy._cpwsgi_server.CPWSGIServer(('::', 8080)) shut down
2026-09-12 20:35:19,308::INFO::[_cplogging:213] [12/Sep/2026:20:35:19] ENGINE Bus STOPPED
2026-09-12 20:35:19,308::INFO::[_cplogging:213] [12/Sep/2026:20:35:19] ENGINE Bus EXITING
2026-09-12 20:35:19,309::INFO::[_cplogging:213] [12/Sep/2026:20:35:19] ENGINE Bus EXITED
2026-09-12 20:35:19,309::INFO::[notifier:169] Sending notification: SABnzbd - SABnzbd shutdown finished (type=startup, job_cat=None)
2026-09-12 20:35:19,309::INFO::[SABnzbd:1491] Leaving SABnzbd
2026-09-12 20:41:47,970::INFO::[SABnzbd:1135] --------------------------------
2026-09-12 20:41:47,972::INFO::[SABnzbd:1136] SABnzbd.py-5.1.3
2026-09-12 20:41:47,973::INFO::[SABnzbd:1137] Full executable path = /app/sabnzbd/SABnzbd.py
2026-09-12 20:41:47,975::INFO::[SABnzbd:1138] Arguments = "/app/sabnzbd/SABnzbd.py" "--config-file" "/config" "--server" "::"
2026-09-12 20:41:47,977::INFO::[SABnzbd:1147] Certifi version = 2026.06.17
2026-09-12 20:41:47,979::INFO::[SABnzbd:1148] Loaded additional certificates from /lsiopy/lib/python3.14/site-packages/certifi/cacert.pem
2026-09-12 20:41:47,979::INFO::[SABnzbd:1154] Using INI file /config/sabnzbd.ini
2026-09-12 20:41:47,981::INFO::[postproc:153] Loading postproc queue
2026-09-12 20:41:47,981::INFO::[scheduler:191] Scheduling RSS interval task every 60 min (delay=59)
2026-09-12 20:41:47,982::INFO::[scheduler:200] Scheduling version check in 10 minutes and daily at 10:17
2026-09-12 20:41:47,982::INFO::[scheduler:215] Setting schedule for midnight auto history-purge
2026-09-12 20:41:47,982::INFO::[scheduler:224] Setting schedule for midnight BPS reset
2026-09-12 20:41:47,982::INFO::[scheduler:233] Setting schedule for midnight server expiration check
2026-09-12 20:41:47,982::INFO::[scheduler:242] Setting schedule for server quota check
2026-09-12 20:41:47,982::INFO::[__init__:315] All processes started
2026-09-12 20:41:47,982::INFO::[SABnzbd:333] Template location for Glitter is /app/sabnzbd/interfaces/Glitter
2026-09-12 20:41:47,982::INFO::[SABnzbd:333] Template location for Config is /app/sabnzbd/interfaces/Config
2026-09-12 20:41:47,983::INFO::[misc:1469] [N/A] Running external command: ['/usr/bin/unrar']
2026-09-12 20:41:47,993::INFO::[misc:1469] [N/A] Running external command: ['/usr/bin/7zz']
2026-09-12 20:41:47,997::INFO::[misc:1469] [N/A] Running external command: ['/usr/local/bin/par2', '-V']
2026-09-12 20:41:48,002::INFO::[SABnzbd:418] SABCTools module (v9.6.3)... found!
2026-09-12 20:41:48,003::INFO::[SABnzbd:419] SABCTools module is using SIMD set: AVX2
2026-09-12 20:41:48,003::INFO::[SABnzbd:420] SABCTools module is linked to OpenSSL: True
2026-09-12 20:41:48,005::INFO::[SABnzbd:437] Cryptography module (v50.0.1)... found!
2026-09-12 20:41:48,005::INFO::[SABnzbd:440] par2 binary... found (/usr/local/bin/par2)
2026-09-12 20:41:48,005::INFO::[SABnzbd:447] UNRAR binary... found (/usr/bin/unrar)
2026-09-12 20:41:48,005::INFO::[SABnzbd:455] UNRAR binary version 7.23
2026-09-12 20:41:48,005::INFO::[SABnzbd:462] 7za binary... found (/usr/bin/7zz)
2026-09-12 20:41:48,005::INFO::[SABnzbd:464] 7za binary version 26.01
2026-09-12 20:41:48,006::INFO::[SABnzbd:470] nice binary... found (/bin/nice)
2026-09-12 20:41:48,006::INFO::[SABnzbd:474] ionice binary... found (/bin/ionice)
2026-09-12 20:41:48,006::INFO::[SABnzbd:1351] Starting web-interface on :::8080
2026-09-12 20:41:48,008::INFO::[_cplogging:213] [12/Sep/2026:20:41:48] ENGINE Bus STARTING
2026-09-12 20:41:48,115::INFO::[_cplogging:213] [12/Sep/2026:20:41:48] ENGINE Serving on http://:::8080
2026-09-12 20:41:48,115::INFO::[_cplogging:213] [12/Sep/2026:20:41:48] ENGINE Bus STARTED
2026-09-12 20:41:48,115::INFO::[SABnzbd:1390] Starting SABnzbd.py-5.1.3
2026-09-12 20:41:48,127::INFO::[dirscanner:121] Dirscanner starting up
2026-09-12 20:41:48,137::INFO::[panic:229] Launching browser with http://127.0.0.1:8080
2026-09-12 20:41:48,138::INFO::[notifier:169] Sending notification: SABnzbd - SABnzbd 5.1.3 started (type=startup, job_cat=None)
2026-09-12 20:41:48,138::INFO::[__init__:486] Commit = a647f73426cb70ad60ae7964b96c2d5e939b4727
2026-09-12 20:41:48,138::INFO::[__init__:487] Python-version = 3.14.7 (main, Aug 15 2026, 07:18:27) [GCC 15.2.0]
2026-09-12 20:41:48,138::INFO::[__init__:488] CPU architecture = x86_64
2026-09-12 20:41:48,138::INFO::[__init__:489] Platform = Docker
2026-09-12 20:41:48,138::INFO::[__init__:490] JSON-module = orjson 3.11.9
2026-09-12 20:41:48,138::INFO::[__init__:491] Preferred encoding = UTF-8
2026-09-12 20:41:48,139::INFO::[__init__:492] SSL version = OpenSSL 3.5.8 25 Aug 2026
2026-09-12 20:41:48,155::INFO::[zconfig:61] No bonjour/zeroconf support installed
2026-09-12 20:41:48,156::INFO::[ssdp:109] Serving SSDP on 10.69.90.82 as SABnzbd
2026-09-12 20:46:04,682::INFO::[__init__:208] Signal 15 caught, saving and exiting...
2026-09-12 20:46:04,683::INFO::[__init__:444] [N/A] Performing SABnzbd shutdown
2026-09-12 20:46:04,683::INFO::[__init__:348] SABnzbd shutting down...
2026-09-12 20:46:04,684::INFO::[ssdp:103] Stopping SSDP
2026-09-12 20:46:04,685::INFO::[directunpacker:554] Aborting all DirectUnpackers
2026-09-12 20:46:04,687::INFO::[notifier:169] Sending notification: SABnzbd - Shutting down (type=startup, job_cat=None)
2026-09-12 20:46:04,688::INFO::[downloader:690] Shutting down
2026-09-12 20:46:04,692::INFO::[nzbqueue:241] Saving queue
2026-09-12 20:46:04,693::INFO::[postproc:146] Saving postproc queue
2026-09-12 20:46:04,693::INFO::[__init__:424] All processes stopped
2026-09-12 20:46:04,693::INFO::[_cplogging:213] [12/Sep/2026:20:46:04] ENGINE Bus STOPPING
2026-09-12 20:46:05,172::INFO::[_cplogging:213] [12/Sep/2026:20:46:05] ENGINE HTTP Server cherrypy._cpwsgi_server.CPWSGIServer(('::', 8080)) shut down
2026-09-12 20:46:05,173::INFO::[_cplogging:213] [12/Sep/2026:20:46:05] ENGINE Bus STOPPED
2026-09-12 20:46:05,173::INFO::[_cplogging:213] [12/Sep/2026:20:46:05] ENGINE Bus EXITING
2026-09-12 20:46:05,173::INFO::[_cplogging:213] [12/Sep/2026:20:46:05] ENGINE Bus EXITED
2026-09-12 20:46:05,174::INFO::[notifier:169] Sending notification: SABnzbd - SABnzbd shutdown finished (type=startup, job_cat=None)
2026-09-12 20:46:05,174::INFO::[SABnzbd:1491] Leaving SABnzbd
2026-09-12 20:46:17,583::INFO::[SABnzbd:1135] --------------------------------
2026-09-12 20:46:17,584::INFO::[SABnzbd:1136] SABnzbd.py-5.1.3
2026-09-12 20:46:17,584::INFO::[SABnzbd:1137] Full executable path = /app/sabnzbd/SABnzbd.py
2026-09-12 20:46:17,586::INFO::[SABnzbd:1138] Arguments = "/app/sabnzbd/SABnzbd.py" "--config-file" "/config" "--server" "::"
2026-09-12 20:46:17,588::INFO::[SABnzbd:1147] Certifi version = 2026.06.17
2026-09-12 20:46:17,589::INFO::[SABnzbd:1148] Loaded additional certificates from /lsiopy/lib/python3.14/site-packages/certifi/cacert.pem
2026-09-12 20:46:17,592::INFO::[SABnzbd:1154] Using INI file /config/sabnzbd.ini
2026-09-12 20:46:17,594::INFO::[postproc:153] Loading postproc queue
2026-09-12 20:46:17,597::INFO::[scheduler:191] Scheduling RSS interval task every 60 min (delay=53)
2026-09-12 20:46:17,598::INFO::[scheduler:200] Scheduling version check in 10 minutes and daily at 16:10
2026-09-12 20:46:17,598::INFO::[scheduler:215] Setting schedule for midnight auto history-purge
2026-09-12 20:46:17,598::INFO::[scheduler:224] Setting schedule for midnight BPS reset
2026-09-12 20:46:17,599::INFO::[scheduler:233] Setting schedule for midnight server expiration check
2026-09-12 20:46:17,599::INFO::[scheduler:242] Setting schedule for server quota check
2026-09-12 20:46:17,601::INFO::[__init__:315] All processes started
2026-09-12 20:46:17,602::INFO::[SABnzbd:333] Template location for Glitter is /app/sabnzbd/interfaces/Glitter
2026-09-12 20:46:17,602::INFO::[SABnzbd:333] Template location for Config is /app/sabnzbd/interfaces/Config
2026-09-12 20:46:17,605::INFO::[misc:1469] [N/A] Running external command: ['/usr/bin/unrar']
2026-09-12 20:46:17,612::INFO::[misc:1469] [N/A] Running external command: ['/usr/bin/7zz']
2026-09-12 20:46:17,617::INFO::[misc:1469] [N/A] Running external command: ['/usr/local/bin/par2', '-V']
2026-09-12 20:46:17,622::INFO::[SABnzbd:418] SABCTools module (v9.6.3)... found!
2026-09-12 20:46:17,622::INFO::[SABnzbd:419] SABCTools module is using SIMD set: AVX2
2026-09-12 20:46:17,622::INFO::[SABnzbd:420] SABCTools module is linked to OpenSSL: True
2026-09-12 20:46:17,623::INFO::[SABnzbd:437] Cryptography module (v50.0.1)... found!
2026-09-12 20:46:17,623::INFO::[SABnzbd:440] par2 binary... found (/usr/local/bin/par2)
2026-09-12 20:46:17,623::INFO::[SABnzbd:447] UNRAR binary... found (/usr/bin/unrar)
2026-09-12 20:46:17,623::INFO::[SABnzbd:455] UNRAR binary version 7.23
2026-09-12 20:46:17,623::INFO::[SABnzbd:462] 7za binary... found (/usr/bin/7zz)
2026-09-12 20:46:17,623::INFO::[SABnzbd:464] 7za binary version 26.01
2026-09-12 20:46:17,623::INFO::[SABnzbd:470] nice binary... found (/bin/nice)
2026-09-12 20:46:17,623::INFO::[SABnzbd:474] ionice binary... found (/bin/ionice)
2026-09-12 20:46:17,624::INFO::[SABnzbd:1351] Starting web-interface on :::8080
2026-09-12 20:46:17,625::INFO::[_cplogging:213] [12/Sep/2026:20:46:17] ENGINE Bus STARTING
2026-09-12 20:46:17,730::INFO::[_cplogging:213] [12/Sep/2026:20:46:17] ENGINE Serving on http://:::8080
2026-09-12 20:46:17,730::INFO::[_cplogging:213] [12/Sep/2026:20:46:17] ENGINE Bus STARTED
2026-09-12 20:46:17,730::INFO::[SABnzbd:1390] Starting SABnzbd.py-5.1.3
2026-09-12 20:46:17,743::INFO::[dirscanner:121] Dirscanner starting up
2026-09-12 20:46:17,746::INFO::[panic:229] Launching browser with http://127.0.0.1:8080
2026-09-12 20:46:17,747::INFO::[notifier:169] Sending notification: SABnzbd - SABnzbd 5.1.3 started (type=startup, job_cat=None)
2026-09-12 20:46:17,749::INFO::[__init__:486] Commit = a647f73426cb70ad60ae7964b96c2d5e939b4727
2026-09-12 20:46:17,749::INFO::[__init__:487] Python-version = 3.14.7 (main, Aug 15 2026, 07:18:27) [GCC 15.2.0]
2026-09-12 20:46:17,749::INFO::[__init__:488] CPU architecture = x86_64
2026-09-12 20:46:17,750::INFO::[__init__:489] Platform = Docker
2026-09-12 20:46:17,750::INFO::[__init__:490] JSON-module = orjson 3.11.9
2026-09-12 20:46:17,750::INFO::[__init__:491] Preferred encoding = UTF-8
2026-09-12 20:46:17,750::INFO::[__init__:492] SSL version = OpenSSL 3.5.8 25 Aug 2026
2026-09-12 20:46:17,768::INFO::[zconfig:61] No bonjour/zeroconf support installed
2026-09-12 20:46:17,772::INFO::[ssdp:109] Serving SSDP on 10.69.90.82 as SABnzbd
2026-09-12 20:50:31,080::INFO::[__init__:208] Signal 15 caught, saving and exiting...
2026-09-12 20:50:31,080::INFO::[__init__:444] [N/A] Performing SABnzbd shutdown
2026-09-12 20:50:31,080::INFO::[__init__:348] SABnzbd shutting down...
2026-09-12 20:50:31,080::INFO::[ssdp:103] Stopping SSDP
2026-09-12 20:50:31,080::INFO::[directunpacker:554] Aborting all DirectUnpackers
2026-09-12 20:50:31,083::INFO::[notifier:169] Sending notification: SABnzbd - Shutting down (type=startup, job_cat=None)
2026-09-12 20:50:31,084::INFO::[downloader:690] Shutting down
2026-09-12 20:50:31,090::INFO::[nzbqueue:241] Saving queue
2026-09-12 20:50:31,091::INFO::[postproc:146] Saving postproc queue
2026-09-12 20:50:31,091::INFO::[__init__:424] All processes stopped
2026-09-12 20:50:31,091::INFO::[_cplogging:213] [12/Sep/2026:20:50:31] ENGINE Bus STOPPING
2026-09-12 20:50:31,261::INFO::[_cplogging:213] [12/Sep/2026:20:50:31] ENGINE HTTP Server cherrypy._cpwsgi_server.CPWSGIServer(('::', 8080)) shut down
2026-09-12 20:50:31,261::INFO::[_cplogging:213] [12/Sep/2026:20:50:31] ENGINE Bus STOPPED
2026-09-12 20:50:31,261::INFO::[_cplogging:213] [12/Sep/2026:20:50:31] ENGINE Bus EXITING
2026-09-12 20:50:31,262::INFO::[_cplogging:213] [12/Sep/2026:20:50:31] ENGINE Bus EXITED
2026-09-12 20:50:31,262::INFO::[notifier:169] Sending notification: SABnzbd - SABnzbd shutdown finished (type=startup, job_cat=None)
2026-09-12 20:50:31,262::INFO::[SABnzbd:1491] Leaving SABnzbd
2026-09-12 20:51:28,012::INFO::[SABnzbd:1135] --------------------------------
2026-09-12 20:51:28,016::INFO::[SABnzbd:1136] SABnzbd.py-5.1.3
2026-09-12 20:51:28,016::INFO::[SABnzbd:1137] Full executable path = /app/sabnzbd/SABnzbd.py
2026-09-12 20:51:28,017::INFO::[SABnzbd:1138] Arguments = "/app/sabnzbd/SABnzbd.py" "--config-file" "/config" "--server" "::"
2026-09-12 20:51:28,026::INFO::[SABnzbd:1147] Certifi version = 2026.06.17
2026-09-12 20:51:28,027::INFO::[SABnzbd:1148] Loaded additional certificates from /lsiopy/lib/python3.14/site-packages/certifi/cacert.pem
2026-09-12 20:51:28,027::INFO::[SABnzbd:1154] Using INI file /config/sabnzbd.ini
2026-09-12 20:51:28,029::INFO::[postproc:153] Loading postproc queue
2026-09-12 20:51:28,034::INFO::[scheduler:191] Scheduling RSS interval task every 60 min (delay=27)
2026-09-12 20:51:28,034::INFO::[scheduler:200] Scheduling version check in 10 minutes and daily at 1:28
2026-09-12 20:51:28,035::INFO::[scheduler:215] Setting schedule for midnight auto history-purge
2026-09-12 20:51:28,035::INFO::[scheduler:224] Setting schedule for midnight BPS reset
2026-09-12 20:51:28,035::INFO::[scheduler:233] Setting schedule for midnight server expiration check
2026-09-12 20:51:28,035::INFO::[scheduler:242] Setting schedule for server quota check
2026-09-12 20:51:28,038::INFO::[__init__:315] All processes started
2026-09-12 20:51:28,039::INFO::[SABnzbd:333] Template location for Glitter is /app/sabnzbd/interfaces/Glitter
2026-09-12 20:51:28,039::INFO::[SABnzbd:333] Template location for Config is /app/sabnzbd/interfaces/Config
2026-09-12 20:51:28,039::INFO::[misc:1469] [N/A] Running external command: ['/usr/bin/unrar']
2026-09-12 20:51:28,050::INFO::[misc:1469] [N/A] Running external command: ['/usr/bin/7zz']
2026-09-12 20:51:28,066::INFO::[misc:1469] [N/A] Running external command: ['/usr/local/bin/par2', '-V']
2026-09-12 20:51:28,070::INFO::[SABnzbd:418] SABCTools module (v9.6.3)... found!
2026-09-12 20:51:28,070::INFO::[SABnzbd:419] SABCTools module is using SIMD set: AVX2
2026-09-12 20:51:28,070::INFO::[SABnzbd:420] SABCTools module is linked to OpenSSL: True
2026-09-12 20:51:28,070::INFO::[SABnzbd:437] Cryptography module (v50.0.1)... found!
2026-09-12 20:51:28,071::INFO::[SABnzbd:440] par2 binary... found (/usr/local/bin/par2)
2026-09-12 20:51:28,071::INFO::[SABnzbd:447] UNRAR binary... found (/usr/bin/unrar)
2026-09-12 20:51:28,072::INFO::[SABnzbd:455] UNRAR binary version 7.23
2026-09-12 20:51:28,072::INFO::[SABnzbd:462] 7za binary... found (/usr/bin/7zz)
2026-09-12 20:51:28,073::INFO::[SABnzbd:464] 7za binary version 26.01
2026-09-12 20:51:28,073::INFO::[SABnzbd:470] nice binary... found (/bin/nice)
2026-09-12 20:51:28,075::INFO::[SABnzbd:474] ionice binary... found (/bin/ionice)
2026-09-12 20:51:28,076::INFO::[SABnzbd:1351] Starting web-interface on :::8080
2026-09-12 20:51:28,079::INFO::[_cplogging:213] [12/Sep/2026:20:51:28] ENGINE Bus STARTING
2026-09-12 20:51:28,189::INFO::[_cplogging:213] [12/Sep/2026:20:51:28] ENGINE Serving on http://:::8080
2026-09-12 20:51:28,193::INFO::[_cplogging:213] [12/Sep/2026:20:51:28] ENGINE Bus STARTED
2026-09-12 20:51:28,194::INFO::[SABnzbd:1390] Starting SABnzbd.py-5.1.3
2026-09-12 20:51:28,221::INFO::[dirscanner:121] Dirscanner starting up
2026-09-12 20:51:28,223::INFO::[panic:229] Launching browser with http://127.0.0.1:8080
2026-09-12 20:51:28,224::INFO::[notifier:169] Sending notification: SABnzbd - SABnzbd 5.1.3 started (type=startup, job_cat=None)
2026-09-12 20:51:28,224::INFO::[__init__:486] Commit = a647f73426cb70ad60ae7964b96c2d5e939b4727
2026-09-12 20:51:28,224::INFO::[__init__:487] Python-version = 3.14.7 (main, Aug 15 2026, 07:18:27) [GCC 15.2.0]
2026-09-12 20:51:28,224::INFO::[__init__:488] CPU architecture = x86_64
2026-09-12 20:51:28,224::INFO::[__init__:489] Platform = Docker
2026-09-12 20:51:28,225::INFO::[__init__:490] JSON-module = orjson 3.11.9
2026-09-12 20:51:28,225::INFO::[__init__:491] Preferred encoding = UTF-8
2026-09-12 20:51:28,225::INFO::[__init__:492] SSL version = OpenSSL 3.5.8 25 Aug 2026
2026-09-12 20:51:28,306::INFO::[zconfig:61] No bonjour/zeroconf support installed
2026-09-12 20:51:28,307::INFO::[ssdp:109] Serving SSDP on 10.69.90.82 as SABnzbd
2026-09-12 20:51:52,801::INFO::[__init__:208] Signal 15 caught, saving and exiting...
2026-09-12 20:51:52,801::INFO::[__init__:444] [N/A] Performing SABnzbd shutdown
2026-09-12 20:51:52,801::INFO::[__init__:348] SABnzbd shutting down...
2026-09-12 20:51:52,801::INFO::[ssdp:103] Stopping SSDP
2026-09-12 20:51:52,801::INFO::[directunpacker:554] Aborting all DirectUnpackers
2026-09-12 20:51:52,802::INFO::[notifier:169] Sending notification: SABnzbd - Shutting down (type=startup, job_cat=None)
2026-09-12 20:51:52,802::INFO::[downloader:690] Shutting down
2026-09-12 20:51:52,806::INFO::[nzbqueue:241] Saving queue
2026-09-12 20:51:52,807::INFO::[postproc:146] Saving postproc queue
2026-09-12 20:51:52,807::INFO::[__init__:424] All processes stopped
2026-09-12 20:51:52,807::INFO::[_cplogging:213] [12/Sep/2026:20:51:52] ENGINE Bus STOPPING
2026-09-12 20:51:52,943::INFO::[_cplogging:213] [12/Sep/2026:20:51:52] ENGINE HTTP Server cherrypy._cpwsgi_server.CPWSGIServer(('::', 8080)) shut down
2026-09-12 20:51:52,943::INFO::[_cplogging:213] [12/Sep/2026:20:51:52] ENGINE Bus STOPPED
2026-09-12 20:51:52,944::INFO::[_cplogging:213] [12/Sep/2026:20:51:52] ENGINE Bus EXITING
2026-09-12 20:51:52,944::INFO::[_cplogging:213] [12/Sep/2026:20:51:52] ENGINE Bus EXITED
2026-09-12 20:51:52,944::INFO::[notifier:169] Sending notification: SABnzbd - SABnzbd shutdown finished (type=startup, job_cat=None)
2026-09-12 20:51:52,944::INFO::[SABnzbd:1491] Leaving SABnzbd
2026-09-12 20:52:21,192::INFO::[SABnzbd:1135] --------------------------------
2026-09-12 20:52:21,192::INFO::[SABnzbd:1136] SABnzbd.py-5.1.3
2026-09-12 20:52:21,192::INFO::[SABnzbd:1137] Full executable path = /app/sabnzbd/SABnzbd.py
2026-09-12 20:52:21,193::INFO::[SABnzbd:1138] Arguments = "/app/sabnzbd/SABnzbd.py" "--config-file" "/config" "--server" "::"
2026-09-12 20:52:21,194::INFO::[SABnzbd:1147] Certifi version = 2026.06.17
2026-09-12 20:52:21,197::INFO::[SABnzbd:1148] Loaded additional certificates from /lsiopy/lib/python3.14/site-packages/certifi/cacert.pem
2026-09-12 20:52:21,198::INFO::[SABnzbd:1154] Using INI file /config/sabnzbd.ini
2026-09-12 20:52:21,199::INFO::[postproc:153] Loading postproc queue
2026-09-12 20:52:21,203::INFO::[scheduler:191] Scheduling RSS interval task every 60 min (delay=29)
2026-09-12 20:52:21,203::INFO::[scheduler:200] Scheduling version check in 10 minutes and daily at 23:44
2026-09-12 20:52:21,203::INFO::[scheduler:215] Setting schedule for midnight auto history-purge
2026-09-12 20:52:21,204::INFO::[scheduler:224] Setting schedule for midnight BPS reset
2026-09-12 20:52:21,204::INFO::[scheduler:233] Setting schedule for midnight server expiration check
2026-09-12 20:52:21,204::INFO::[scheduler:242] Setting schedule for server quota check
2026-09-12 20:52:21,208::INFO::[__init__:315] All processes started
2026-09-12 20:52:21,208::INFO::[SABnzbd:333] Template location for Glitter is /app/sabnzbd/interfaces/Glitter
2026-09-12 20:52:21,208::INFO::[SABnzbd:333] Template location for Config is /app/sabnzbd/interfaces/Config
2026-09-12 20:52:21,208::INFO::[misc:1469] [N/A] Running external command: ['/usr/bin/unrar']
2026-09-12 20:52:21,213::INFO::[misc:1469] [N/A] Running external command: ['/usr/bin/7zz']
2026-09-12 20:52:21,220::INFO::[misc:1469] [N/A] Running external command: ['/usr/local/bin/par2', '-V']
2026-09-12 20:52:21,228::INFO::[SABnzbd:418] SABCTools module (v9.6.3)... found!
2026-09-12 20:52:21,228::INFO::[SABnzbd:419] SABCTools module is using SIMD set: AVX2
2026-09-12 20:52:21,229::INFO::[SABnzbd:420] SABCTools module is linked to OpenSSL: True
2026-09-12 20:52:21,229::INFO::[SABnzbd:437] Cryptography module (v50.0.1)... found!
2026-09-12 20:52:21,229::INFO::[SABnzbd:440] par2 binary... found (/usr/local/bin/par2)
2026-09-12 20:52:21,229::INFO::[SABnzbd:447] UNRAR binary... found (/usr/bin/unrar)
2026-09-12 20:52:21,229::INFO::[SABnzbd:455] UNRAR binary version 7.23
2026-09-12 20:52:21,229::INFO::[SABnzbd:462] 7za binary... found (/usr/bin/7zz)
2026-09-12 20:52:21,229::INFO::[SABnzbd:464] 7za binary version 26.01
2026-09-12 20:52:21,229::INFO::[SABnzbd:470] nice binary... found (/bin/nice)
2026-09-12 20:52:21,229::INFO::[SABnzbd:474] ionice binary... found (/bin/ionice)
2026-09-12 20:52:21,230::INFO::[SABnzbd:1351] Starting web-interface on :::8080
2026-09-12 20:52:21,230::INFO::[_cplogging:213] [12/Sep/2026:20:52:21] ENGINE Bus STARTING
2026-09-12 20:52:21,341::INFO::[_cplogging:213] [12/Sep/2026:20:52:21] ENGINE Serving on http://:::8080
2026-09-12 20:52:21,345::INFO::[_cplogging:213] [12/Sep/2026:20:52:21] ENGINE Bus STARTED
2026-09-12 20:52:21,346::INFO::[SABnzbd:1390] Starting SABnzbd.py-5.1.3
2026-09-12 20:52:21,351::INFO::[dirscanner:121] Dirscanner starting up
2026-09-12 20:52:21,355::INFO::[panic:229] Launching browser with http://127.0.0.1:8080
2026-09-12 20:52:21,356::INFO::[notifier:169] Sending notification: SABnzbd - SABnzbd 5.1.3 started (type=startup, job_cat=None)
2026-09-12 20:52:21,356::INFO::[__init__:486] Commit = a647f73426cb70ad60ae7964b96c2d5e939b4727
2026-09-12 20:52:21,364::INFO::[__init__:487] Python-version = 3.14.7 (main, Aug 15 2026, 07:18:27) [GCC 15.2.0]
2026-09-12 20:52:21,364::INFO::[__init__:488] CPU architecture = x86_64
2026-09-12 20:52:21,364::INFO::[__init__:489] Platform = Docker
2026-09-12 20:52:21,364::INFO::[__init__:490] JSON-module = orjson 3.11.9
2026-09-12 20:52:21,364::INFO::[__init__:491] Preferred encoding = UTF-8
2026-09-12 20:52:21,364::INFO::[__init__:492] SSL version = OpenSSL 3.5.8 25 Aug 2026
2026-09-12 20:52:21,374::INFO::[zconfig:61] No bonjour/zeroconf support installed
2026-09-12 20:52:21,375::INFO::[ssdp:109] Serving SSDP on 10.69.90.82 as SABnzbd
2026-09-12 20:52:57,273::INFO::[__init__:208] Signal 15 caught, saving and exiting...
2026-09-12 20:52:57,273::INFO::[__init__:444] [N/A] Performing SABnzbd shutdown
2026-09-12 20:52:57,274::INFO::[__init__:348] SABnzbd shutting down...
2026-09-12 20:52:57,274::INFO::[ssdp:103] Stopping SSDP
2026-09-12 20:52:57,274::INFO::[directunpacker:554] Aborting all DirectUnpackers
2026-09-12 20:52:57,275::INFO::[notifier:169] Sending notification: SABnzbd - Shutting down (type=startup, job_cat=None)
2026-09-12 20:52:57,275::INFO::[downloader:690] Shutting down
2026-09-12 20:52:57,281::INFO::[nzbqueue:241] Saving queue
2026-09-12 20:52:57,288::INFO::[postproc:146] Saving postproc queue
2026-09-12 20:52:57,288::INFO::[__init__:424] All processes stopped
2026-09-12 20:52:57,289::INFO::[_cplogging:213] [12/Sep/2026:20:52:57] ENGINE Bus STOPPING
2026-09-12 20:52:57,431::INFO::[_cplogging:213] [12/Sep/2026:20:52:57] ENGINE HTTP Server cherrypy._cpwsgi_server.CPWSGIServer(('::', 8080)) shut down
2026-09-12 20:52:57,431::INFO::[_cplogging:213] [12/Sep/2026:20:52:57] ENGINE Bus STOPPED
2026-09-12 20:52:57,431::INFO::[_cplogging:213] [12/Sep/2026:20:52:57] ENGINE Bus EXITING
2026-09-12 20:52:57,431::INFO::[_cplogging:213] [12/Sep/2026:20:52:57] ENGINE Bus EXITED
2026-09-12 20:52:57,431::INFO::[notifier:169] Sending notification: SABnzbd - SABnzbd shutdown finished (type=startup, job_cat=None)
2026-09-12 20:52:57,431::INFO::[SABnzbd:1491] Leaving SABnzbd
2026-09-12 20:53:16,051::INFO::[SABnzbd:1135] --------------------------------
2026-09-12 20:53:16,053::INFO::[SABnzbd:1136] SABnzbd.py-5.1.3
2026-09-12 20:53:16,053::INFO::[SABnzbd:1137] Full executable path = /app/sabnzbd/SABnzbd.py
2026-09-12 20:53:16,054::INFO::[SABnzbd:1138] Arguments = "/app/sabnzbd/SABnzbd.py" "--config-file" "/config" "--server" "::"
2026-09-12 20:53:16,060::INFO::[SABnzbd:1147] Certifi version = 2026.06.17
2026-09-12 20:53:16,060::INFO::[SABnzbd:1148] Loaded additional certificates from /lsiopy/lib/python3.14/site-packages/certifi/cacert.pem
2026-09-12 20:53:16,060::INFO::[SABnzbd:1154] Using INI file /config/sabnzbd.ini
2026-09-12 20:53:16,061::INFO::[postproc:153] Loading postproc queue
2026-09-12 20:53:16,062::INFO::[scheduler:191] Scheduling RSS interval task every 60 min (delay=36)
2026-09-12 20:53:16,064::INFO::[scheduler:200] Scheduling version check in 10 minutes and daily at 6:44
2026-09-12 20:53:16,065::INFO::[scheduler:215] Setting schedule for midnight auto history-purge
2026-09-12 20:53:16,065::INFO::[scheduler:224] Setting schedule for midnight BPS reset
2026-09-12 20:53:16,065::INFO::[scheduler:233] Setting schedule for midnight server expiration check
2026-09-12 20:53:16,065::INFO::[scheduler:242] Setting schedule for server quota check
2026-09-12 20:53:16,065::INFO::[__init__:315] All processes started
2026-09-12 20:53:16,065::INFO::[SABnzbd:333] Template location for Glitter is /app/sabnzbd/interfaces/Glitter
2026-09-12 20:53:16,065::INFO::[SABnzbd:333] Template location for Config is /app/sabnzbd/interfaces/Config
2026-09-12 20:53:16,066::INFO::[misc:1469] [N/A] Running external command: ['/usr/bin/unrar']
2026-09-12 20:53:16,074::INFO::[misc:1469] [N/A] Running external command: ['/usr/bin/7zz']
2026-09-12 20:53:16,087::INFO::[misc:1469] [N/A] Running external command: ['/usr/local/bin/par2', '-V']
2026-09-12 20:53:16,092::INFO::[SABnzbd:418] SABCTools module (v9.6.3)... found!
2026-09-12 20:53:16,093::INFO::[SABnzbd:419] SABCTools module is using SIMD set: AVX2
2026-09-12 20:53:16,093::INFO::[SABnzbd:420] SABCTools module is linked to OpenSSL: True
2026-09-12 20:53:16,093::INFO::[SABnzbd:437] Cryptography module (v50.0.1)... found!
2026-09-12 20:53:16,093::INFO::[SABnzbd:440] par2 binary... found (/usr/local/bin/par2)
2026-09-12 20:53:16,093::INFO::[SABnzbd:447] UNRAR binary... found (/usr/bin/unrar)
2026-09-12 20:53:16,093::INFO::[SABnzbd:455] UNRAR binary version 7.23
2026-09-12 20:53:16,093::INFO::[SABnzbd:462] 7za binary... found (/usr/bin/7zz)
2026-09-12 20:53:16,093::INFO::[SABnzbd:464] 7za binary version 26.01
2026-09-12 20:53:16,094::INFO::[SABnzbd:470] nice binary... found (/bin/nice)
2026-09-12 20:53:16,094::INFO::[SABnzbd:474] ionice binary... found (/bin/ionice)
2026-09-12 20:53:16,094::INFO::[SABnzbd:1351] Starting web-interface on :::8080
2026-09-12 20:53:16,095::INFO::[_cplogging:213] [12/Sep/2026:20:53:16] ENGINE Bus STARTING
2026-09-12 20:53:16,203::INFO::[_cplogging:213] [12/Sep/2026:20:53:16] ENGINE Serving on http://:::8080
2026-09-12 20:53:16,203::INFO::[_cplogging:213] [12/Sep/2026:20:53:16] ENGINE Bus STARTED
2026-09-12 20:53:16,203::INFO::[SABnzbd:1390] Starting SABnzbd.py-5.1.3
2026-09-12 20:53:16,211::INFO::[dirscanner:121] Dirscanner starting up
2026-09-12 20:53:16,213::INFO::[panic:229] Launching browser with http://127.0.0.1:8080
2026-09-12 20:53:16,213::INFO::[notifier:169] Sending notification: SABnzbd - SABnzbd 5.1.3 started (type=startup, job_cat=None)
2026-09-12 20:53:16,215::INFO::[__init__:486] Commit = a647f73426cb70ad60ae7964b96c2d5e939b4727
2026-09-12 20:53:16,215::INFO::[__init__:487] Python-version = 3.14.7 (main, Aug 15 2026, 07:18:27) [GCC 15.2.0]
2026-09-12 20:53:16,215::INFO::[__init__:488] CPU architecture = x86_64
2026-09-12 20:53:16,216::INFO::[__init__:489] Platform = Docker
2026-09-12 20:53:16,216::INFO::[__init__:490] JSON-module = orjson 3.11.9
2026-09-12 20:53:16,216::INFO::[__init__:491] Preferred encoding = UTF-8
2026-09-12 20:53:16,216::INFO::[__init__:492] SSL version = OpenSSL 3.5.8 25 Aug 2026
2026-09-12 20:53:16,235::INFO::[zconfig:61] No bonjour/zeroconf support installed
2026-09-12 20:53:16,239::INFO::[ssdp:109] Serving SSDP on 10.69.90.82 as SABnzbd
2026-09-12 21:01:51,249::INFO::[__init__:208] Signal 15 caught, saving and exiting...
2026-09-12 21:01:51,249::INFO::[__init__:444] [N/A] Performing SABnzbd shutdown
2026-09-12 21:01:51,249::INFO::[__init__:348] SABnzbd shutting down...
2026-09-12 21:01:51,249::INFO::[ssdp:103] Stopping SSDP
2026-09-12 21:01:51,250::INFO::[directunpacker:554] Aborting all DirectUnpackers
2026-09-12 21:01:51,250::INFO::[notifier:169] Sending notification: SABnzbd - Shutting down (type=startup, job_cat=None)
2026-09-12 21:01:51,252::INFO::[downloader:690] Shutting down
2026-09-12 21:01:51,256::INFO::[nzbqueue:241] Saving queue
2026-09-12 21:01:51,257::INFO::[postproc:146] Saving postproc queue
2026-09-12 21:01:51,257::INFO::[__init__:424] All processes stopped
2026-09-12 21:01:51,257::INFO::[_cplogging:213] [12/Sep/2026:21:01:51] ENGINE Bus STOPPING
2026-09-12 21:01:51,473::INFO::[_cplogging:213] [12/Sep/2026:21:01:51] ENGINE HTTP Server cherrypy._cpwsgi_server.CPWSGIServer(('::', 8080)) shut down
2026-09-12 21:01:51,474::INFO::[_cplogging:213] [12/Sep/2026:21:01:51] ENGINE Bus STOPPED
2026-09-12 21:01:51,474::INFO::[_cplogging:213] [12/Sep/2026:21:01:51] ENGINE Bus EXITING
2026-09-12 21:01:51,474::INFO::[_cplogging:213] [12/Sep/2026:21:01:51] ENGINE Bus EXITED
2026-09-12 21:01:51,474::INFO::[notifier:169] Sending notification: SABnzbd - SABnzbd shutdown finished (type=startup, job_cat=None)
2026-09-12 21:01:51,475::INFO::[SABnzbd:1491] Leaving SABnzbd
2026-09-12 21:02:02,099::INFO::[SABnzbd:1135] --------------------------------
2026-09-12 21:02:02,099::INFO::[SABnzbd:1136] SABnzbd.py-5.1.3
2026-09-12 21:02:02,100::INFO::[SABnzbd:1137] Full executable path = /app/sabnzbd/SABnzbd.py
2026-09-12 21:02:02,100::INFO::[SABnzbd:1138] Arguments = "/app/sabnzbd/SABnzbd.py" "--config-file" "/config" "--server" "::"
2026-09-12 21:02:02,101::INFO::[SABnzbd:1147] Certifi version = 2026.06.17
2026-09-12 21:02:02,104::INFO::[SABnzbd:1148] Loaded additional certificates from /lsiopy/lib/python3.14/site-packages/certifi/cacert.pem
2026-09-12 21:02:02,105::INFO::[SABnzbd:1154] Using INI file /config/sabnzbd.ini
2026-09-12 21:02:02,106::INFO::[postproc:153] Loading postproc queue
2026-09-12 21:02:02,107::INFO::[scheduler:191] Scheduling RSS interval task every 60 min (delay=36)
2026-09-12 21:02:02,107::INFO::[scheduler:200] Scheduling version check in 10 minutes and daily at 15:3
2026-09-12 21:02:02,108::INFO::[scheduler:215] Setting schedule for midnight auto history-purge
2026-09-12 21:02:02,108::INFO::[scheduler:224] Setting schedule for midnight BPS reset
2026-09-12 21:02:02,108::INFO::[scheduler:233] Setting schedule for midnight server expiration check
2026-09-12 21:02:02,108::INFO::[scheduler:242] Setting schedule for server quota check
2026-09-12 21:02:02,109::INFO::[__init__:315] All processes started
2026-09-12 21:02:02,111::INFO::[SABnzbd:333] Template location for Glitter is /app/sabnzbd/interfaces/Glitter
2026-09-12 21:02:02,112::INFO::[SABnzbd:333] Template location for Config is /app/sabnzbd/interfaces/Config
2026-09-12 21:02:02,112::INFO::[misc:1469] [N/A] Running external command: ['/usr/bin/unrar']
2026-09-12 21:02:02,115::INFO::[misc:1469] [N/A] Running external command: ['/usr/bin/7zz']
2026-09-12 21:02:02,121::INFO::[misc:1469] [N/A] Running external command: ['/usr/local/bin/par2', '-V']
2026-09-12 21:02:02,127::INFO::[SABnzbd:418] SABCTools module (v9.6.3)... found!
2026-09-12 21:02:02,127::INFO::[SABnzbd:419] SABCTools module is using SIMD set: AVX2
2026-09-12 21:02:02,127::INFO::[SABnzbd:420] SABCTools module is linked to OpenSSL: True
2026-09-12 21:02:02,128::INFO::[SABnzbd:437] Cryptography module (v50.0.1)... found!
2026-09-12 21:02:02,128::INFO::[SABnzbd:440] par2 binary... found (/usr/local/bin/par2)
2026-09-12 21:02:02,128::INFO::[SABnzbd:447] UNRAR binary... found (/usr/bin/unrar)
2026-09-12 21:02:02,128::INFO::[SABnzbd:455] UNRAR binary version 7.23
2026-09-12 21:02:02,128::INFO::[SABnzbd:462] 7za binary... found (/usr/bin/7zz)
2026-09-12 21:02:02,129::INFO::[SABnzbd:464] 7za binary version 26.01
2026-09-12 21:02:02,129::INFO::[SABnzbd:470] nice binary... found (/bin/nice)
2026-09-12 21:02:02,129::INFO::[SABnzbd:474] ionice binary... found (/bin/ionice)
2026-09-12 21:02:02,130::INFO::[SABnzbd:1351] Starting web-interface on :::8080
2026-09-12 21:02:02,133::INFO::[_cplogging:213] [12/Sep/2026:21:02:02] ENGINE Bus STARTING
2026-09-12 21:02:02,238::INFO::[_cplogging:213] [12/Sep/2026:21:02:02] ENGINE Serving on http://:::8080
2026-09-12 21:02:02,238::INFO::[_cplogging:213] [12/Sep/2026:21:02:02] ENGINE Bus STARTED
2026-09-12 21:02:02,238::INFO::[SABnzbd:1390] Starting SABnzbd.py-5.1.3
2026-09-12 21:02:02,240::INFO::[dirscanner:121] Dirscanner starting up
2026-09-12 21:02:02,241::INFO::[panic:229] Launching browser with http://127.0.0.1:8080
2026-09-12 21:02:02,241::INFO::[notifier:169] Sending notification: SABnzbd - SABnzbd 5.1.3 started (type=startup, job_cat=None)
2026-09-12 21:02:02,242::INFO::[__init__:486] Commit = a647f73426cb70ad60ae7964b96c2d5e939b4727
2026-09-12 21:02:02,242::INFO::[__init__:487] Python-version = 3.14.7 (main, Aug 15 2026, 07:18:27) [GCC 15.2.0]
2026-09-12 21:02:02,242::INFO::[__init__:488] CPU architecture = x86_64
2026-09-12 21:02:02,243::INFO::[__init__:489] Platform = Docker
2026-09-12 21:02:02,243::INFO::[__init__:490] JSON-module = orjson 3.11.9
2026-09-12 21:02:02,243::INFO::[__init__:491] Preferred encoding = UTF-8
2026-09-12 21:02:02,243::INFO::[__init__:492] SSL version = OpenSSL 3.5.8 25 Aug 2026
2026-09-12 21:02:02,339::INFO::[zconfig:61] No bonjour/zeroconf support installed
2026-09-12 21:02:02,340::INFO::[ssdp:109] Serving SSDP on 10.69.90.82 as SABnzbd
2026-09-12 21:04:15,015::INFO::[__init__:208] Signal 15 caught, saving and exiting...
2026-09-12 21:04:15,018::INFO::[__init__:444] [N/A] Performing SABnzbd shutdown
2026-09-12 21:04:15,018::INFO::[__init__:348] SABnzbd shutting down...
2026-09-12 21:04:15,018::INFO::[ssdp:103] Stopping SSDP
2026-09-12 21:04:15,019::INFO::[directunpacker:554] Aborting all DirectUnpackers
2026-09-12 21:04:15,022::INFO::[notifier:169] Sending notification: SABnzbd - Shutting down (type=startup, job_cat=None)
2026-09-12 21:04:15,022::INFO::[downloader:690] Shutting down
2026-09-12 21:04:15,023::INFO::[nzbqueue:241] Saving queue
2026-09-12 21:04:15,024::INFO::[postproc:146] Saving postproc queue
2026-09-12 21:04:15,024::INFO::[__init__:424] All processes stopped
2026-09-12 21:04:15,025::INFO::[_cplogging:213] [12/Sep/2026:21:04:15] ENGINE Bus STOPPING
2026-09-12 21:04:15,463::INFO::[_cplogging:213] [12/Sep/2026:21:04:15] ENGINE HTTP Server cherrypy._cpwsgi_server.CPWSGIServer(('::', 8080)) shut down
2026-09-12 21:04:15,463::INFO::[_cplogging:213] [12/Sep/2026:21:04:15] ENGINE Bus STOPPED
2026-09-12 21:04:15,463::INFO::[_cplogging:213] [12/Sep/2026:21:04:15] ENGINE Bus EXITING
2026-09-12 21:04:15,464::INFO::[_cplogging:213] [12/Sep/2026:21:04:15] ENGINE Bus EXITED
2026-09-12 21:04:15,464::INFO::[notifier:169] Sending notification: SABnzbd - SABnzbd shutdown finished (type=startup, job_cat=None)
2026-09-12 21:04:15,464::INFO::[SABnzbd:1491] Leaving SABnzbd
2026-09-12 21:04:26,824::INFO::[SABnzbd:1135] --------------------------------
2026-09-12 21:04:26,825::INFO::[SABnzbd:1136] SABnzbd.py-5.1.3
2026-09-12 21:04:26,825::INFO::[SABnzbd:1137] Full executable path = /app/sabnzbd/SABnzbd.py
2026-09-12 21:04:26,825::INFO::[SABnzbd:1138] Arguments = "/app/sabnzbd/SABnzbd.py" "--config-file" "/config" "--server" "::"
2026-09-12 21:04:26,826::INFO::[SABnzbd:1147] Certifi version = 2026.06.17
2026-09-12 21:04:26,829::INFO::[SABnzbd:1148] Loaded additional certificates from /lsiopy/lib/python3.14/site-packages/certifi/cacert.pem
2026-09-12 21:04:26,829::INFO::[SABnzbd:1154] Using INI file /config/sabnzbd.ini
2026-09-12 21:04:26,831::INFO::[postproc:153] Loading postproc queue
2026-09-12 21:04:26,832::INFO::[scheduler:191] Scheduling RSS interval task every 60 min (delay=23)
2026-09-12 21:04:26,832::INFO::[scheduler:200] Scheduling version check in 10 minutes and daily at 16:55
2026-09-12 21:04:26,832::INFO::[scheduler:215] Setting schedule for midnight auto history-purge
2026-09-12 21:04:26,835::INFO::[scheduler:224] Setting schedule for midnight BPS reset
2026-09-12 21:04:26,835::INFO::[scheduler:233] Setting schedule for midnight server expiration check
2026-09-12 21:04:26,836::INFO::[scheduler:242] Setting schedule for server quota check
2026-09-12 21:04:26,836::INFO::[__init__:315] All processes started
2026-09-12 21:04:26,836::INFO::[SABnzbd:333] Template location for Glitter is /app/sabnzbd/interfaces/Glitter
2026-09-12 21:04:26,836::INFO::[SABnzbd:333] Template location for Config is /app/sabnzbd/interfaces/Config
2026-09-12 21:04:26,837::INFO::[misc:1469] [N/A] Running external command: ['/usr/bin/unrar']
2026-09-12 21:04:26,841::INFO::[misc:1469] [N/A] Running external command: ['/usr/bin/7zz']
2026-09-12 21:04:26,845::INFO::[misc:1469] [N/A] Running external command: ['/usr/local/bin/par2', '-V']
2026-09-12 21:04:26,850::INFO::[SABnzbd:418] SABCTools module (v9.6.3)... found!
2026-09-12 21:04:26,850::INFO::[SABnzbd:419] SABCTools module is using SIMD set: AVX2
2026-09-12 21:04:26,850::INFO::[SABnzbd:420] SABCTools module is linked to OpenSSL: True
2026-09-12 21:04:26,850::INFO::[SABnzbd:437] Cryptography module (v50.0.1)... found!
2026-09-12 21:04:26,850::INFO::[SABnzbd:440] par2 binary... found (/usr/local/bin/par2)
2026-09-12 21:04:26,850::INFO::[SABnzbd:447] UNRAR binary... found (/usr/bin/unrar)
2026-09-12 21:04:26,850::INFO::[SABnzbd:455] UNRAR binary version 7.23
2026-09-12 21:04:26,850::INFO::[SABnzbd:462] 7za binary... found (/usr/bin/7zz)
2026-09-12 21:04:26,851::INFO::[SABnzbd:464] 7za binary version 26.01
2026-09-12 21:04:26,851::INFO::[SABnzbd:470] nice binary... found (/bin/nice)
2026-09-12 21:04:26,851::INFO::[SABnzbd:474] ionice binary... found (/bin/ionice)
2026-09-12 21:04:26,851::INFO::[SABnzbd:1351] Starting web-interface on :::8080
2026-09-12 21:04:26,854::INFO::[_cplogging:213] [12/Sep/2026:21:04:26] ENGINE Bus STARTING
2026-09-12 21:04:26,963::INFO::[_cplogging:213] [12/Sep/2026:21:04:26] ENGINE Serving on http://:::8080
2026-09-12 21:04:26,963::INFO::[_cplogging:213] [12/Sep/2026:21:04:26] ENGINE Bus STARTED
2026-09-12 21:04:26,963::INFO::[SABnzbd:1390] Starting SABnzbd.py-5.1.3
2026-09-12 21:04:26,983::INFO::[dirscanner:121] Dirscanner starting up
2026-09-12 21:04:26,984::INFO::[panic:229] Launching browser with http://127.0.0.1:8080
2026-09-12 21:04:26,984::INFO::[notifier:169] Sending notification: SABnzbd - SABnzbd 5.1.3 started (type=startup, job_cat=None)
2026-09-12 21:04:26,985::INFO::[__init__:486] Commit = a647f73426cb70ad60ae7964b96c2d5e939b4727
2026-09-12 21:04:26,987::INFO::[__init__:487] Python-version = 3.14.7 (main, Aug 15 2026, 07:18:27) [GCC 15.2.0]
2026-09-12 21:04:26,988::INFO::[__init__:488] CPU architecture = x86_64
2026-09-12 21:04:26,989::INFO::[__init__:489] Platform = Docker
2026-09-12 21:04:26,989::INFO::[__init__:490] JSON-module = orjson 3.11.9
2026-09-12 21:04:26,995::INFO::[__init__:491] Preferred encoding = UTF-8
2026-09-12 21:04:26,995::INFO::[__init__:492] SSL version = OpenSSL 3.5.8 25 Aug 2026
2026-09-12 21:04:27,048::INFO::[zconfig:61] No bonjour/zeroconf support installed
2026-09-12 21:04:27,049::INFO::[ssdp:109] Serving SSDP on 10.69.90.82 as SABnzbd
2026-09-12 21:06:12,445::INFO::[__init__:208] Signal 15 caught, saving and exiting...
2026-09-12 21:06:12,445::INFO::[__init__:444] [N/A] Performing SABnzbd shutdown
2026-09-12 21:06:12,445::INFO::[__init__:348] SABnzbd shutting down...
2026-09-12 21:06:12,445::INFO::[ssdp:103] Stopping SSDP
2026-09-12 21:06:12,445::INFO::[directunpacker:554] Aborting all DirectUnpackers
2026-09-12 21:06:12,451::INFO::[notifier:169] Sending notification: SABnzbd - Shutting down (type=startup, job_cat=None)
2026-09-12 21:06:12,452::INFO::[downloader:690] Shutting down
2026-09-12 21:06:12,454::INFO::[nzbqueue:241] Saving queue
2026-09-12 21:06:12,455::INFO::[postproc:146] Saving postproc queue
2026-09-12 21:06:12,455::INFO::[__init__:424] All processes stopped
2026-09-12 21:06:12,455::INFO::[_cplogging:213] [12/Sep/2026:21:06:12] ENGINE Bus STOPPING
2026-09-12 21:06:12,722::INFO::[_cplogging:213] [12/Sep/2026:21:06:12] ENGINE HTTP Server cherrypy._cpwsgi_server.CPWSGIServer(('::', 8080)) shut down
2026-09-12 21:06:12,722::INFO::[_cplogging:213] [12/Sep/2026:21:06:12] ENGINE Bus STOPPED
2026-09-12 21:06:12,722::INFO::[_cplogging:213] [12/Sep/2026:21:06:12] ENGINE Bus EXITING
2026-09-12 21:06:12,722::INFO::[_cplogging:213] [12/Sep/2026:21:06:12] ENGINE Bus EXITED
2026-09-12 21:06:12,723::INFO::[notifier:169] Sending notification: SABnzbd - SABnzbd shutdown finished (type=startup, job_cat=None)
2026-09-12 21:06:12,723::INFO::[SABnzbd:1491] Leaving SABnzbd
2026-09-12 21:06:24,194::INFO::[SABnzbd:1135] --------------------------------
2026-09-12 21:06:24,194::INFO::[SABnzbd:1136] SABnzbd.py-5.1.3
2026-09-12 21:06:24,197::INFO::[SABnzbd:1137] Full executable path = /app/sabnzbd/SABnzbd.py
2026-09-12 21:06:24,198::INFO::[SABnzbd:1138] Arguments = "/app/sabnzbd/SABnzbd.py" "--config-file" "/config" "--server" "::"
2026-09-12 21:06:24,199::INFO::[SABnzbd:1147] Certifi version = 2026.06.17
2026-09-12 21:06:24,199::INFO::[SABnzbd:1148] Loaded additional certificates from /lsiopy/lib/python3.14/site-packages/certifi/cacert.pem
2026-09-12 21:06:24,199::INFO::[SABnzbd:1154] Using INI file /config/sabnzbd.ini
2026-09-12 21:06:24,204::INFO::[postproc:153] Loading postproc queue
2026-09-12 21:06:24,205::INFO::[scheduler:191] Scheduling RSS interval task every 60 min (delay=1)
2026-09-12 21:06:24,207::INFO::[scheduler:200] Scheduling version check in 10 minutes and daily at 23:16
2026-09-12 21:06:24,208::INFO::[scheduler:215] Setting schedule for midnight auto history-purge
2026-09-12 21:06:24,208::INFO::[scheduler:224] Setting schedule for midnight BPS reset
2026-09-12 21:06:24,208::INFO::[scheduler:233] Setting schedule for midnight server expiration check
2026-09-12 21:06:24,208::INFO::[scheduler:242] Setting schedule for server quota check
2026-09-12 21:06:24,209::INFO::[__init__:315] All processes started
2026-09-12 21:06:24,209::INFO::[SABnzbd:333] Template location for Glitter is /app/sabnzbd/interfaces/Glitter
2026-09-12 21:06:24,211::INFO::[SABnzbd:333] Template location for Config is /app/sabnzbd/interfaces/Config
2026-09-12 21:06:24,212::INFO::[misc:1469] [N/A] Running external command: ['/usr/bin/unrar']
2026-09-12 21:06:24,221::INFO::[misc:1469] [N/A] Running external command: ['/usr/bin/7zz']
2026-09-12 21:06:24,231::INFO::[misc:1469] [N/A] Running external command: ['/usr/local/bin/par2', '-V']
2026-09-12 21:06:24,238::INFO::[SABnzbd:418] SABCTools module (v9.6.3)... found!
2026-09-12 21:06:24,238::INFO::[SABnzbd:419] SABCTools module is using SIMD set: AVX2
2026-09-12 21:06:24,238::INFO::[SABnzbd:420] SABCTools module is linked to OpenSSL: True
2026-09-12 21:06:24,238::INFO::[SABnzbd:437] Cryptography module (v50.0.1)... found!
2026-09-12 21:06:24,238::INFO::[SABnzbd:440] par2 binary... found (/usr/local/bin/par2)
2026-09-12 21:06:24,238::INFO::[SABnzbd:447] UNRAR binary... found (/usr/bin/unrar)
2026-09-12 21:06:24,238::INFO::[SABnzbd:455] UNRAR binary version 7.23
2026-09-12 21:06:24,238::INFO::[SABnzbd:462] 7za binary... found (/usr/bin/7zz)
2026-09-12 21:06:24,238::INFO::[SABnzbd:464] 7za binary version 26.01
2026-09-12 21:06:24,238::INFO::[SABnzbd:470] nice binary... found (/bin/nice)
2026-09-12 21:06:24,238::INFO::[SABnzbd:474] ionice binary... found (/bin/ionice)
2026-09-12 21:06:24,239::INFO::[SABnzbd:1351] Starting web-interface on :::8080
2026-09-12 21:06:24,239::INFO::[_cplogging:213] [12/Sep/2026:21:06:24] ENGINE Bus STARTING
2026-09-12 21:06:24,360::INFO::[_cplogging:213] [12/Sep/2026:21:06:24] ENGINE Serving on http://:::8080
2026-09-12 21:06:24,360::INFO::[_cplogging:213] [12/Sep/2026:21:06:24] ENGINE Bus STARTED
2026-09-12 21:06:24,360::INFO::[SABnzbd:1390] Starting SABnzbd.py-5.1.3
2026-09-12 21:06:24,365::INFO::[dirscanner:121] Dirscanner starting up
2026-09-12 21:06:24,366::INFO::[panic:229] Launching browser with http://127.0.0.1:8080
2026-09-12 21:06:24,367::INFO::[notifier:169] Sending notification: SABnzbd - SABnzbd 5.1.3 started (type=startup, job_cat=None)
2026-09-12 21:06:24,367::INFO::[__init__:486] Commit = a647f73426cb70ad60ae7964b96c2d5e939b4727
2026-09-12 21:06:24,367::INFO::[__init__:487] Python-version = 3.14.7 (main, Aug 15 2026, 07:18:27) [GCC 15.2.0]
2026-09-12 21:06:24,367::INFO::[__init__:488] CPU architecture = x86_64
2026-09-12 21:06:24,367::INFO::[__init__:489] Platform = Docker
2026-09-12 21:06:24,367::INFO::[__init__:490] JSON-module = orjson 3.11.9
2026-09-12 21:06:24,368::INFO::[__init__:491] Preferred encoding = UTF-8
2026-09-12 21:06:24,368::INFO::[__init__:492] SSL version = OpenSSL 3.5.8 25 Aug 2026
2026-09-12 21:06:24,427::INFO::[zconfig:61] No bonjour/zeroconf support installed
2026-09-12 21:06:24,429::INFO::[ssdp:109] Serving SSDP on 10.69.90.82 as SABnzbd
2026-09-12 21:21:30,450::INFO::[__init__:208] Signal 15 caught, saving and exiting...
2026-09-12 21:21:30,451::INFO::[__init__:444] [N/A] Performing SABnzbd shutdown
2026-09-12 21:21:30,451::INFO::[__init__:348] SABnzbd shutting down...
2026-09-12 21:21:30,452::INFO::[ssdp:103] Stopping SSDP
2026-09-12 21:21:30,452::INFO::[directunpacker:554] Aborting all DirectUnpackers
2026-09-12 21:21:30,454::INFO::[notifier:169] Sending notification: SABnzbd - Shutting down (type=startup, job_cat=None)
2026-09-12 21:21:30,459::INFO::[downloader:690] Shutting down
2026-09-12 21:21:30,477::INFO::[nzbqueue:241] Saving queue
2026-09-12 21:21:30,483::INFO::[postproc:146] Saving postproc queue
2026-09-12 21:21:30,484::INFO::[__init__:424] All processes stopped
2026-09-12 21:21:30,484::INFO::[_cplogging:213] [12/Sep/2026:21:21:30] ENGINE Bus STOPPING
2026-09-12 21:21:30,639::INFO::[_cplogging:213] [12/Sep/2026:21:21:30] ENGINE HTTP Server cherrypy._cpwsgi_server.CPWSGIServer(('::', 8080)) shut down
2026-09-12 21:21:30,639::INFO::[_cplogging:213] [12/Sep/2026:21:21:30] ENGINE Bus STOPPED
2026-09-12 21:21:30,639::INFO::[_cplogging:213] [12/Sep/2026:21:21:30] ENGINE Bus EXITING
2026-09-12 21:21:30,639::INFO::[_cplogging:213] [12/Sep/2026:21:21:30] ENGINE Bus EXITED
2026-09-12 21:21:30,639::INFO::[notifier:169] Sending notification: SABnzbd - SABnzbd shutdown finished (type=startup, job_cat=None)
2026-09-12 21:21:30,639::INFO::[SABnzbd:1491] Leaving SABnzbd
2026-09-12 21:21:38,762::INFO::[SABnzbd:1135] --------------------------------
2026-09-12 21:21:38,762::INFO::[SABnzbd:1136] SABnzbd.py-5.1.3
2026-09-12 21:21:38,762::INFO::[SABnzbd:1137] Full executable path = /app/sabnzbd/SABnzbd.py
2026-09-12 21:21:38,763::INFO::[SABnzbd:1138] Arguments = "/app/sabnzbd/SABnzbd.py" "--config-file" "/config" "--server" "::"
2026-09-12 21:21:38,766::INFO::[SABnzbd:1147] Certifi version = 2026.06.17
2026-09-12 21:21:38,766::INFO::[SABnzbd:1148] Loaded additional certificates from /lsiopy/lib/python3.14/site-packages/certifi/cacert.pem
2026-09-12 21:21:38,766::INFO::[SABnzbd:1154] Using INI file /config/sabnzbd.ini
2026-09-12 21:21:38,768::INFO::[postproc:153] Loading postproc queue
2026-09-12 21:21:38,769::INFO::[scheduler:191] Scheduling RSS interval task every 60 min (delay=20)
2026-09-12 21:21:38,769::INFO::[scheduler:200] Scheduling version check in 10 minutes and daily at 10:46
2026-09-12 21:21:38,769::INFO::[scheduler:215] Setting schedule for midnight auto history-purge
2026-09-12 21:21:38,769::INFO::[scheduler:224] Setting schedule for midnight BPS reset
2026-09-12 21:21:38,770::INFO::[scheduler:233] Setting schedule for midnight server expiration check
2026-09-12 21:21:38,770::INFO::[scheduler:242] Setting schedule for server quota check
2026-09-12 21:21:38,770::INFO::[__init__:315] All processes started
2026-09-12 21:21:38,770::INFO::[SABnzbd:333] Template location for Glitter is /app/sabnzbd/interfaces/Glitter
2026-09-12 21:21:38,770::INFO::[SABnzbd:333] Template location for Config is /app/sabnzbd/interfaces/Config
2026-09-12 21:21:38,771::INFO::[misc:1469] [N/A] Running external command: ['/usr/bin/unrar']
2026-09-12 21:21:38,774::INFO::[misc:1469] [N/A] Running external command: ['/usr/bin/7zz']
2026-09-12 21:21:38,780::INFO::[misc:1469] [N/A] Running external command: ['/usr/local/bin/par2', '-V']
2026-09-12 21:21:38,794::INFO::[SABnzbd:418] SABCTools module (v9.6.3)... found!
2026-09-12 21:21:38,795::INFO::[SABnzbd:419] SABCTools module is using SIMD set: AVX2
2026-09-12 21:21:38,795::INFO::[SABnzbd:420] SABCTools module is linked to OpenSSL: True
2026-09-12 21:21:38,795::INFO::[SABnzbd:437] Cryptography module (v50.0.1)... found!
2026-09-12 21:21:38,795::INFO::[SABnzbd:440] par2 binary... found (/usr/local/bin/par2)
2026-09-12 21:21:38,795::INFO::[SABnzbd:447] UNRAR binary... found (/usr/bin/unrar)
2026-09-12 21:21:38,795::INFO::[SABnzbd:455] UNRAR binary version 7.23
2026-09-12 21:21:38,795::INFO::[SABnzbd:462] 7za binary... found (/usr/bin/7zz)
2026-09-12 21:21:38,795::INFO::[SABnzbd:464] 7za binary version 26.01
2026-09-12 21:21:38,796::INFO::[SABnzbd:470] nice binary... found (/bin/nice)
2026-09-12 21:21:38,796::INFO::[SABnzbd:474] ionice binary... found (/bin/ionice)
2026-09-12 21:21:38,796::INFO::[SABnzbd:1351] Starting web-interface on :::8080
2026-09-12 21:21:38,797::INFO::[_cplogging:213] [12/Sep/2026:21:21:38] ENGINE Bus STARTING
2026-09-12 21:21:38,906::INFO::[_cplogging:213] [12/Sep/2026:21:21:38] ENGINE Serving on http://:::8080
2026-09-12 21:21:38,910::INFO::[_cplogging:213] [12/Sep/2026:21:21:38] ENGINE Bus STARTED
2026-09-12 21:21:38,914::INFO::[SABnzbd:1390] Starting SABnzbd.py-5.1.3
2026-09-12 21:21:38,942::INFO::[dirscanner:121] Dirscanner starting up
2026-09-12 21:21:38,948::INFO::[panic:229] Launching browser with http://127.0.0.1:8080
2026-09-12 21:21:38,964::INFO::[notifier:169] Sending notification: SABnzbd - SABnzbd 5.1.3 started (type=startup, job_cat=None)
2026-09-12 21:21:38,975::INFO::[__init__:486] Commit = a647f73426cb70ad60ae7964b96c2d5e939b4727
2026-09-12 21:21:38,982::INFO::[__init__:487] Python-version = 3.14.7 (main, Aug 15 2026, 07:18:27) [GCC 15.2.0]
2026-09-12 21:21:38,988::INFO::[__init__:488] CPU architecture = x86_64
2026-09-12 21:21:38,998::INFO::[__init__:489] Platform = Docker
2026-09-12 21:21:39,005::INFO::[__init__:490] JSON-module = orjson 3.11.9
2026-09-12 21:21:39,010::INFO::[__init__:491] Preferred encoding = UTF-8
2026-09-12 21:21:39,020::INFO::[__init__:492] SSL version = OpenSSL 3.5.8 25 Aug 2026
2026-09-12 21:21:39,100::INFO::[zconfig:61] No bonjour/zeroconf support installed
2026-09-12 21:21:39,106::INFO::[ssdp:109] Serving SSDP on 10.69.90.82 as SABnzbd
2026-09-12 21:23:14,788::INFO::[__init__:208] Signal 15 caught, saving and exiting...
2026-09-12 21:23:14,789::INFO::[__init__:444] [N/A] Performing SABnzbd shutdown
2026-09-12 21:23:14,791::INFO::[__init__:348] SABnzbd shutting down...
2026-09-12 21:23:14,793::INFO::[ssdp:103] Stopping SSDP
2026-09-12 21:23:14,812::INFO::[directunpacker:554] Aborting all DirectUnpackers
2026-09-12 21:23:14,819::INFO::[notifier:169] Sending notification: SABnzbd - Shutting down (type=startup, job_cat=None)
2026-09-12 21:23:14,821::INFO::[downloader:690] Shutting down
2026-09-12 21:23:14,848::INFO::[nzbqueue:241] Saving queue
2026-09-12 21:23:14,849::INFO::[postproc:146] Saving postproc queue
2026-09-12 21:23:14,849::INFO::[__init__:424] All processes stopped
2026-09-12 21:23:14,849::INFO::[_cplogging:213] [12/Sep/2026:21:23:14] ENGINE Bus STOPPING
2026-09-12 21:23:15,251::INFO::[_cplogging:213] [12/Sep/2026:21:23:15] ENGINE HTTP Server cherrypy._cpwsgi_server.CPWSGIServer(('::', 8080)) shut down
2026-09-12 21:23:15,252::INFO::[_cplogging:213] [12/Sep/2026:21:23:15] ENGINE Bus STOPPED
2026-09-12 21:23:15,252::INFO::[_cplogging:213] [12/Sep/2026:21:23:15] ENGINE Bus EXITING
2026-09-12 21:23:15,252::INFO::[_cplogging:213] [12/Sep/2026:21:23:15] ENGINE Bus EXITED
2026-09-12 21:23:15,252::INFO::[notifier:169] Sending notification: SABnzbd - SABnzbd shutdown finished (type=startup, job_cat=None)
2026-09-12 21:23:15,252::INFO::[SABnzbd:1491] Leaving SABnzbd
2026-09-13 05:35:26,017::INFO::[SABnzbd:1135] --------------------------------
2026-09-13 05:35:26,019::INFO::[SABnzbd:1136] SABnzbd.py-5.1.3
2026-09-13 05:35:26,019::INFO::[SABnzbd:1137] Full executable path = /app/sabnzbd/SABnzbd.py
2026-09-13 05:35:26,019::INFO::[SABnzbd:1138] Arguments = "/app/sabnzbd/SABnzbd.py" "--config-file" "/config" "--server" "::"
2026-09-13 05:35:26,021::INFO::[SABnzbd:1147] Certifi version = 2026.06.17
2026-09-13 05:35:26,021::INFO::[SABnzbd:1148] Loaded additional certificates from /lsiopy/lib/python3.14/site-packages/certifi/cacert.pem
2026-09-13 05:35:26,021::INFO::[SABnzbd:1154] Using INI file /config/sabnzbd.ini
2026-09-13 05:35:26,027::INFO::[postproc:153] Loading postproc queue
2026-09-13 05:35:26,030::INFO::[scheduler:191] Scheduling RSS interval task every 60 min (delay=7)
2026-09-13 05:35:26,030::INFO::[scheduler:200] Scheduling version check in 10 minutes and daily at 20:44
2026-09-13 05:35:26,030::INFO::[scheduler:215] Setting schedule for midnight auto history-purge
2026-09-13 05:35:26,030::INFO::[scheduler:224] Setting schedule for midnight BPS reset
2026-09-13 05:35:26,030::INFO::[scheduler:233] Setting schedule for midnight server expiration check
2026-09-13 05:35:26,030::INFO::[scheduler:242] Setting schedule for server quota check
2026-09-13 05:35:26,031::INFO::[__init__:315] All processes started
2026-09-13 05:35:26,031::INFO::[SABnzbd:333] Template location for Glitter is /app/sabnzbd/interfaces/Glitter
2026-09-13 05:35:26,032::INFO::[SABnzbd:333] Template location for Config is /app/sabnzbd/interfaces/Config
2026-09-13 05:35:26,033::INFO::[misc:1469] [N/A] Running external command: ['/usr/bin/unrar']
2026-09-13 05:35:26,042::INFO::[misc:1469] [N/A] Running external command: ['/usr/bin/7zz']
2026-09-13 05:35:26,067::INFO::[misc:1469] [N/A] Running external command: ['/usr/local/bin/par2', '-V']
2026-09-13 05:35:26,076::INFO::[SABnzbd:418] SABCTools module (v9.6.3)... found!
2026-09-13 05:35:26,077::INFO::[SABnzbd:419] SABCTools module is using SIMD set: AVX2
2026-09-13 05:35:26,077::INFO::[SABnzbd:420] SABCTools module is linked to OpenSSL: True
2026-09-13 05:35:26,077::INFO::[SABnzbd:437] Cryptography module (v50.0.1)... found!
2026-09-13 05:35:26,077::INFO::[SABnzbd:440] par2 binary... found (/usr/local/bin/par2)
2026-09-13 05:35:26,077::INFO::[SABnzbd:447] UNRAR binary... found (/usr/bin/unrar)
2026-09-13 05:35:26,077::INFO::[SABnzbd:455] UNRAR binary version 7.23
2026-09-13 05:35:26,077::INFO::[SABnzbd:462] 7za binary... found (/usr/bin/7zz)
2026-09-13 05:35:26,077::INFO::[SABnzbd:464] 7za binary version 26.01
2026-09-13 05:35:26,077::INFO::[SABnzbd:470] nice binary... found (/bin/nice)
2026-09-13 05:35:26,077::INFO::[SABnzbd:474] ionice binary... found (/bin/ionice)
2026-09-13 05:35:26,078::INFO::[SABnzbd:1351] Starting web-interface on :::8080
2026-09-13 05:35:26,078::INFO::[_cplogging:213] [13/Sep/2026:05:35:26] ENGINE Bus STARTING
2026-09-13 05:35:26,196::INFO::[_cplogging:213] [13/Sep/2026:05:35:26] ENGINE Serving on http://:::8080
2026-09-13 05:35:26,196::INFO::[_cplogging:213] [13/Sep/2026:05:35:26] ENGINE Bus STARTED
2026-09-13 05:35:26,196::INFO::[SABnzbd:1390] Starting SABnzbd.py-5.1.3
2026-09-13 05:35:26,202::INFO::[dirscanner:121] Dirscanner starting up
2026-09-13 05:35:26,202::INFO::[panic:229] Launching browser with http://127.0.0.1:8080
2026-09-13 05:35:26,203::INFO::[notifier:169] Sending notification: SABnzbd - SABnzbd 5.1.3 started (type=startup, job_cat=None)
2026-09-13 05:35:26,203::INFO::[__init__:486] Commit = a647f73426cb70ad60ae7964b96c2d5e939b4727
2026-09-13 05:35:26,203::INFO::[__init__:487] Python-version = 3.14.7 (main, Aug 15 2026, 07:18:27) [GCC 15.2.0]
2026-09-13 05:35:26,203::INFO::[__init__:488] CPU architecture = x86_64
2026-09-13 05:35:26,203::INFO::[__init__:489] Platform = Docker
2026-09-13 05:35:26,203::INFO::[__init__:490] JSON-module = orjson 3.11.9
2026-09-13 05:35:26,203::INFO::[__init__:491] Preferred encoding = UTF-8
2026-09-13 05:35:26,203::INFO::[__init__:492] SSL version = OpenSSL 3.5.8 25 Aug 2026
2026-09-13 05:35:26,276::INFO::[zconfig:61] No bonjour/zeroconf support installed
2026-09-13 05:35:26,277::INFO::[ssdp:109] Serving SSDP on 10.69.90.82 as SABnzbd
2026-09-13 06:13:31,528::INFO::[__init__:208] Signal 15 caught, saving and exiting...
2026-09-13 06:13:31,528::INFO::[__init__:444] [N/A] Performing SABnzbd shutdown
2026-09-13 06:13:31,528::INFO::[__init__:348] SABnzbd shutting down...
2026-09-13 06:13:31,528::INFO::[ssdp:103] Stopping SSDP
2026-09-13 06:13:31,528::INFO::[directunpacker:554] Aborting all DirectUnpackers
2026-09-13 06:13:31,532::INFO::[notifier:169] Sending notification: SABnzbd - Shutting down (type=startup, job_cat=None)
2026-09-13 06:13:31,532::INFO::[downloader:690] Shutting down
2026-09-13 06:13:31,533::INFO::[nzbqueue:241] Saving queue
2026-09-13 06:13:31,534::INFO::[postproc:146] Saving postproc queue
2026-09-13 06:13:31,534::INFO::[__init__:424] All processes stopped
2026-09-13 06:13:31,534::INFO::[_cplogging:213] [13/Sep/2026:06:13:31] ENGINE Bus STOPPING
2026-09-13 06:13:31,928::INFO::[_cplogging:213] [13/Sep/2026:06:13:31] ENGINE HTTP Server cherrypy._cpwsgi_server.CPWSGIServer(('::', 8080)) shut down
2026-09-13 06:13:31,939::INFO::[_cplogging:213] [13/Sep/2026:06:13:31] ENGINE Bus STOPPED
2026-09-13 06:13:31,949::INFO::[_cplogging:213] [13/Sep/2026:06:13:31] ENGINE Bus EXITING
2026-09-13 06:13:31,960::INFO::[_cplogging:213] [13/Sep/2026:06:13:31] ENGINE Bus EXITED
2026-09-13 06:13:31,970::INFO::[notifier:169] Sending notification: SABnzbd - SABnzbd shutdown finished (type=startup, job_cat=None)
2026-09-13 06:13:31,971::INFO::[SABnzbd:1491] Leaving SABnzbd
2026-09-13 06:18:52,401::INFO::[SABnzbd:1135] --------------------------------
2026-09-13 06:18:52,403::INFO::[SABnzbd:1136] SABnzbd.py-5.1.3
2026-09-13 06:18:52,404::INFO::[SABnzbd:1137] Full executable path = /app/sabnzbd/SABnzbd.py
2026-09-13 06:18:52,404::INFO::[SABnzbd:1138] Arguments = "/app/sabnzbd/SABnzbd.py" "--config-file" "/config" "--server" "::"
2026-09-13 06:18:52,405::INFO::[SABnzbd:1147] Certifi version = 2026.06.17
2026-09-13 06:18:52,405::INFO::[SABnzbd:1148] Loaded additional certificates from /lsiopy/lib/python3.14/site-packages/certifi/cacert.pem
2026-09-13 06:18:52,405::INFO::[SABnzbd:1154] Using INI file /config/sabnzbd.ini
2026-09-13 06:18:52,407::INFO::[postproc:153] Loading postproc queue
2026-09-13 06:18:52,410::INFO::[scheduler:191] Scheduling RSS interval task every 60 min (delay=1)
2026-09-13 06:18:52,410::INFO::[scheduler:200] Scheduling version check in 10 minutes and daily at 9:44
2026-09-13 06:18:52,411::INFO::[scheduler:215] Setting schedule for midnight auto history-purge
2026-09-13 06:18:52,412::INFO::[scheduler:224] Setting schedule for midnight BPS reset
2026-09-13 06:18:52,412::INFO::[scheduler:233] Setting schedule for midnight server expiration check
2026-09-13 06:18:52,412::INFO::[scheduler:242] Setting schedule for server quota check
2026-09-13 06:18:52,413::INFO::[__init__:315] All processes started
2026-09-13 06:18:52,414::INFO::[SABnzbd:333] Template location for Glitter is /app/sabnzbd/interfaces/Glitter
2026-09-13 06:18:52,415::INFO::[SABnzbd:333] Template location for Config is /app/sabnzbd/interfaces/Config
2026-09-13 06:18:52,415::INFO::[misc:1469] [N/A] Running external command: ['/usr/bin/unrar']
2026-09-13 06:18:52,421::INFO::[misc:1469] [N/A] Running external command: ['/usr/bin/7zz']
2026-09-13 06:18:52,430::INFO::[misc:1469] [N/A] Running external command: ['/usr/local/bin/par2', '-V']
2026-09-13 06:18:52,438::INFO::[SABnzbd:418] SABCTools module (v9.6.3)... found!
2026-09-13 06:18:52,439::INFO::[SABnzbd:419] SABCTools module is using SIMD set: AVX2
2026-09-13 06:18:52,439::INFO::[SABnzbd:420] SABCTools module is linked to OpenSSL: True
2026-09-13 06:18:52,439::INFO::[SABnzbd:437] Cryptography module (v50.0.1)... found!
2026-09-13 06:18:52,439::INFO::[SABnzbd:440] par2 binary... found (/usr/local/bin/par2)
2026-09-13 06:18:52,439::INFO::[SABnzbd:447] UNRAR binary... found (/usr/bin/unrar)
2026-09-13 06:18:52,439::INFO::[SABnzbd:455] UNRAR binary version 7.23
2026-09-13 06:18:52,439::INFO::[SABnzbd:462] 7za binary... found (/usr/bin/7zz)
2026-09-13 06:18:52,439::INFO::[SABnzbd:464] 7za binary version 26.01
2026-09-13 06:18:52,439::INFO::[SABnzbd:470] nice binary... found (/bin/nice)
2026-09-13 06:18:52,439::INFO::[SABnzbd:474] ionice binary... found (/bin/ionice)
2026-09-13 06:18:52,440::INFO::[SABnzbd:1351] Starting web-interface on :::8080
2026-09-13 06:18:52,440::INFO::[_cplogging:213] [13/Sep/2026:06:18:52] ENGINE Bus STARTING
2026-09-13 06:18:52,565::INFO::[_cplogging:213] [13/Sep/2026:06:18:52] ENGINE Serving on http://:::8080
2026-09-13 06:18:52,565::INFO::[_cplogging:213] [13/Sep/2026:06:18:52] ENGINE Bus STARTED
2026-09-13 06:18:52,565::INFO::[SABnzbd:1390] Starting SABnzbd.py-5.1.3
2026-09-13 06:18:52,576::INFO::[dirscanner:121] Dirscanner starting up
2026-09-13 06:18:52,577::INFO::[panic:229] Launching browser with http://127.0.0.1:8080
2026-09-13 06:18:52,577::INFO::[notifier:169] Sending notification: SABnzbd - SABnzbd 5.1.3 started (type=startup, job_cat=None)
2026-09-13 06:18:52,579::INFO::[__init__:486] Commit = a647f73426cb70ad60ae7964b96c2d5e939b4727
2026-09-13 06:18:52,580::INFO::[__init__:487] Python-version = 3.14.7 (main, Aug 15 2026, 07:18:27) [GCC 15.2.0]
2026-09-13 06:18:52,580::INFO::[__init__:488] CPU architecture = x86_64
2026-09-13 06:18:52,580::INFO::[__init__:489] Platform = Docker
2026-09-13 06:18:52,580::INFO::[__init__:490] JSON-module = orjson 3.11.9
2026-09-13 06:18:52,580::INFO::[__init__:491] Preferred encoding = UTF-8
2026-09-13 06:18:52,580::INFO::[__init__:492] SSL version = OpenSSL 3.5.8 25 Aug 2026
2026-09-13 06:18:52,618::INFO::[zconfig:61] No bonjour/zeroconf support installed
2026-09-13 06:18:52,618::INFO::[ssdp:109] Serving SSDP on 10.69.90.82 as SABnzbd
2026-09-13 06:43:34,259::INFO::[__init__:208] Signal 15 caught, saving and exiting...
2026-09-13 06:43:34,259::INFO::[__init__:444] [N/A] Performing SABnzbd shutdown
2026-09-13 06:43:34,259::INFO::[__init__:348] SABnzbd shutting down...
2026-09-13 06:43:34,259::INFO::[ssdp:103] Stopping SSDP
2026-09-13 06:43:34,259::INFO::[directunpacker:554] Aborting all DirectUnpackers
2026-09-13 06:43:34,262::INFO::[notifier:169] Sending notification: SABnzbd - Shutting down (type=startup, job_cat=None)
2026-09-13 06:43:34,262::INFO::[downloader:690] Shutting down
2026-09-13 06:43:34,263::INFO::[nzbqueue:241] Saving queue
2026-09-13 06:43:34,263::INFO::[postproc:146] Saving postproc queue
2026-09-13 06:43:34,264::INFO::[__init__:424] All processes stopped
2026-09-13 06:43:34,264::INFO::[_cplogging:213] [13/Sep/2026:06:43:34] ENGINE Bus STOPPING
2026-09-13 06:43:34,390::INFO::[_cplogging:213] [13/Sep/2026:06:43:34] ENGINE HTTP Server cherrypy._cpwsgi_server.CPWSGIServer(('::', 8080)) shut down
2026-09-13 06:43:34,391::INFO::[_cplogging:213] [13/Sep/2026:06:43:34] ENGINE Bus STOPPED
2026-09-13 06:43:34,391::INFO::[_cplogging:213] [13/Sep/2026:06:43:34] ENGINE Bus EXITING
2026-09-13 06:43:34,391::INFO::[_cplogging:213] [13/Sep/2026:06:43:34] ENGINE Bus EXITED
2026-09-13 06:43:34,391::INFO::[notifier:169] Sending notification: SABnzbd - SABnzbd shutdown finished (type=startup, job_cat=None)
2026-09-13 06:43:34,391::INFO::[SABnzbd:1491] Leaving SABnzbd
2026-09-13 06:46:07,809::INFO::[SABnzbd:1135] --------------------------------
2026-09-13 06:46:07,812::INFO::[SABnzbd:1136] SABnzbd.py-5.1.3
2026-09-13 06:46:07,815::INFO::[SABnzbd:1137] Full executable path = /app/sabnzbd/SABnzbd.py
2026-09-13 06:46:07,816::INFO::[SABnzbd:1138] Arguments = "/app/sabnzbd/SABnzbd.py" "--config-file" "/config" "--server" "::"
2026-09-13 06:46:07,819::INFO::[SABnzbd:1147] Certifi version = 2026.06.17
2026-09-13 06:46:07,820::INFO::[SABnzbd:1148] Loaded additional certificates from /lsiopy/lib/python3.14/site-packages/certifi/cacert.pem
2026-09-13 06:46:07,820::INFO::[SABnzbd:1154] Using INI file /config/sabnzbd.ini
2026-09-13 06:46:07,826::INFO::[postproc:153] Loading postproc queue
2026-09-13 06:46:07,826::INFO::[scheduler:191] Scheduling RSS interval task every 60 min (delay=20)
2026-09-13 06:46:07,828::INFO::[scheduler:200] Scheduling version check in 10 minutes and daily at 3:9
2026-09-13 06:46:07,829::INFO::[scheduler:215] Setting schedule for midnight auto history-purge
2026-09-13 06:46:07,829::INFO::[scheduler:224] Setting schedule for midnight BPS reset
2026-09-13 06:46:07,830::INFO::[scheduler:233] Setting schedule for midnight server expiration check
2026-09-13 06:46:07,831::INFO::[scheduler:242] Setting schedule for server quota check
2026-09-13 06:46:07,835::INFO::[__init__:315] All processes started
2026-09-13 06:46:07,835::INFO::[SABnzbd:333] Template location for Glitter is /app/sabnzbd/interfaces/Glitter
2026-09-13 06:46:07,835::INFO::[SABnzbd:333] Template location for Config is /app/sabnzbd/interfaces/Config
2026-09-13 06:46:07,836::INFO::[misc:1469] [N/A] Running external command: ['/usr/bin/unrar']
2026-09-13 06:46:07,846::INFO::[misc:1469] [N/A] Running external command: ['/usr/bin/7zz']
2026-09-13 06:46:07,875::INFO::[misc:1469] [N/A] Running external command: ['/usr/local/bin/par2', '-V']
2026-09-13 06:46:07,886::INFO::[SABnzbd:418] SABCTools module (v9.6.3)... found!
2026-09-13 06:46:07,891::INFO::[SABnzbd:419] SABCTools module is using SIMD set: AVX2
2026-09-13 06:46:07,891::INFO::[SABnzbd:420] SABCTools module is linked to OpenSSL: True
2026-09-13 06:46:07,892::INFO::[SABnzbd:437] Cryptography module (v50.0.1)... found!
2026-09-13 06:46:07,892::INFO::[SABnzbd:440] par2 binary... found (/usr/local/bin/par2)
2026-09-13 06:46:07,892::INFO::[SABnzbd:447] UNRAR binary... found (/usr/bin/unrar)
2026-09-13 06:46:07,892::INFO::[SABnzbd:455] UNRAR binary version 7.23
2026-09-13 06:46:07,892::INFO::[SABnzbd:462] 7za binary... found (/usr/bin/7zz)
2026-09-13 06:46:07,892::INFO::[SABnzbd:464] 7za binary version 26.01
2026-09-13 06:46:07,892::INFO::[SABnzbd:470] nice binary... found (/bin/nice)
2026-09-13 06:46:07,892::INFO::[SABnzbd:474] ionice binary... found (/bin/ionice)
2026-09-13 06:46:07,893::INFO::[SABnzbd:1351] Starting web-interface on :::8080
2026-09-13 06:46:07,893::INFO::[_cplogging:213] [13/Sep/2026:06:46:07] ENGINE Bus STARTING
2026-09-13 06:46:08,006::INFO::[_cplogging:213] [13/Sep/2026:06:46:08] ENGINE Serving on http://:::8080
2026-09-13 06:46:08,007::INFO::[_cplogging:213] [13/Sep/2026:06:46:08] ENGINE Bus STARTED
2026-09-13 06:46:08,007::INFO::[SABnzbd:1390] Starting SABnzbd.py-5.1.3
2026-09-13 06:46:08,018::INFO::[dirscanner:121] Dirscanner starting up
2026-09-13 06:46:08,033::INFO::[panic:229] Launching browser with http://127.0.0.1:8080
2026-09-13 06:46:08,034::INFO::[notifier:169] Sending notification: SABnzbd - SABnzbd 5.1.3 started (type=startup, job_cat=None)
2026-09-13 06:46:08,036::INFO::[__init__:486] Commit = a647f73426cb70ad60ae7964b96c2d5e939b4727
2026-09-13 06:46:08,036::INFO::[__init__:487] Python-version = 3.14.7 (main, Aug 15 2026, 07:18:27) [GCC 15.2.0]
2026-09-13 06:46:08,036::INFO::[__init__:488] CPU architecture = x86_64
2026-09-13 06:46:08,036::INFO::[__init__:489] Platform = Docker
2026-09-13 06:46:08,036::INFO::[__init__:490] JSON-module = orjson 3.11.9
2026-09-13 06:46:08,036::INFO::[__init__:491] Preferred encoding = UTF-8
2026-09-13 06:46:08,036::INFO::[__init__:492] SSL version = OpenSSL 3.5.8 25 Aug 2026
2026-09-13 06:46:08,083::INFO::[zconfig:61] No bonjour/zeroconf support installed
2026-09-13 06:46:08,084::INFO::[ssdp:109] Serving SSDP on 10.69.90.82 as SABnzbd
2026-09-13 07:01:35,253::INFO::[__init__:208] Signal 15 caught, saving and exiting...
2026-09-13 07:01:35,254::INFO::[__init__:444] [N/A] Performing SABnzbd shutdown
2026-09-13 07:01:35,254::INFO::[__init__:348] SABnzbd shutting down...
2026-09-13 07:01:35,254::INFO::[ssdp:103] Stopping SSDP
2026-09-13 07:01:35,254::INFO::[directunpacker:554] Aborting all DirectUnpackers
2026-09-13 07:01:35,279::INFO::[notifier:169] Sending notification: SABnzbd - Shutting down (type=startup, job_cat=None)
2026-09-13 07:01:35,282::INFO::[downloader:690] Shutting down
2026-09-13 07:01:35,291::INFO::[nzbqueue:241] Saving queue
2026-09-13 07:01:35,292::INFO::[postproc:146] Saving postproc queue
2026-09-13 07:01:35,297::INFO::[__init__:424] All processes stopped
2026-09-13 07:01:35,297::INFO::[_cplogging:213] [13/Sep/2026:07:01:35] ENGINE Bus STOPPING
2026-09-13 07:01:35,625::INFO::[_cplogging:213] [13/Sep/2026:07:01:35] ENGINE HTTP Server cherrypy._cpwsgi_server.CPWSGIServer(('::', 8080)) shut down
2026-09-13 07:01:35,625::INFO::[_cplogging:213] [13/Sep/2026:07:01:35] ENGINE Bus STOPPED
2026-09-13 07:01:35,625::INFO::[_cplogging:213] [13/Sep/2026:07:01:35] ENGINE Bus EXITING
2026-09-13 07:01:35,625::INFO::[_cplogging:213] [13/Sep/2026:07:01:35] ENGINE Bus EXITED
2026-09-13 07:01:35,625::INFO::[notifier:169] Sending notification: SABnzbd - SABnzbd shutdown finished (type=startup, job_cat=None)
2026-09-13 07:01:35,626::INFO::[SABnzbd:1491] Leaving SABnzbd
2026-09-13 07:15:50,325::INFO::[SABnzbd:1135] --------------------------------
2026-09-13 07:15:50,329::INFO::[SABnzbd:1136] SABnzbd.py-5.1.3
2026-09-13 07:15:50,330::INFO::[SABnzbd:1137] Full executable path = /app/sabnzbd/SABnzbd.py
2026-09-13 07:15:50,330::INFO::[SABnzbd:1138] Arguments = "/app/sabnzbd/SABnzbd.py" "--config-file" "/config" "--server" "::"
2026-09-13 07:15:50,335::INFO::[SABnzbd:1147] Certifi version = 2026.06.17
2026-09-13 07:15:50,335::INFO::[SABnzbd:1148] Loaded additional certificates from /lsiopy/lib/python3.14/site-packages/certifi/cacert.pem
2026-09-13 07:15:50,335::INFO::[SABnzbd:1154] Using INI file /config/sabnzbd.ini
2026-09-13 07:15:50,338::INFO::[postproc:153] Loading postproc queue
2026-09-13 07:15:50,340::INFO::[scheduler:191] Scheduling RSS interval task every 60 min (delay=28)
2026-09-13 07:15:50,342::INFO::[scheduler:200] Scheduling version check in 10 minutes and daily at 14:2
2026-09-13 07:15:50,342::INFO::[scheduler:215] Setting schedule for midnight auto history-purge
2026-09-13 07:15:50,343::INFO::[scheduler:224] Setting schedule for midnight BPS reset
2026-09-13 07:15:50,343::INFO::[scheduler:233] Setting schedule for midnight server expiration check
2026-09-13 07:15:50,343::INFO::[scheduler:242] Setting schedule for server quota check
2026-09-13 07:15:50,343::INFO::[__init__:315] All processes started
2026-09-13 07:15:50,344::INFO::[SABnzbd:333] Template location for Glitter is /app/sabnzbd/interfaces/Glitter
2026-09-13 07:15:50,344::INFO::[SABnzbd:333] Template location for Config is /app/sabnzbd/interfaces/Config
2026-09-13 07:15:50,344::INFO::[misc:1469] [N/A] Running external command: ['/usr/bin/unrar']
2026-09-13 07:15:50,354::INFO::[misc:1469] [N/A] Running external command: ['/usr/bin/7zz']
2026-09-13 07:15:50,373::INFO::[misc:1469] [N/A] Running external command: ['/usr/local/bin/par2', '-V']
2026-09-13 07:15:50,378::INFO::[SABnzbd:418] SABCTools module (v9.6.3)... found!
2026-09-13 07:15:50,378::INFO::[SABnzbd:419] SABCTools module is using SIMD set: AVX2
2026-09-13 07:15:50,378::INFO::[SABnzbd:420] SABCTools module is linked to OpenSSL: True
2026-09-13 07:15:50,378::INFO::[SABnzbd:437] Cryptography module (v50.0.1)... found!
2026-09-13 07:15:50,379::INFO::[SABnzbd:440] par2 binary... found (/usr/local/bin/par2)
2026-09-13 07:15:50,379::INFO::[SABnzbd:447] UNRAR binary... found (/usr/bin/unrar)
2026-09-13 07:15:50,379::INFO::[SABnzbd:455] UNRAR binary version 7.23
2026-09-13 07:15:50,379::INFO::[SABnzbd:462] 7za binary... found (/usr/bin/7zz)
2026-09-13 07:15:50,379::INFO::[SABnzbd:464] 7za binary version 26.01
2026-09-13 07:15:50,379::INFO::[SABnzbd:470] nice binary... found (/bin/nice)
2026-09-13 07:15:50,379::INFO::[SABnzbd:474] ionice binary... found (/bin/ionice)
2026-09-13 07:15:50,380::INFO::[SABnzbd:1351] Starting web-interface on :::8080
2026-09-13 07:15:50,380::INFO::[_cplogging:213] [13/Sep/2026:07:15:50] ENGINE Bus STARTING
2026-09-13 07:15:50,492::INFO::[_cplogging:213] [13/Sep/2026:07:15:50] ENGINE Serving on http://:::8080
2026-09-13 07:15:50,492::INFO::[_cplogging:213] [13/Sep/2026:07:15:50] ENGINE Bus STARTED
2026-09-13 07:15:50,492::INFO::[SABnzbd:1390] Starting SABnzbd.py-5.1.3
2026-09-13 07:15:50,504::INFO::[dirscanner:121] Dirscanner starting up
2026-09-13 07:15:50,507::INFO::[panic:229] Launching browser with http://127.0.0.1:8080
2026-09-13 07:15:50,508::INFO::[notifier:169] Sending notification: SABnzbd - SABnzbd 5.1.3 started (type=startup, job_cat=None)
2026-09-13 07:15:50,509::INFO::[__init__:486] Commit = a647f73426cb70ad60ae7964b96c2d5e939b4727
2026-09-13 07:15:50,510::INFO::[__init__:487] Python-version = 3.14.7 (main, Aug 15 2026, 07:18:27) [GCC 15.2.0]
2026-09-13 07:15:50,510::INFO::[__init__:488] CPU architecture = x86_64
2026-09-13 07:15:50,510::INFO::[__init__:489] Platform = Docker
2026-09-13 07:15:50,510::INFO::[__init__:490] JSON-module = orjson 3.11.9
2026-09-13 07:15:50,510::INFO::[__init__:491] Preferred encoding = UTF-8
2026-09-13 07:15:50,510::INFO::[__init__:492] SSL version = OpenSSL 3.5.8 25 Aug 2026
2026-09-13 07:15:50,536::INFO::[zconfig:61] No bonjour/zeroconf support installed
2026-09-13 07:15:50,537::INFO::[ssdp:109] Serving SSDP on 10.69.90.82 as SABnzbd
2026-09-13 07:21:06,897::INFO::[__init__:208] Signal 15 caught, saving and exiting...
2026-09-13 07:21:06,897::INFO::[__init__:444] [N/A] Performing SABnzbd shutdown
2026-09-13 07:21:06,898::INFO::[__init__:348] SABnzbd shutting down...
2026-09-13 07:21:06,898::INFO::[ssdp:103] Stopping SSDP
2026-09-13 07:21:06,900::INFO::[directunpacker:554] Aborting all DirectUnpackers
2026-09-13 07:21:06,919::INFO::[notifier:169] Sending notification: SABnzbd - Shutting down (type=startup, job_cat=None)
2026-09-13 07:21:06,921::INFO::[downloader:690] Shutting down
2026-09-13 07:21:06,924::INFO::[nzbqueue:241] Saving queue
2026-09-13 07:21:06,924::INFO::[postproc:146] Saving postproc queue
2026-09-13 07:21:06,924::INFO::[__init__:424] All processes stopped
2026-09-13 07:21:06,924::INFO::[_cplogging:213] [13/Sep/2026:07:21:06] ENGINE Bus STOPPING
2026-09-13 07:21:07,165::INFO::[_cplogging:213] [13/Sep/2026:07:21:07] ENGINE HTTP Server cherrypy._cpwsgi_server.CPWSGIServer(('::', 8080)) shut down
2026-09-13 07:21:07,165::INFO::[_cplogging:213] [13/Sep/2026:07:21:07] ENGINE Bus STOPPED
2026-09-13 07:21:07,165::INFO::[_cplogging:213] [13/Sep/2026:07:21:07] ENGINE Bus EXITING
2026-09-13 07:21:07,165::INFO::[_cplogging:213] [13/Sep/2026:07:21:07] ENGINE Bus EXITED
2026-09-13 07:21:07,165::INFO::[notifier:169] Sending notification: SABnzbd - SABnzbd shutdown finished (type=startup, job_cat=None)
2026-09-13 07:21:07,165::INFO::[SABnzbd:1491] Leaving SABnzbd
2026-09-13 07:27:03,302::INFO::[SABnzbd:1135] --------------------------------
2026-09-13 07:27:03,304::INFO::[SABnzbd:1136] SABnzbd.py-5.1.3
2026-09-13 07:27:03,305::INFO::[SABnzbd:1137] Full executable path = /app/sabnzbd/SABnzbd.py
2026-09-13 07:27:03,305::INFO::[SABnzbd:1138] Arguments = "/app/sabnzbd/SABnzbd.py" "--config-file" "/config" "--server" "::"
2026-09-13 07:27:03,309::INFO::[SABnzbd:1147] Certifi version = 2026.06.17
2026-09-13 07:27:03,309::INFO::[SABnzbd:1148] Loaded additional certificates from /lsiopy/lib/python3.14/site-packages/certifi/cacert.pem
2026-09-13 07:27:03,309::INFO::[SABnzbd:1154] Using INI file /config/sabnzbd.ini
2026-09-13 07:27:03,311::INFO::[postproc:153] Loading postproc queue
2026-09-13 07:27:03,312::INFO::[scheduler:191] Scheduling RSS interval task every 60 min (delay=10)
2026-09-13 07:27:03,312::INFO::[scheduler:200] Scheduling version check in 10 minutes and daily at 5:3
2026-09-13 07:27:03,312::INFO::[scheduler:215] Setting schedule for midnight auto history-purge
2026-09-13 07:27:03,312::INFO::[scheduler:224] Setting schedule for midnight BPS reset
2026-09-13 07:27:03,312::INFO::[scheduler:233] Setting schedule for midnight server expiration check
2026-09-13 07:27:03,312::INFO::[scheduler:242] Setting schedule for server quota check
2026-09-13 07:27:03,312::INFO::[__init__:315] All processes started
2026-09-13 07:27:03,313::INFO::[SABnzbd:333] Template location for Glitter is /app/sabnzbd/interfaces/Glitter
2026-09-13 07:27:03,313::INFO::[SABnzbd:333] Template location for Config is /app/sabnzbd/interfaces/Config
2026-09-13 07:27:03,313::INFO::[misc:1469] [N/A] Running external command: ['/usr/bin/unrar']
2026-09-13 07:27:03,319::INFO::[misc:1469] [N/A] Running external command: ['/usr/bin/7zz']
2026-09-13 07:27:03,376::INFO::[misc:1469] [N/A] Running external command: ['/usr/local/bin/par2', '-V']
2026-09-13 07:27:03,381::INFO::[SABnzbd:418] SABCTools module (v9.6.3)... found!
2026-09-13 07:27:03,381::INFO::[SABnzbd:419] SABCTools module is using SIMD set: AVX2
2026-09-13 07:27:03,382::INFO::[SABnzbd:420] SABCTools module is linked to OpenSSL: True
2026-09-13 07:27:03,382::INFO::[SABnzbd:437] Cryptography module (v50.0.1)... found!
2026-09-13 07:27:03,382::INFO::[SABnzbd:440] par2 binary... found (/usr/local/bin/par2)
2026-09-13 07:27:03,382::INFO::[SABnzbd:447] UNRAR binary... found (/usr/bin/unrar)
2026-09-13 07:27:03,382::INFO::[SABnzbd:455] UNRAR binary version 7.23
2026-09-13 07:27:03,382::INFO::[SABnzbd:462] 7za binary... found (/usr/bin/7zz)
2026-09-13 07:27:03,382::INFO::[SABnzbd:464] 7za binary version 26.01
2026-09-13 07:27:03,382::INFO::[SABnzbd:470] nice binary... found (/bin/nice)
2026-09-13 07:27:03,382::INFO::[SABnzbd:474] ionice binary... found (/bin/ionice)
2026-09-13 07:27:03,383::INFO::[SABnzbd:1351] Starting web-interface on :::8080
2026-09-13 07:27:03,383::INFO::[_cplogging:213] [13/Sep/2026:07:27:03] ENGINE Bus STARTING
2026-09-13 07:27:03,490::INFO::[_cplogging:213] [13/Sep/2026:07:27:03] ENGINE Serving on http://:::8080
2026-09-13 07:27:03,490::INFO::[_cplogging:213] [13/Sep/2026:07:27:03] ENGINE Bus STARTED
2026-09-13 07:27:03,491::INFO::[SABnzbd:1390] Starting SABnzbd.py-5.1.3
2026-09-13 07:27:03,493::INFO::[dirscanner:121] Dirscanner starting up
2026-09-13 07:27:03,495::INFO::[panic:229] Launching browser with http://127.0.0.1:8080
2026-09-13 07:27:03,496::INFO::[notifier:169] Sending notification: SABnzbd - SABnzbd 5.1.3 started (type=startup, job_cat=None)
2026-09-13 07:27:03,500::INFO::[__init__:486] Commit = a647f73426cb70ad60ae7964b96c2d5e939b4727
2026-09-13 07:27:03,501::INFO::[__init__:487] Python-version = 3.14.7 (main, Aug 15 2026, 07:18:27) [GCC 15.2.0]
2026-09-13 07:27:03,501::INFO::[__init__:488] CPU architecture = x86_64
2026-09-13 07:27:03,501::INFO::[__init__:489] Platform = Docker
2026-09-13 07:27:03,501::INFO::[__init__:490] JSON-module = orjson 3.11.9
2026-09-13 07:27:03,501::INFO::[__init__:491] Preferred encoding = UTF-8
2026-09-13 07:27:03,501::INFO::[__init__:492] SSL version = OpenSSL 3.5.8 25 Aug 2026
2026-09-13 07:27:03,522::INFO::[zconfig:61] No bonjour/zeroconf support installed
2026-09-13 07:27:03,524::INFO::[ssdp:109] Serving SSDP on 10.69.90.82 as SABnzbd
2026-09-13 07:36:35,693::INFO::[__init__:208] Signal 15 caught, saving and exiting...
2026-09-13 07:36:35,694::INFO::[__init__:444] [N/A] Performing SABnzbd shutdown
2026-09-13 07:36:35,694::INFO::[__init__:348] SABnzbd shutting down...
2026-09-13 07:36:35,694::INFO::[ssdp:103] Stopping SSDP
2026-09-13 07:36:35,695::INFO::[directunpacker:554] Aborting all DirectUnpackers
2026-09-13 07:36:35,698::INFO::[notifier:169] Sending notification: SABnzbd - Shutting down (type=startup, job_cat=None)
2026-09-13 07:36:35,699::INFO::[downloader:690] Shutting down
2026-09-13 07:36:35,702::INFO::[nzbqueue:241] Saving queue
2026-09-13 07:36:35,702::INFO::[postproc:146] Saving postproc queue
2026-09-13 07:36:35,702::INFO::[__init__:424] All processes stopped
2026-09-13 07:36:35,703::INFO::[_cplogging:213] [13/Sep/2026:07:36:35] ENGINE Bus STOPPING
2026-09-13 07:36:35,749::INFO::[_cplogging:213] [13/Sep/2026:07:36:35] ENGINE HTTP Server cherrypy._cpwsgi_server.CPWSGIServer(('::', 8080)) shut down
2026-09-13 07:36:35,749::INFO::[_cplogging:213] [13/Sep/2026:07:36:35] ENGINE Bus STOPPED
2026-09-13 07:36:35,750::INFO::[_cplogging:213] [13/Sep/2026:07:36:35] ENGINE Bus EXITING
2026-09-13 07:36:35,750::INFO::[_cplogging:213] [13/Sep/2026:07:36:35] ENGINE Bus EXITED
2026-09-13 07:36:35,750::INFO::[notifier:169] Sending notification: SABnzbd - SABnzbd shutdown finished (type=startup, job_cat=None)
2026-09-13 07:36:35,750::INFO::[SABnzbd:1491] Leaving SABnzbd
2026-09-13 07:36:47,929::INFO::[SABnzbd:1135] --------------------------------
2026-09-13 07:36:47,929::INFO::[SABnzbd:1136] SABnzbd.py-5.1.3
2026-09-13 07:36:47,930::INFO::[SABnzbd:1137] Full executable path = /app/sabnzbd/SABnzbd.py
2026-09-13 07:36:47,930::INFO::[SABnzbd:1138] Arguments = "/app/sabnzbd/SABnzbd.py" "--config-file" "/config" "--server" "::"
2026-09-13 07:36:47,932::INFO::[SABnzbd:1147] Certifi version = 2026.06.17
2026-09-13 07:36:47,932::INFO::[SABnzbd:1148] Loaded additional certificates from /lsiopy/lib/python3.14/site-packages/certifi/cacert.pem
2026-09-13 07:36:47,932::INFO::[SABnzbd:1154] Using INI file /config/sabnzbd.ini
2026-09-13 07:36:47,934::INFO::[postproc:153] Loading postproc queue
2026-09-13 07:36:47,937::INFO::[scheduler:191] Scheduling RSS interval task every 60 min (delay=57)
2026-09-13 07:36:47,937::INFO::[scheduler:200] Scheduling version check in 10 minutes and daily at 20:2
2026-09-13 07:36:47,937::INFO::[scheduler:215] Setting schedule for midnight auto history-purge
2026-09-13 07:36:47,937::INFO::[scheduler:224] Setting schedule for midnight BPS reset
2026-09-13 07:36:47,937::INFO::[scheduler:233] Setting schedule for midnight server expiration check
2026-09-13 07:36:47,937::INFO::[scheduler:242] Setting schedule for server quota check
2026-09-13 07:36:47,938::INFO::[__init__:315] All processes started
2026-09-13 07:36:47,938::INFO::[SABnzbd:333] Template location for Glitter is /app/sabnzbd/interfaces/Glitter
2026-09-13 07:36:47,938::INFO::[SABnzbd:333] Template location for Config is /app/sabnzbd/interfaces/Config
2026-09-13 07:36:47,939::INFO::[misc:1469] [N/A] Running external command: ['/usr/bin/unrar']
2026-09-13 07:36:47,952::INFO::[misc:1469] [N/A] Running external command: ['/usr/bin/7zz']
2026-09-13 07:36:47,968::INFO::[misc:1469] [N/A] Running external command: ['/usr/local/bin/par2', '-V']
2026-09-13 07:36:47,972::INFO::[SABnzbd:418] SABCTools module (v9.6.3)... found!
2026-09-13 07:36:47,972::INFO::[SABnzbd:419] SABCTools module is using SIMD set: AVX2
2026-09-13 07:36:47,972::INFO::[SABnzbd:420] SABCTools module is linked to OpenSSL: True
2026-09-13 07:36:47,972::INFO::[SABnzbd:437] Cryptography module (v50.0.1)... found!
2026-09-13 07:36:47,973::INFO::[SABnzbd:440] par2 binary... found (/usr/local/bin/par2)
2026-09-13 07:36:47,973::INFO::[SABnzbd:447] UNRAR binary... found (/usr/bin/unrar)
2026-09-13 07:36:47,973::INFO::[SABnzbd:455] UNRAR binary version 7.23
2026-09-13 07:36:47,973::INFO::[SABnzbd:462] 7za binary... found (/usr/bin/7zz)
2026-09-13 07:36:47,973::INFO::[SABnzbd:464] 7za binary version 26.01
2026-09-13 07:36:47,974::INFO::[SABnzbd:470] nice binary... found (/bin/nice)
2026-09-13 07:36:47,974::INFO::[SABnzbd:474] ionice binary... found (/bin/ionice)
2026-09-13 07:36:47,975::INFO::[SABnzbd:1351] Starting web-interface on :::8080
2026-09-13 07:36:47,975::INFO::[_cplogging:213] [13/Sep/2026:07:36:47] ENGINE Bus STARTING
2026-09-13 07:36:48,078::INFO::[_cplogging:213] [13/Sep/2026:07:36:48] ENGINE Serving on http://:::8080
2026-09-13 07:36:48,079::INFO::[_cplogging:213] [13/Sep/2026:07:36:48] ENGINE Bus STARTED
2026-09-13 07:36:48,079::INFO::[SABnzbd:1390] Starting SABnzbd.py-5.1.3
2026-09-13 07:36:48,178::INFO::[dirscanner:121] Dirscanner starting up
2026-09-13 07:36:48,178::INFO::[panic:229] Launching browser with http://127.0.0.1:8080
2026-09-13 07:36:48,179::INFO::[notifier:169] Sending notification: SABnzbd - SABnzbd 5.1.3 started (type=startup, job_cat=None)
2026-09-13 07:36:48,181::INFO::[__init__:486] Commit = a647f73426cb70ad60ae7964b96c2d5e939b4727
2026-09-13 07:36:48,181::INFO::[__init__:487] Python-version = 3.14.7 (main, Aug 15 2026, 07:18:27) [GCC 15.2.0]
2026-09-13 07:36:48,182::INFO::[__init__:488] CPU architecture = x86_64
2026-09-13 07:36:48,182::INFO::[__init__:489] Platform = Docker
2026-09-13 07:36:48,182::INFO::[__init__:490] JSON-module = orjson 3.11.9
2026-09-13 07:36:48,182::INFO::[__init__:491] Preferred encoding = UTF-8
2026-09-13 07:36:48,182::INFO::[__init__:492] SSL version = OpenSSL 3.5.8 25 Aug 2026
2026-09-13 07:36:48,226::INFO::[zconfig:61] No bonjour/zeroconf support installed
2026-09-13 07:36:48,227::INFO::[ssdp:109] Serving SSDP on 10.69.90.82 as SABnzbd
2026-09-13 07:38:46,453::INFO::[__init__:208] Signal 15 caught, saving and exiting...
2026-09-13 07:38:46,453::INFO::[__init__:444] [N/A] Performing SABnzbd shutdown
2026-09-13 07:38:46,453::INFO::[__init__:348] SABnzbd shutting down...
2026-09-13 07:38:46,453::INFO::[ssdp:103] Stopping SSDP
2026-09-13 07:38:46,456::INFO::[directunpacker:554] Aborting all DirectUnpackers
2026-09-13 07:38:46,459::INFO::[notifier:169] Sending notification: SABnzbd - Shutting down (type=startup, job_cat=None)
2026-09-13 07:38:46,460::INFO::[downloader:690] Shutting down
2026-09-13 07:38:46,471::INFO::[nzbqueue:241] Saving queue
2026-09-13 07:38:46,472::INFO::[postproc:146] Saving postproc queue
2026-09-13 07:38:46,474::INFO::[__init__:424] All processes stopped
2026-09-13 07:38:46,477::INFO::[_cplogging:213] [13/Sep/2026:07:38:46] ENGINE Bus STOPPING
2026-09-13 07:38:46,864::INFO::[_cplogging:213] [13/Sep/2026:07:38:46] ENGINE HTTP Server cherrypy._cpwsgi_server.CPWSGIServer(('::', 8080)) shut down
2026-09-13 07:38:46,865::INFO::[_cplogging:213] [13/Sep/2026:07:38:46] ENGINE Bus STOPPED
2026-09-13 07:38:46,865::INFO::[_cplogging:213] [13/Sep/2026:07:38:46] ENGINE Bus EXITING
2026-09-13 07:38:46,865::INFO::[_cplogging:213] [13/Sep/2026:07:38:46] ENGINE Bus EXITED
2026-09-13 07:38:46,865::INFO::[notifier:169] Sending notification: SABnzbd - SABnzbd shutdown finished (type=startup, job_cat=None)
2026-09-13 07:38:46,865::INFO::[SABnzbd:1491] Leaving SABnzbd
2026-09-13 07:38:58,474::INFO::[SABnzbd:1135] --------------------------------
2026-09-13 07:38:58,475::INFO::[SABnzbd:1136] SABnzbd.py-5.1.3
2026-09-13 07:38:58,475::INFO::[SABnzbd:1137] Full executable path = /app/sabnzbd/SABnzbd.py
2026-09-13 07:38:58,475::INFO::[SABnzbd:1138] Arguments = "/app/sabnzbd/SABnzbd.py" "--config-file" "/config" "--server" "::"
2026-09-13 07:38:58,476::INFO::[SABnzbd:1147] Certifi version = 2026.06.17
2026-09-13 07:38:58,477::INFO::[SABnzbd:1148] Loaded additional certificates from /lsiopy/lib/python3.14/site-packages/certifi/cacert.pem
2026-09-13 07:38:58,478::INFO::[SABnzbd:1154] Using INI file /config/sabnzbd.ini
2026-09-13 07:38:58,480::INFO::[postproc:153] Loading postproc queue
2026-09-13 07:38:58,484::INFO::[scheduler:191] Scheduling RSS interval task every 60 min (delay=45)
2026-09-13 07:38:58,484::INFO::[scheduler:200] Scheduling version check in 10 minutes and daily at 10:18
2026-09-13 07:38:58,484::INFO::[scheduler:215] Setting schedule for midnight auto history-purge
2026-09-13 07:38:58,484::INFO::[scheduler:224] Setting schedule for midnight BPS reset
2026-09-13 07:38:58,484::INFO::[scheduler:233] Setting schedule for midnight server expiration check
2026-09-13 07:38:58,484::INFO::[scheduler:242] Setting schedule for server quota check
2026-09-13 07:38:58,485::INFO::[__init__:315] All processes started
2026-09-13 07:38:58,485::INFO::[SABnzbd:333] Template location for Glitter is /app/sabnzbd/interfaces/Glitter
2026-09-13 07:38:58,485::INFO::[SABnzbd:333] Template location for Config is /app/sabnzbd/interfaces/Config
2026-09-13 07:38:58,485::INFO::[misc:1469] [N/A] Running external command: ['/usr/bin/unrar']
2026-09-13 07:38:58,493::INFO::[misc:1469] [N/A] Running external command: ['/usr/bin/7zz']
2026-09-13 07:38:58,501::INFO::[misc:1469] [N/A] Running external command: ['/usr/local/bin/par2', '-V']
2026-09-13 07:38:58,504::INFO::[SABnzbd:418] SABCTools module (v9.6.3)... found!
2026-09-13 07:38:58,504::INFO::[SABnzbd:419] SABCTools module is using SIMD set: AVX2
2026-09-13 07:38:58,504::INFO::[SABnzbd:420] SABCTools module is linked to OpenSSL: True
2026-09-13 07:38:58,505::INFO::[SABnzbd:437] Cryptography module (v50.0.1)... found!
2026-09-13 07:38:58,505::INFO::[SABnzbd:440] par2 binary... found (/usr/local/bin/par2)
2026-09-13 07:38:58,505::INFO::[SABnzbd:447] UNRAR binary... found (/usr/bin/unrar)
2026-09-13 07:38:58,505::INFO::[SABnzbd:455] UNRAR binary version 7.23
2026-09-13 07:38:58,509::INFO::[SABnzbd:462] 7za binary... found (/usr/bin/7zz)
2026-09-13 07:38:58,510::INFO::[SABnzbd:464] 7za binary version 26.01
2026-09-13 07:38:58,510::INFO::[SABnzbd:470] nice binary... found (/bin/nice)
2026-09-13 07:38:58,510::INFO::[SABnzbd:474] ionice binary... found (/bin/ionice)
2026-09-13 07:38:58,511::INFO::[SABnzbd:1351] Starting web-interface on :::8080
2026-09-13 07:38:58,511::INFO::[_cplogging:213] [13/Sep/2026:07:38:58] ENGINE Bus STARTING
2026-09-13 07:38:58,619::INFO::[_cplogging:213] [13/Sep/2026:07:38:58] ENGINE Serving on http://:::8080
2026-09-13 07:38:58,619::INFO::[_cplogging:213] [13/Sep/2026:07:38:58] ENGINE Bus STARTED
2026-09-13 07:38:58,619::INFO::[SABnzbd:1390] Starting SABnzbd.py-5.1.3
2026-09-13 07:38:58,626::INFO::[dirscanner:121] Dirscanner starting up
2026-09-13 07:38:58,627::INFO::[panic:229] Launching browser with http://127.0.0.1:8080
2026-09-13 07:38:58,628::INFO::[notifier:169] Sending notification: SABnzbd - SABnzbd 5.1.3 started (type=startup, job_cat=None)
2026-09-13 07:38:58,628::INFO::[__init__:486] Commit = a647f73426cb70ad60ae7964b96c2d5e939b4727
2026-09-13 07:38:58,628::INFO::[__init__:487] Python-version = 3.14.7 (main, Aug 15 2026, 07:18:27) [GCC 15.2.0]
2026-09-13 07:38:58,628::INFO::[__init__:488] CPU architecture = x86_64
2026-09-13 07:38:58,629::INFO::[__init__:489] Platform = Docker
2026-09-13 07:38:58,629::INFO::[__init__:490] JSON-module = orjson 3.11.9
2026-09-13 07:38:58,629::INFO::[__init__:491] Preferred encoding = UTF-8
2026-09-13 07:38:58,629::INFO::[__init__:492] SSL version = OpenSSL 3.5.8 25 Aug 2026
2026-09-13 07:38:58,668::INFO::[zconfig:61] No bonjour/zeroconf support installed
2026-09-13 07:38:58,669::INFO::[ssdp:109] Serving SSDP on 10.69.90.82 as SABnzbd
2026-09-13 07:57:36,928::INFO::[__init__:208] Signal 15 caught, saving and exiting...
2026-09-13 07:57:36,929::INFO::[__init__:444] [N/A] Performing SABnzbd shutdown
2026-09-13 07:57:36,929::INFO::[__init__:348] SABnzbd shutting down...
2026-09-13 07:57:36,930::INFO::[ssdp:103] Stopping SSDP
2026-09-13 07:57:36,930::INFO::[directunpacker:554] Aborting all DirectUnpackers
2026-09-13 07:57:36,931::INFO::[notifier:169] Sending notification: SABnzbd - Shutting down (type=startup, job_cat=None)
2026-09-13 07:57:36,943::INFO::[downloader:690] Shutting down
2026-09-13 07:57:36,954::INFO::[nzbqueue:241] Saving queue
2026-09-13 07:57:36,957::INFO::[postproc:146] Saving postproc queue
2026-09-13 07:57:36,957::INFO::[__init__:424] All processes stopped
2026-09-13 07:57:36,958::INFO::[_cplogging:213] [13/Sep/2026:07:57:36] ENGINE Bus STOPPING
2026-09-13 07:57:37,160::INFO::[_cplogging:213] [13/Sep/2026:07:57:37] ENGINE HTTP Server cherrypy._cpwsgi_server.CPWSGIServer(('::', 8080)) shut down
2026-09-13 07:57:37,160::INFO::[_cplogging:213] [13/Sep/2026:07:57:37] ENGINE Bus STOPPED
2026-09-13 07:57:37,160::INFO::[_cplogging:213] [13/Sep/2026:07:57:37] ENGINE Bus EXITING
2026-09-13 07:57:37,160::INFO::[_cplogging:213] [13/Sep/2026:07:57:37] ENGINE Bus EXITED
2026-09-13 07:57:37,160::INFO::[notifier:169] Sending notification: SABnzbd - SABnzbd shutdown finished (type=startup, job_cat=None)
2026-09-13 07:57:37,160::INFO::[SABnzbd:1491] Leaving SABnzbd
2026-09-13 07:58:06,186::INFO::[SABnzbd:1135] --------------------------------
2026-09-13 07:58:06,187::INFO::[SABnzbd:1136] SABnzbd.py-5.1.3
2026-09-13 07:58:06,188::INFO::[SABnzbd:1137] Full executable path = /app/sabnzbd/SABnzbd.py
2026-09-13 07:58:06,191::INFO::[SABnzbd:1138] Arguments = "/app/sabnzbd/SABnzbd.py" "--config-file" "/config" "--server" "::"
2026-09-13 07:58:06,197::INFO::[SABnzbd:1147] Certifi version = 2026.06.17
2026-09-13 07:58:06,197::INFO::[SABnzbd:1148] Loaded additional certificates from /lsiopy/lib/python3.14/site-packages/certifi/cacert.pem
2026-09-13 07:58:06,197::INFO::[SABnzbd:1154] Using INI file /config/sabnzbd.ini
2026-09-13 07:58:06,199::INFO::[postproc:153] Loading postproc queue
2026-09-13 07:58:06,201::INFO::[scheduler:191] Scheduling RSS interval task every 60 min (delay=23)
2026-09-13 07:58:06,203::INFO::[scheduler:200] Scheduling version check in 10 minutes and daily at 13:15
2026-09-13 07:58:06,204::INFO::[scheduler:215] Setting schedule for midnight auto history-purge
2026-09-13 07:58:06,204::INFO::[scheduler:224] Setting schedule for midnight BPS reset
2026-09-13 07:58:06,204::INFO::[scheduler:233] Setting schedule for midnight server expiration check
2026-09-13 07:58:06,206::INFO::[scheduler:242] Setting schedule for server quota check
2026-09-13 07:58:06,207::INFO::[__init__:315] All processes started
2026-09-13 07:58:06,207::INFO::[SABnzbd:333] Template location for Glitter is /app/sabnzbd/interfaces/Glitter
2026-09-13 07:58:06,207::INFO::[SABnzbd:333] Template location for Config is /app/sabnzbd/interfaces/Config
2026-09-13 07:58:06,208::INFO::[misc:1469] [N/A] Running external command: ['/usr/bin/unrar']
2026-09-13 07:58:06,214::INFO::[misc:1469] [N/A] Running external command: ['/usr/bin/7zz']
2026-09-13 07:58:06,236::INFO::[misc:1469] [N/A] Running external command: ['/usr/local/bin/par2', '-V']
2026-09-13 07:58:06,244::INFO::[SABnzbd:418] SABCTools module (v9.6.3)... found!
2026-09-13 07:58:06,244::INFO::[SABnzbd:419] SABCTools module is using SIMD set: AVX2
2026-09-13 07:58:06,245::INFO::[SABnzbd:420] SABCTools module is linked to OpenSSL: True
2026-09-13 07:58:06,245::INFO::[SABnzbd:437] Cryptography module (v50.0.1)... found!
2026-09-13 07:58:06,245::INFO::[SABnzbd:440] par2 binary... found (/usr/local/bin/par2)
2026-09-13 07:58:06,245::INFO::[SABnzbd:447] UNRAR binary... found (/usr/bin/unrar)
2026-09-13 07:58:06,245::INFO::[SABnzbd:455] UNRAR binary version 7.23
2026-09-13 07:58:06,245::INFO::[SABnzbd:462] 7za binary... found (/usr/bin/7zz)
2026-09-13 07:58:06,245::INFO::[SABnzbd:464] 7za binary version 26.01
2026-09-13 07:58:06,245::INFO::[SABnzbd:470] nice binary... found (/bin/nice)
2026-09-13 07:58:06,245::INFO::[SABnzbd:474] ionice binary... found (/bin/ionice)
2026-09-13 07:58:06,246::INFO::[SABnzbd:1351] Starting web-interface on :::8080
2026-09-13 07:58:06,246::INFO::[_cplogging:213] [13/Sep/2026:07:58:06] ENGINE Bus STARTING
2026-09-13 07:58:06,352::INFO::[_cplogging:213] [13/Sep/2026:07:58:06] ENGINE Serving on http://:::8080
2026-09-13 07:58:06,352::INFO::[_cplogging:213] [13/Sep/2026:07:58:06] ENGINE Bus STARTED
2026-09-13 07:58:06,352::INFO::[SABnzbd:1390] Starting SABnzbd.py-5.1.3
2026-09-13 07:58:06,408::INFO::[dirscanner:121] Dirscanner starting up
2026-09-13 07:58:06,417::INFO::[panic:229] Launching browser with http://127.0.0.1:8080
2026-09-13 07:58:06,418::INFO::[notifier:169] Sending notification: SABnzbd - SABnzbd 5.1.3 started (type=startup, job_cat=None)
2026-09-13 07:58:06,421::INFO::[__init__:486] Commit = a647f73426cb70ad60ae7964b96c2d5e939b4727
2026-09-13 07:58:06,422::INFO::[__init__:487] Python-version = 3.14.7 (main, Aug 15 2026, 07:18:27) [GCC 15.2.0]
2026-09-13 07:58:06,422::INFO::[__init__:488] CPU architecture = x86_64
2026-09-13 07:58:06,423::INFO::[__init__:489] Platform = Docker
2026-09-13 07:58:06,429::INFO::[__init__:490] JSON-module = orjson 3.11.9
2026-09-13 07:58:06,430::INFO::[__init__:491] Preferred encoding = UTF-8
2026-09-13 07:58:06,431::INFO::[__init__:492] SSL version = OpenSSL 3.5.8 25 Aug 2026
2026-09-13 07:58:06,466::INFO::[zconfig:61] No bonjour/zeroconf support installed
2026-09-13 07:58:06,483::INFO::[ssdp:109] Serving SSDP on 10.69.90.82 as SABnzbd
2026-09-13 07:58:51,134::INFO::[__init__:208] Signal 15 caught, saving and exiting...
2026-09-13 07:58:51,135::INFO::[__init__:444] [N/A] Performing SABnzbd shutdown
2026-09-13 07:58:51,135::INFO::[__init__:348] SABnzbd shutting down...
2026-09-13 07:58:51,136::INFO::[ssdp:103] Stopping SSDP
2026-09-13 07:58:51,136::INFO::[directunpacker:554] Aborting all DirectUnpackers
2026-09-13 07:58:51,139::INFO::[notifier:169] Sending notification: SABnzbd - Shutting down (type=startup, job_cat=None)
2026-09-13 07:58:51,140::INFO::[downloader:690] Shutting down
2026-09-13 07:58:51,149::INFO::[nzbqueue:241] Saving queue
2026-09-13 07:58:51,150::INFO::[postproc:146] Saving postproc queue
2026-09-13 07:58:51,156::INFO::[__init__:424] All processes stopped
2026-09-13 07:58:51,164::INFO::[_cplogging:213] [13/Sep/2026:07:58:51] ENGINE Bus STOPPING
2026-09-13 07:58:51,541::INFO::[_cplogging:213] [13/Sep/2026:07:58:51] ENGINE HTTP Server cherrypy._cpwsgi_server.CPWSGIServer(('::', 8080)) shut down
2026-09-13 07:58:51,554::INFO::[_cplogging:213] [13/Sep/2026:07:58:51] ENGINE Bus STOPPED
2026-09-13 07:58:51,555::INFO::[_cplogging:213] [13/Sep/2026:07:58:51] ENGINE Bus EXITING
2026-09-13 07:58:51,555::INFO::[_cplogging:213] [13/Sep/2026:07:58:51] ENGINE Bus EXITED
2026-09-13 07:58:51,555::INFO::[notifier:169] Sending notification: SABnzbd - SABnzbd shutdown finished (type=startup, job_cat=None)
2026-09-13 07:58:51,555::INFO::[SABnzbd:1491] Leaving SABnzbd
2026-09-13 08:09:45,520::INFO::[SABnzbd:1135] --------------------------------
2026-09-13 08:09:45,520::INFO::[SABnzbd:1136] SABnzbd.py-5.1.3
2026-09-13 08:09:45,520::INFO::[SABnzbd:1137] Full executable path = /app/sabnzbd/SABnzbd.py
2026-09-13 08:09:45,520::INFO::[SABnzbd:1138] Arguments = "/app/sabnzbd/SABnzbd.py" "--config-file" "/config" "--server" "::"
2026-09-13 08:09:45,532::INFO::[SABnzbd:1147] Certifi version = 2026.06.17
2026-09-13 08:09:45,532::INFO::[SABnzbd:1148] Loaded additional certificates from /lsiopy/lib/python3.14/site-packages/certifi/cacert.pem
2026-09-13 08:09:45,532::INFO::[SABnzbd:1154] Using INI file /config/sabnzbd.ini
2026-09-13 08:09:45,544::INFO::[postproc:153] Loading postproc queue
2026-09-13 08:09:45,545::INFO::[scheduler:191] Scheduling RSS interval task every 60 min (delay=35)
2026-09-13 08:09:45,546::INFO::[scheduler:200] Scheduling version check in 10 minutes and daily at 1:58
2026-09-13 08:09:45,546::INFO::[scheduler:215] Setting schedule for midnight auto history-purge
2026-09-13 08:09:45,546::INFO::[scheduler:224] Setting schedule for midnight BPS reset
2026-09-13 08:09:45,546::INFO::[scheduler:233] Setting schedule for midnight server expiration check
2026-09-13 08:09:45,546::INFO::[scheduler:242] Setting schedule for server quota check
2026-09-13 08:09:45,548::INFO::[__init__:315] All processes started
2026-09-13 08:09:45,550::INFO::[SABnzbd:333] Template location for Glitter is /app/sabnzbd/interfaces/Glitter
2026-09-13 08:09:45,551::INFO::[SABnzbd:333] Template location for Config is /app/sabnzbd/interfaces/Config
2026-09-13 08:09:45,553::INFO::[misc:1469] [N/A] Running external command: ['/usr/bin/unrar']
2026-09-13 08:09:45,569::INFO::[misc:1469] [N/A] Running external command: ['/usr/bin/7zz']
2026-09-13 08:09:45,604::INFO::[misc:1469] [N/A] Running external command: ['/usr/local/bin/par2', '-V']
2026-09-13 08:09:45,616::INFO::[SABnzbd:418] SABCTools module (v9.6.3)... found!
2026-09-13 08:09:45,616::INFO::[SABnzbd:419] SABCTools module is using SIMD set: AVX2
2026-09-13 08:09:45,616::INFO::[SABnzbd:420] SABCTools module is linked to OpenSSL: True
2026-09-13 08:09:45,617::INFO::[SABnzbd:437] Cryptography module (v50.0.1)... found!
2026-09-13 08:09:45,617::INFO::[SABnzbd:440] par2 binary... found (/usr/local/bin/par2)
2026-09-13 08:09:45,617::INFO::[SABnzbd:447] UNRAR binary... found (/usr/bin/unrar)
2026-09-13 08:09:45,617::INFO::[SABnzbd:455] UNRAR binary version 7.23
2026-09-13 08:09:45,617::INFO::[SABnzbd:462] 7za binary... found (/usr/bin/7zz)
2026-09-13 08:09:45,617::INFO::[SABnzbd:464] 7za binary version 26.01
2026-09-13 08:09:45,617::INFO::[SABnzbd:470] nice binary... found (/bin/nice)
2026-09-13 08:09:45,617::INFO::[SABnzbd:474] ionice binary... found (/bin/ionice)
2026-09-13 08:09:45,618::INFO::[SABnzbd:1351] Starting web-interface on :::8080
2026-09-13 08:09:45,620::INFO::[_cplogging:213] [13/Sep/2026:08:09:45] ENGINE Bus STARTING
2026-09-13 08:09:45,725::INFO::[_cplogging:213] [13/Sep/2026:08:09:45] ENGINE Serving on http://:::8080
2026-09-13 08:09:45,725::INFO::[_cplogging:213] [13/Sep/2026:08:09:45] ENGINE Bus STARTED
2026-09-13 08:09:45,726::INFO::[SABnzbd:1390] Starting SABnzbd.py-5.1.3
2026-09-13 08:09:45,741::INFO::[dirscanner:121] Dirscanner starting up
2026-09-13 08:09:45,743::INFO::[panic:229] Launching browser with http://127.0.0.1:8080
2026-09-13 08:09:45,743::INFO::[notifier:169] Sending notification: SABnzbd - SABnzbd 5.1.3 started (type=startup, job_cat=None)
2026-09-13 08:09:45,744::INFO::[__init__:486] Commit = a647f73426cb70ad60ae7964b96c2d5e939b4727
2026-09-13 08:09:45,744::INFO::[__init__:487] Python-version = 3.14.7 (main, Aug 15 2026, 07:18:27) [GCC 15.2.0]
2026-09-13 08:09:45,744::INFO::[__init__:488] CPU architecture = x86_64
2026-09-13 08:09:45,744::INFO::[__init__:489] Platform = Docker
2026-09-13 08:09:45,752::INFO::[__init__:490] JSON-module = orjson 3.11.9
2026-09-13 08:09:45,752::INFO::[__init__:491] Preferred encoding = UTF-8
2026-09-13 08:09:45,752::INFO::[__init__:492] SSL version = OpenSSL 3.5.8 25 Aug 2026
2026-09-13 08:09:45,812::INFO::[zconfig:61] No bonjour/zeroconf support installed
2026-09-13 08:09:45,818::INFO::[ssdp:109] Serving SSDP on 10.69.90.82 as SABnzbd
2026-09-13 08:29:03,816::INFO::[__init__:208] Signal 15 caught, saving and exiting...
2026-09-13 08:29:03,817::INFO::[__init__:444] [N/A] Performing SABnzbd shutdown
2026-09-13 08:29:03,817::INFO::[__init__:348] SABnzbd shutting down...
2026-09-13 08:29:03,817::INFO::[ssdp:103] Stopping SSDP
2026-09-13 08:29:03,820::INFO::[directunpacker:554] Aborting all DirectUnpackers
2026-09-13 08:29:03,823::INFO::[notifier:169] Sending notification: SABnzbd - Shutting down (type=startup, job_cat=None)
2026-09-13 08:29:03,825::INFO::[downloader:690] Shutting down
2026-09-13 08:29:03,826::INFO::[nzbqueue:241] Saving queue
2026-09-13 08:29:03,828::INFO::[postproc:146] Saving postproc queue
2026-09-13 08:29:03,828::INFO::[__init__:424] All processes stopped
2026-09-13 08:29:03,828::INFO::[_cplogging:213] [13/Sep/2026:08:29:03] ENGINE Bus STOPPING
2026-09-13 08:29:04,133::INFO::[_cplogging:213] [13/Sep/2026:08:29:04] ENGINE HTTP Server cherrypy._cpwsgi_server.CPWSGIServer(('::', 8080)) shut down
2026-09-13 08:29:04,133::INFO::[_cplogging:213] [13/Sep/2026:08:29:04] ENGINE Bus STOPPED
2026-09-13 08:29:04,133::INFO::[_cplogging:213] [13/Sep/2026:08:29:04] ENGINE Bus EXITING
2026-09-13 08:29:04,133::INFO::[_cplogging:213] [13/Sep/2026:08:29:04] ENGINE Bus EXITED
2026-09-13 08:29:04,133::INFO::[notifier:169] Sending notification: SABnzbd - SABnzbd shutdown finished (type=startup, job_cat=None)
2026-09-13 08:29:04,133::INFO::[SABnzbd:1491] Leaving SABnzbd
2026-09-13 08:29:23,530::INFO::[SABnzbd:1135] --------------------------------
2026-09-13 08:29:23,530::INFO::[SABnzbd:1136] SABnzbd.py-5.1.3
2026-09-13 08:29:23,530::INFO::[SABnzbd:1137] Full executable path = /app/sabnzbd/SABnzbd.py
2026-09-13 08:29:23,531::INFO::[SABnzbd:1138] Arguments = "/app/sabnzbd/SABnzbd.py" "--config-file" "/config" "--server" "::"
2026-09-13 08:29:23,532::INFO::[SABnzbd:1147] Certifi version = 2026.06.17
2026-09-13 08:29:23,535::INFO::[SABnzbd:1148] Loaded additional certificates from /lsiopy/lib/python3.14/site-packages/certifi/cacert.pem
2026-09-13 08:29:23,535::INFO::[SABnzbd:1154] Using INI file /config/sabnzbd.ini
2026-09-13 08:29:23,536::INFO::[postproc:153] Loading postproc queue
2026-09-13 08:29:23,537::INFO::[scheduler:191] Scheduling RSS interval task every 60 min (delay=6)
2026-09-13 08:29:23,538::INFO::[scheduler:200] Scheduling version check in 10 minutes and daily at 16:58
2026-09-13 08:29:23,538::INFO::[scheduler:215] Setting schedule for midnight auto history-purge
2026-09-13 08:29:23,538::INFO::[scheduler:224] Setting schedule for midnight BPS reset
2026-09-13 08:29:23,538::INFO::[scheduler:233] Setting schedule for midnight server expiration check
2026-09-13 08:29:23,538::INFO::[scheduler:242] Setting schedule for server quota check
2026-09-13 08:29:23,539::INFO::[__init__:315] All processes started
2026-09-13 08:29:23,539::INFO::[SABnzbd:333] Template location for Glitter is /app/sabnzbd/interfaces/Glitter
2026-09-13 08:29:23,539::INFO::[SABnzbd:333] Template location for Config is /app/sabnzbd/interfaces/Config
2026-09-13 08:29:23,540::INFO::[misc:1469] [N/A] Running external command: ['/usr/bin/unrar']
2026-09-13 08:29:23,543::INFO::[misc:1469] [N/A] Running external command: ['/usr/bin/7zz']
2026-09-13 08:29:23,548::INFO::[misc:1469] [N/A] Running external command: ['/usr/local/bin/par2', '-V']
2026-09-13 08:29:23,552::INFO::[SABnzbd:418] SABCTools module (v9.6.3)... found!
2026-09-13 08:29:23,552::INFO::[SABnzbd:419] SABCTools module is using SIMD set: AVX2
2026-09-13 08:29:23,552::INFO::[SABnzbd:420] SABCTools module is linked to OpenSSL: True
2026-09-13 08:29:23,552::INFO::[SABnzbd:437] Cryptography module (v50.0.1)... found!
2026-09-13 08:29:23,552::INFO::[SABnzbd:440] par2 binary... found (/usr/local/bin/par2)
2026-09-13 08:29:23,552::INFO::[SABnzbd:447] UNRAR binary... found (/usr/bin/unrar)
2026-09-13 08:29:23,552::INFO::[SABnzbd:455] UNRAR binary version 7.23
2026-09-13 08:29:23,553::INFO::[SABnzbd:462] 7za binary... found (/usr/bin/7zz)
2026-09-13 08:29:23,553::INFO::[SABnzbd:464] 7za binary version 26.01
2026-09-13 08:29:23,553::INFO::[SABnzbd:470] nice binary... found (/bin/nice)
2026-09-13 08:29:23,553::INFO::[SABnzbd:474] ionice binary... found (/bin/ionice)
2026-09-13 08:29:23,553::INFO::[SABnzbd:1351] Starting web-interface on :::8080
2026-09-13 08:29:23,553::INFO::[_cplogging:213] [13/Sep/2026:08:29:23] ENGINE Bus STARTING
2026-09-13 08:29:23,657::INFO::[_cplogging:213] [13/Sep/2026:08:29:23] ENGINE Serving on http://:::8080
2026-09-13 08:29:23,658::INFO::[_cplogging:213] [13/Sep/2026:08:29:23] ENGINE Bus STARTED
2026-09-13 08:29:23,658::INFO::[SABnzbd:1390] Starting SABnzbd.py-5.1.3
2026-09-13 08:29:23,669::INFO::[dirscanner:121] Dirscanner starting up
2026-09-13 08:29:23,669::INFO::[panic:229] Launching browser with http://127.0.0.1:8080
2026-09-13 08:29:23,670::INFO::[notifier:169] Sending notification: SABnzbd - SABnzbd 5.1.3 started (type=startup, job_cat=None)
2026-09-13 08:29:23,670::INFO::[__init__:486] Commit = a647f73426cb70ad60ae7964b96c2d5e939b4727
2026-09-13 08:29:23,670::INFO::[__init__:487] Python-version = 3.14.7 (main, Aug 15 2026, 07:18:27) [GCC 15.2.0]
2026-09-13 08:29:23,671::INFO::[__init__:488] CPU architecture = x86_64
2026-09-13 08:29:23,671::INFO::[__init__:489] Platform = Docker
2026-09-13 08:29:23,671::INFO::[__init__:490] JSON-module = orjson 3.11.9
2026-09-13 08:29:23,671::INFO::[__init__:491] Preferred encoding = UTF-8
2026-09-13 08:29:23,671::INFO::[__init__:492] SSL version = OpenSSL 3.5.8 25 Aug 2026
2026-09-13 08:29:23,712::INFO::[zconfig:61] No bonjour/zeroconf support installed
2026-09-13 08:29:23,716::INFO::[ssdp:109] Serving SSDP on 10.69.90.82 as SABnzbd
2026-09-13 08:30:07,665::INFO::[__init__:208] Signal 15 caught, saving and exiting...
2026-09-13 08:30:07,666::INFO::[__init__:444] [N/A] Performing SABnzbd shutdown
2026-09-13 08:30:07,666::INFO::[__init__:348] SABnzbd shutting down...
2026-09-13 08:30:07,666::INFO::[ssdp:103] Stopping SSDP
2026-09-13 08:30:07,705::INFO::[directunpacker:554] Aborting all DirectUnpackers
2026-09-13 08:30:07,706::INFO::[notifier:169] Sending notification: SABnzbd - Shutting down (type=startup, job_cat=None)
2026-09-13 08:30:07,706::INFO::[downloader:690] Shutting down
2026-09-13 08:30:07,707::INFO::[nzbqueue:241] Saving queue
2026-09-13 08:30:07,707::INFO::[postproc:146] Saving postproc queue
2026-09-13 08:30:07,708::INFO::[__init__:424] All processes stopped
2026-09-13 08:30:07,709::INFO::[_cplogging:213] [13/Sep/2026:08:30:07] ENGINE Bus STOPPING
2026-09-13 08:30:08,058::INFO::[_cplogging:213] [13/Sep/2026:08:30:08] ENGINE HTTP Server cherrypy._cpwsgi_server.CPWSGIServer(('::', 8080)) shut down
2026-09-13 08:30:08,058::INFO::[_cplogging:213] [13/Sep/2026:08:30:08] ENGINE Bus STOPPED
2026-09-13 08:30:08,058::INFO::[_cplogging:213] [13/Sep/2026:08:30:08] ENGINE Bus EXITING
2026-09-13 08:30:08,059::INFO::[_cplogging:213] [13/Sep/2026:08:30:08] ENGINE Bus EXITED
2026-09-13 08:30:08,059::INFO::[notifier:169] Sending notification: SABnzbd - SABnzbd shutdown finished (type=startup, job_cat=None)
2026-09-13 08:30:08,059::INFO::[SABnzbd:1491] Leaving SABnzbd
2026-09-13 08:30:43,981::INFO::[SABnzbd:1135] --------------------------------
2026-09-13 08:30:43,995::INFO::[SABnzbd:1136] SABnzbd.py-5.1.3
2026-09-13 08:30:43,995::INFO::[SABnzbd:1137] Full executable path = /app/sabnzbd/SABnzbd.py
2026-09-13 08:30:43,995::INFO::[SABnzbd:1138] Arguments = "/app/sabnzbd/SABnzbd.py" "--config-file" "/config" "--server" "::"
2026-09-13 08:30:43,996::INFO::[SABnzbd:1147] Certifi version = 2026.06.17
2026-09-13 08:30:43,996::INFO::[SABnzbd:1148] Loaded additional certificates from /lsiopy/lib/python3.14/site-packages/certifi/cacert.pem
2026-09-13 08:30:43,999::INFO::[SABnzbd:1154] Using INI file /config/sabnzbd.ini
2026-09-13 08:30:44,003::INFO::[postproc:153] Loading postproc queue
2026-09-13 08:30:44,004::INFO::[scheduler:191] Scheduling RSS interval task every 60 min (delay=6)
2026-09-13 08:30:44,004::INFO::[scheduler:200] Scheduling version check in 10 minutes and daily at 12:40
2026-09-13 08:30:44,004::INFO::[scheduler:215] Setting schedule for midnight auto history-purge
2026-09-13 08:30:44,004::INFO::[scheduler:224] Setting schedule for midnight BPS reset
2026-09-13 08:30:44,005::INFO::[scheduler:233] Setting schedule for midnight server expiration check
2026-09-13 08:30:44,008::INFO::[scheduler:242] Setting schedule for server quota check
2026-09-13 08:30:44,008::INFO::[__init__:315] All processes started
2026-09-13 08:30:44,008::INFO::[SABnzbd:333] Template location for Glitter is /app/sabnzbd/interfaces/Glitter
2026-09-13 08:30:44,009::INFO::[SABnzbd:333] Template location for Config is /app/sabnzbd/interfaces/Config
2026-09-13 08:30:44,009::INFO::[misc:1469] [N/A] Running external command: ['/usr/bin/unrar']
2026-09-13 08:30:44,015::INFO::[misc:1469] [N/A] Running external command: ['/usr/bin/7zz']
2026-09-13 08:30:44,030::INFO::[misc:1469] [N/A] Running external command: ['/usr/local/bin/par2', '-V']
2026-09-13 08:30:44,037::INFO::[SABnzbd:418] SABCTools module (v9.6.3)... found!
2026-09-13 08:30:44,037::INFO::[SABnzbd:419] SABCTools module is using SIMD set: AVX2
2026-09-13 08:30:44,037::INFO::[SABnzbd:420] SABCTools module is linked to OpenSSL: True
2026-09-13 08:30:44,037::INFO::[SABnzbd:437] Cryptography module (v50.0.1)... found!
2026-09-13 08:30:44,037::INFO::[SABnzbd:440] par2 binary... found (/usr/local/bin/par2)
2026-09-13 08:30:44,037::INFO::[SABnzbd:447] UNRAR binary... found (/usr/bin/unrar)
2026-09-13 08:30:44,037::INFO::[SABnzbd:455] UNRAR binary version 7.23
2026-09-13 08:30:44,037::INFO::[SABnzbd:462] 7za binary... found (/usr/bin/7zz)
2026-09-13 08:30:44,037::INFO::[SABnzbd:464] 7za binary version 26.01
2026-09-13 08:30:44,038::INFO::[SABnzbd:470] nice binary... found (/bin/nice)
2026-09-13 08:30:44,038::INFO::[SABnzbd:474] ionice binary... found (/bin/ionice)
2026-09-13 08:30:44,038::INFO::[SABnzbd:1351] Starting web-interface on :::8080
2026-09-13 08:30:44,038::INFO::[_cplogging:213] [13/Sep/2026:08:30:44] ENGINE Bus STARTING
2026-09-13 08:30:44,153::INFO::[_cplogging:213] [13/Sep/2026:08:30:44] ENGINE Serving on http://:::8080
2026-09-13 08:30:44,154::INFO::[_cplogging:213] [13/Sep/2026:08:30:44] ENGINE Bus STARTED
2026-09-13 08:30:44,154::INFO::[SABnzbd:1390] Starting SABnzbd.py-5.1.3
2026-09-13 08:30:44,164::INFO::[dirscanner:121] Dirscanner starting up
2026-09-13 08:30:44,166::INFO::[panic:229] Launching browser with http://127.0.0.1:8080
2026-09-13 08:30:44,166::INFO::[notifier:169] Sending notification: SABnzbd - SABnzbd 5.1.3 started (type=startup, job_cat=None)
2026-09-13 08:30:44,167::INFO::[__init__:486] Commit = a647f73426cb70ad60ae7964b96c2d5e939b4727
2026-09-13 08:30:44,167::INFO::[__init__:487] Python-version = 3.14.7 (main, Aug 15 2026, 07:18:27) [GCC 15.2.0]
2026-09-13 08:30:44,167::INFO::[__init__:488] CPU architecture = x86_64
2026-09-13 08:30:44,167::INFO::[__init__:489] Platform = Docker
2026-09-13 08:30:44,167::INFO::[__init__:490] JSON-module = orjson 3.11.9
2026-09-13 08:30:44,167::INFO::[__init__:491] Preferred encoding = UTF-8
2026-09-13 08:30:44,167::INFO::[__init__:492] SSL version = OpenSSL 3.5.8 25 Aug 2026
2026-09-13 08:30:44,235::INFO::[zconfig:61] No bonjour/zeroconf support installed
2026-09-13 08:30:44,259::INFO::[ssdp:109] Serving SSDP on 10.69.90.82 as SABnzbd
2026-09-13 08:34:17,814::INFO::[__init__:208] Signal 15 caught, saving and exiting...
2026-09-13 08:34:17,814::INFO::[__init__:444] [N/A] Performing SABnzbd shutdown
2026-09-13 08:34:17,814::INFO::[__init__:348] SABnzbd shutting down...
2026-09-13 08:34:17,814::INFO::[ssdp:103] Stopping SSDP
2026-09-13 08:34:17,837::INFO::[directunpacker:554] Aborting all DirectUnpackers
2026-09-13 08:34:17,839::INFO::[notifier:169] Sending notification: SABnzbd - Shutting down (type=startup, job_cat=None)
2026-09-13 08:34:17,839::INFO::[downloader:690] Shutting down
2026-09-13 08:34:17,839::INFO::[nzbqueue:241] Saving queue
2026-09-13 08:34:17,840::INFO::[postproc:146] Saving postproc queue
2026-09-13 08:34:17,840::INFO::[__init__:424] All processes stopped
2026-09-13 08:34:17,840::INFO::[_cplogging:213] [13/Sep/2026:08:34:17] ENGINE Bus STOPPING
2026-09-13 08:34:18,284::INFO::[_cplogging:213] [13/Sep/2026:08:34:18] ENGINE HTTP Server cherrypy._cpwsgi_server.CPWSGIServer(('::', 8080)) shut down
2026-09-13 08:34:18,284::INFO::[_cplogging:213] [13/Sep/2026:08:34:18] ENGINE Bus STOPPED
2026-09-13 08:34:18,285::INFO::[_cplogging:213] [13/Sep/2026:08:34:18] ENGINE Bus EXITING
2026-09-13 08:34:18,285::INFO::[_cplogging:213] [13/Sep/2026:08:34:18] ENGINE Bus EXITED
2026-09-13 08:34:18,285::INFO::[notifier:169] Sending notification: SABnzbd - SABnzbd shutdown finished (type=startup, job_cat=None)
2026-09-13 08:34:18,286::INFO::[SABnzbd:1491] Leaving SABnzbd
2026-09-13 08:34:25,707::INFO::[SABnzbd:1135] --------------------------------
2026-09-13 08:34:25,709::INFO::[SABnzbd:1136] SABnzbd.py-5.1.3
2026-09-13 08:34:25,709::INFO::[SABnzbd:1137] Full executable path = /app/sabnzbd/SABnzbd.py
2026-09-13 08:34:25,709::INFO::[SABnzbd:1138] Arguments = "/app/sabnzbd/SABnzbd.py" "--config-file" "/config" "--server" "::"
2026-09-13 08:34:25,710::INFO::[SABnzbd:1147] Certifi version = 2026.06.17
2026-09-13 08:34:25,713::INFO::[SABnzbd:1148] Loaded additional certificates from /lsiopy/lib/python3.14/site-packages/certifi/cacert.pem
2026-09-13 08:34:25,713::INFO::[SABnzbd:1154] Using INI file /config/sabnzbd.ini
2026-09-13 08:34:25,714::INFO::[postproc:153] Loading postproc queue
2026-09-13 08:34:25,716::INFO::[scheduler:191] Scheduling RSS interval task every 60 min (delay=37)
2026-09-13 08:34:25,719::INFO::[scheduler:200] Scheduling version check in 10 minutes and daily at 21:18
2026-09-13 08:34:25,719::INFO::[scheduler:215] Setting schedule for midnight auto history-purge
2026-09-13 08:34:25,719::INFO::[scheduler:224] Setting schedule for midnight BPS reset
2026-09-13 08:34:25,719::INFO::[scheduler:233] Setting schedule for midnight server expiration check
2026-09-13 08:34:25,719::INFO::[scheduler:242] Setting schedule for server quota check
2026-09-13 08:34:25,719::INFO::[__init__:315] All processes started
2026-09-13 08:34:25,720::INFO::[SABnzbd:333] Template location for Glitter is /app/sabnzbd/interfaces/Glitter
2026-09-13 08:34:25,720::INFO::[SABnzbd:333] Template location for Config is /app/sabnzbd/interfaces/Config
2026-09-13 08:34:25,720::INFO::[misc:1469] [N/A] Running external command: ['/usr/bin/unrar']
2026-09-13 08:34:25,728::INFO::[misc:1469] [N/A] Running external command: ['/usr/bin/7zz']
2026-09-13 08:34:25,732::INFO::[misc:1469] [N/A] Running external command: ['/usr/local/bin/par2', '-V']
2026-09-13 08:34:25,742::INFO::[SABnzbd:418] SABCTools module (v9.6.3)... found!
2026-09-13 08:34:25,742::INFO::[SABnzbd:419] SABCTools module is using SIMD set: AVX2
2026-09-13 08:34:25,742::INFO::[SABnzbd:420] SABCTools module is linked to OpenSSL: True
2026-09-13 08:34:25,742::INFO::[SABnzbd:437] Cryptography module (v50.0.1)... found!
2026-09-13 08:34:25,743::INFO::[SABnzbd:440] par2 binary... found (/usr/local/bin/par2)
2026-09-13 08:34:25,743::INFO::[SABnzbd:447] UNRAR binary... found (/usr/bin/unrar)
2026-09-13 08:34:25,743::INFO::[SABnzbd:455] UNRAR binary version 7.23
2026-09-13 08:34:25,743::INFO::[SABnzbd:462] 7za binary... found (/usr/bin/7zz)
2026-09-13 08:34:25,743::INFO::[SABnzbd:464] 7za binary version 26.01
2026-09-13 08:34:25,743::INFO::[SABnzbd:470] nice binary... found (/bin/nice)
2026-09-13 08:34:25,744::INFO::[SABnzbd:474] ionice binary... found (/bin/ionice)
2026-09-13 08:34:25,744::INFO::[SABnzbd:1351] Starting web-interface on :::8080
2026-09-13 08:34:25,744::INFO::[_cplogging:213] [13/Sep/2026:08:34:25] ENGINE Bus STARTING
2026-09-13 08:34:25,848::INFO::[_cplogging:213] [13/Sep/2026:08:34:25] ENGINE Serving on http://:::8080
2026-09-13 08:34:25,848::INFO::[_cplogging:213] [13/Sep/2026:08:34:25] ENGINE Bus STARTED
2026-09-13 08:34:25,848::INFO::[SABnzbd:1390] Starting SABnzbd.py-5.1.3
2026-09-13 08:34:25,855::INFO::[dirscanner:121] Dirscanner starting up
2026-09-13 08:34:25,855::INFO::[panic:229] Launching browser with http://127.0.0.1:8080
2026-09-13 08:34:25,856::INFO::[notifier:169] Sending notification: SABnzbd - SABnzbd 5.1.3 started (type=startup, job_cat=None)
2026-09-13 08:34:25,856::INFO::[__init__:486] Commit = a647f73426cb70ad60ae7964b96c2d5e939b4727
2026-09-13 08:34:25,856::INFO::[__init__:487] Python-version = 3.14.7 (main, Aug 15 2026, 07:18:27) [GCC 15.2.0]
2026-09-13 08:34:25,856::INFO::[__init__:488] CPU architecture = x86_64
2026-09-13 08:34:25,857::INFO::[__init__:489] Platform = Docker
2026-09-13 08:34:25,857::INFO::[__init__:490] JSON-module = orjson 3.11.9
2026-09-13 08:34:25,857::INFO::[__init__:491] Preferred encoding = UTF-8
2026-09-13 08:34:25,857::INFO::[__init__:492] SSL version = OpenSSL 3.5.8 25 Aug 2026
2026-09-13 08:34:25,883::INFO::[zconfig:61] No bonjour/zeroconf support installed
2026-09-13 08:34:25,884::INFO::[ssdp:109] Serving SSDP on 10.69.90.82 as SABnzbd
2026-09-13 08:38:42,565::INFO::[__init__:208] Signal 15 caught, saving and exiting...
2026-09-13 08:38:42,565::INFO::[__init__:444] [N/A] Performing SABnzbd shutdown
2026-09-13 08:38:42,565::INFO::[__init__:348] SABnzbd shutting down...
2026-09-13 08:38:42,566::INFO::[ssdp:103] Stopping SSDP
2026-09-13 08:38:42,566::INFO::[directunpacker:554] Aborting all DirectUnpackers
2026-09-13 08:38:42,566::INFO::[notifier:169] Sending notification: SABnzbd - Shutting down (type=startup, job_cat=None)
2026-09-13 08:38:42,567::INFO::[downloader:690] Shutting down
2026-09-13 08:38:42,574::INFO::[nzbqueue:241] Saving queue
2026-09-13 08:38:42,575::INFO::[postproc:146] Saving postproc queue
2026-09-13 08:38:42,575::INFO::[__init__:424] All processes stopped
2026-09-13 08:38:42,575::INFO::[_cplogging:213] [13/Sep/2026:08:38:42] ENGINE Bus STOPPING
2026-09-13 08:38:42,807::INFO::[_cplogging:213] [13/Sep/2026:08:38:42] ENGINE HTTP Server cherrypy._cpwsgi_server.CPWSGIServer(('::', 8080)) shut down
2026-09-13 08:38:42,808::INFO::[_cplogging:213] [13/Sep/2026:08:38:42] ENGINE Bus STOPPED
2026-09-13 08:38:42,808::INFO::[_cplogging:213] [13/Sep/2026:08:38:42] ENGINE Bus EXITING
2026-09-13 08:38:42,808::INFO::[_cplogging:213] [13/Sep/2026:08:38:42] ENGINE Bus EXITED
2026-09-13 08:38:42,808::INFO::[notifier:169] Sending notification: SABnzbd - SABnzbd shutdown finished (type=startup, job_cat=None)
2026-09-13 08:38:42,808::INFO::[SABnzbd:1491] Leaving SABnzbd
2026-09-13 08:43:48,990::INFO::[SABnzbd:1135] --------------------------------
2026-09-13 08:43:48,991::INFO::[SABnzbd:1136] SABnzbd.py-5.1.3
2026-09-13 08:43:48,994::INFO::[SABnzbd:1137] Full executable path = /app/sabnzbd/SABnzbd.py
2026-09-13 08:43:48,994::INFO::[SABnzbd:1138] Arguments = "/app/sabnzbd/SABnzbd.py" "--config-file" "/config" "--server" "::"
2026-09-13 08:43:48,995::INFO::[SABnzbd:1147] Certifi version = 2026.06.17
2026-09-13 08:43:48,995::INFO::[SABnzbd:1148] Loaded additional certificates from /lsiopy/lib/python3.14/site-packages/certifi/cacert.pem
2026-09-13 08:43:48,995::INFO::[SABnzbd:1154] Using INI file /config/sabnzbd.ini
2026-09-13 08:43:48,997::INFO::[postproc:153] Loading postproc queue
2026-09-13 08:43:49,001::INFO::[scheduler:191] Scheduling RSS interval task every 60 min (delay=27)
2026-09-13 08:43:49,001::INFO::[scheduler:200] Scheduling version check in 10 minutes and daily at 12:7
2026-09-13 08:43:49,001::INFO::[scheduler:215] Setting schedule for midnight auto history-purge
2026-09-13 08:43:49,001::INFO::[scheduler:224] Setting schedule for midnight BPS reset
2026-09-13 08:43:49,001::INFO::[scheduler:233] Setting schedule for midnight server expiration check
2026-09-13 08:43:49,002::INFO::[scheduler:242] Setting schedule for server quota check
2026-09-13 08:43:49,002::INFO::[__init__:315] All processes started
2026-09-13 08:43:49,002::INFO::[SABnzbd:333] Template location for Glitter is /app/sabnzbd/interfaces/Glitter
2026-09-13 08:43:49,002::INFO::[SABnzbd:333] Template location for Config is /app/sabnzbd/interfaces/Config
2026-09-13 08:43:49,003::INFO::[misc:1469] [N/A] Running external command: ['/usr/bin/unrar']
2026-09-13 08:43:49,007::INFO::[misc:1469] [N/A] Running external command: ['/usr/bin/7zz']
2026-09-13 08:43:49,014::INFO::[misc:1469] [N/A] Running external command: ['/usr/local/bin/par2', '-V']
2026-09-13 08:43:49,019::INFO::[SABnzbd:418] SABCTools module (v9.6.3)... found!
2026-09-13 08:43:49,019::INFO::[SABnzbd:419] SABCTools module is using SIMD set: AVX2
2026-09-13 08:43:49,019::INFO::[SABnzbd:420] SABCTools module is linked to OpenSSL: True
2026-09-13 08:43:49,019::INFO::[SABnzbd:437] Cryptography module (v50.0.1)... found!
2026-09-13 08:43:49,019::INFO::[SABnzbd:440] par2 binary... found (/usr/local/bin/par2)
2026-09-13 08:43:49,020::INFO::[SABnzbd:447] UNRAR binary... found (/usr/bin/unrar)
2026-09-13 08:43:49,020::INFO::[SABnzbd:455] UNRAR binary version 7.23
2026-09-13 08:43:49,020::INFO::[SABnzbd:462] 7za binary... found (/usr/bin/7zz)
2026-09-13 08:43:49,030::INFO::[SABnzbd:464] 7za binary version 26.01
2026-09-13 08:43:49,030::INFO::[SABnzbd:470] nice binary... found (/bin/nice)
2026-09-13 08:43:49,032::INFO::[SABnzbd:474] ionice binary... found (/bin/ionice)
2026-09-13 08:43:49,033::INFO::[SABnzbd:1351] Starting web-interface on :::8080
2026-09-13 08:43:49,033::INFO::[_cplogging:213] [13/Sep/2026:08:43:49] ENGINE Bus STARTING
2026-09-13 08:43:49,140::INFO::[_cplogging:213] [13/Sep/2026:08:43:49] ENGINE Serving on http://:::8080
2026-09-13 08:43:49,140::INFO::[_cplogging:213] [13/Sep/2026:08:43:49] ENGINE Bus STARTED
2026-09-13 08:43:49,141::INFO::[SABnzbd:1390] Starting SABnzbd.py-5.1.3
2026-09-13 08:43:49,147::INFO::[dirscanner:121] Dirscanner starting up
2026-09-13 08:43:49,158::INFO::[panic:229] Launching browser with http://127.0.0.1:8080
2026-09-13 08:43:49,158::INFO::[notifier:169] Sending notification: SABnzbd - SABnzbd 5.1.3 started (type=startup, job_cat=None)
2026-09-13 08:43:49,160::INFO::[__init__:486] Commit = a647f73426cb70ad60ae7964b96c2d5e939b4727
2026-09-13 08:43:49,160::INFO::[__init__:487] Python-version = 3.14.7 (main, Aug 15 2026, 07:18:27) [GCC 15.2.0]
2026-09-13 08:43:49,160::INFO::[__init__:488] CPU architecture = x86_64
2026-09-13 08:43:49,160::INFO::[__init__:489] Platform = Docker
2026-09-13 08:43:49,160::INFO::[__init__:490] JSON-module = orjson 3.11.9
2026-09-13 08:43:49,160::INFO::[__init__:491] Preferred encoding = UTF-8
2026-09-13 08:43:49,160::INFO::[__init__:492] SSL version = OpenSSL 3.5.8 25 Aug 2026
2026-09-13 08:43:49,209::INFO::[zconfig:61] No bonjour/zeroconf support installed
2026-09-13 08:43:49,218::INFO::[ssdp:109] Serving SSDP on 10.69.90.82 as SABnzbd
2026-09-13 08:46:52,745::INFO::[__init__:208] Signal 15 caught, saving and exiting...
2026-09-13 08:46:52,745::INFO::[__init__:444] [N/A] Performing SABnzbd shutdown
2026-09-13 08:46:52,745::INFO::[__init__:348] SABnzbd shutting down...
2026-09-13 08:46:52,745::INFO::[ssdp:103] Stopping SSDP
2026-09-13 08:46:52,759::INFO::[directunpacker:554] Aborting all DirectUnpackers
2026-09-13 08:46:52,765::INFO::[notifier:169] Sending notification: SABnzbd - Shutting down (type=startup, job_cat=None)
2026-09-13 08:46:52,767::INFO::[downloader:690] Shutting down
2026-09-13 08:46:52,771::INFO::[nzbqueue:241] Saving queue
2026-09-13 08:46:52,772::INFO::[postproc:146] Saving postproc queue
2026-09-13 08:46:52,772::INFO::[__init__:424] All processes stopped
2026-09-13 08:46:52,772::INFO::[_cplogging:213] [13/Sep/2026:08:46:52] ENGINE Bus STOPPING
2026-09-13 08:46:53,029::INFO::[_cplogging:213] [13/Sep/2026:08:46:53] ENGINE HTTP Server cherrypy._cpwsgi_server.CPWSGIServer(('::', 8080)) shut down
2026-09-13 08:46:53,029::INFO::[_cplogging:213] [13/Sep/2026:08:46:53] ENGINE Bus STOPPED
2026-09-13 08:46:53,029::INFO::[_cplogging:213] [13/Sep/2026:08:46:53] ENGINE Bus EXITING
2026-09-13 08:46:53,029::INFO::[_cplogging:213] [13/Sep/2026:08:46:53] ENGINE Bus EXITED
2026-09-13 08:46:53,029::INFO::[notifier:169] Sending notification: SABnzbd - SABnzbd shutdown finished (type=startup, job_cat=None)
2026-09-13 08:46:53,030::INFO::[SABnzbd:1491] Leaving SABnzbd
2026-09-13 08:49:44,094::INFO::[SABnzbd:1135] --------------------------------
2026-09-13 08:49:44,095::INFO::[SABnzbd:1136] SABnzbd.py-5.1.3
2026-09-13 08:49:44,095::INFO::[SABnzbd:1137] Full executable path = /app/sabnzbd/SABnzbd.py
2026-09-13 08:49:44,096::INFO::[SABnzbd:1138] Arguments = "/app/sabnzbd/SABnzbd.py" "--config-file" "/config" "--server" "::"
2026-09-13 08:49:44,101::INFO::[SABnzbd:1147] Certifi version = 2026.06.17
2026-09-13 08:49:44,101::INFO::[SABnzbd:1148] Loaded additional certificates from /lsiopy/lib/python3.14/site-packages/certifi/cacert.pem
2026-09-13 08:49:44,101::INFO::[SABnzbd:1154] Using INI file /config/sabnzbd.ini
2026-09-13 08:49:44,105::INFO::[postproc:153] Loading postproc queue
2026-09-13 08:49:44,106::INFO::[scheduler:191] Scheduling RSS interval task every 60 min (delay=24)
2026-09-13 08:49:44,106::INFO::[scheduler:200] Scheduling version check in 10 minutes and daily at 3:38
2026-09-13 08:49:44,108::INFO::[scheduler:215] Setting schedule for midnight auto history-purge
2026-09-13 08:49:44,108::INFO::[scheduler:224] Setting schedule for midnight BPS reset
2026-09-13 08:49:44,108::INFO::[scheduler:233] Setting schedule for midnight server expiration check
2026-09-13 08:49:44,109::INFO::[scheduler:242] Setting schedule for server quota check
2026-09-13 08:49:44,109::INFO::[__init__:315] All processes started
2026-09-13 08:49:44,109::INFO::[SABnzbd:333] Template location for Glitter is /app/sabnzbd/interfaces/Glitter
2026-09-13 08:49:44,109::INFO::[SABnzbd:333] Template location for Config is /app/sabnzbd/interfaces/Config
2026-09-13 08:49:44,110::INFO::[misc:1469] [N/A] Running external command: ['/usr/bin/unrar']
2026-09-13 08:49:44,116::INFO::[misc:1469] [N/A] Running external command: ['/usr/bin/7zz']
2026-09-13 08:49:44,124::INFO::[misc:1469] [N/A] Running external command: ['/usr/local/bin/par2', '-V']
2026-09-13 08:49:44,127::INFO::[SABnzbd:418] SABCTools module (v9.6.3)... found!
2026-09-13 08:49:44,127::INFO::[SABnzbd:419] SABCTools module is using SIMD set: AVX2
2026-09-13 08:49:44,128::INFO::[SABnzbd:420] SABCTools module is linked to OpenSSL: True
2026-09-13 08:49:44,128::INFO::[SABnzbd:437] Cryptography module (v50.0.1)... found!
2026-09-13 08:49:44,128::INFO::[SABnzbd:440] par2 binary... found (/usr/local/bin/par2)
2026-09-13 08:49:44,128::INFO::[SABnzbd:447] UNRAR binary... found (/usr/bin/unrar)
2026-09-13 08:49:44,128::INFO::[SABnzbd:455] UNRAR binary version 7.23
2026-09-13 08:49:44,128::INFO::[SABnzbd:462] 7za binary... found (/usr/bin/7zz)
2026-09-13 08:49:44,128::INFO::[SABnzbd:464] 7za binary version 26.01
2026-09-13 08:49:44,128::INFO::[SABnzbd:470] nice binary... found (/bin/nice)
2026-09-13 08:49:44,128::INFO::[SABnzbd:474] ionice binary... found (/bin/ionice)
2026-09-13 08:49:44,129::INFO::[SABnzbd:1351] Starting web-interface on :::8080
2026-09-13 08:49:44,129::INFO::[_cplogging:213] [13/Sep/2026:08:49:44] ENGINE Bus STARTING
2026-09-13 08:49:44,234::INFO::[_cplogging:213] [13/Sep/2026:08:49:44] ENGINE Serving on http://:::8080
2026-09-13 08:49:44,234::INFO::[_cplogging:213] [13/Sep/2026:08:49:44] ENGINE Bus STARTED
2026-09-13 08:49:44,234::INFO::[SABnzbd:1390] Starting SABnzbd.py-5.1.3
2026-09-13 08:49:44,244::INFO::[dirscanner:121] Dirscanner starting up
2026-09-13 08:49:44,245::INFO::[panic:229] Launching browser with http://127.0.0.1:8080
2026-09-13 08:49:44,246::INFO::[notifier:169] Sending notification: SABnzbd - SABnzbd 5.1.3 started (type=startup, job_cat=None)
2026-09-13 08:49:44,246::INFO::[__init__:486] Commit = a647f73426cb70ad60ae7964b96c2d5e939b4727
2026-09-13 08:49:44,246::INFO::[__init__:487] Python-version = 3.14.7 (main, Aug 15 2026, 07:18:27) [GCC 15.2.0]
2026-09-13 08:49:44,247::INFO::[__init__:488] CPU architecture = x86_64
2026-09-13 08:49:44,247::INFO::[__init__:489] Platform = Docker
2026-09-13 08:49:44,247::INFO::[__init__:490] JSON-module = orjson 3.11.9
2026-09-13 08:49:44,247::INFO::[__init__:491] Preferred encoding = UTF-8
2026-09-13 08:49:44,247::INFO::[__init__:492] SSL version = OpenSSL 3.5.8 25 Aug 2026
2026-09-13 08:49:44,260::INFO::[zconfig:61] No bonjour/zeroconf support installed
2026-09-13 08:49:44,264::INFO::[ssdp:109] Serving SSDP on 10.69.90.82 as SABnzbd
2026-09-13 08:52:13,157::INFO::[__init__:208] Signal 15 caught, saving and exiting...
2026-09-13 08:52:13,158::INFO::[__init__:444] [N/A] Performing SABnzbd shutdown
2026-09-13 08:52:13,158::INFO::[__init__:348] SABnzbd shutting down...
2026-09-13 08:52:13,158::INFO::[ssdp:103] Stopping SSDP
2026-09-13 08:52:13,163::INFO::[directunpacker:554] Aborting all DirectUnpackers
2026-09-13 08:52:13,164::INFO::[notifier:169] Sending notification: SABnzbd - Shutting down (type=startup, job_cat=None)
2026-09-13 08:52:13,165::INFO::[downloader:690] Shutting down
2026-09-13 08:52:13,208::INFO::[nzbqueue:241] Saving queue
2026-09-13 08:52:13,208::INFO::[postproc:146] Saving postproc queue
2026-09-13 08:52:13,209::INFO::[__init__:424] All processes stopped
2026-09-13 08:52:13,209::INFO::[_cplogging:213] [13/Sep/2026:08:52:13] ENGINE Bus STOPPING
2026-09-13 08:52:13,518::INFO::[_cplogging:213] [13/Sep/2026:08:52:13] ENGINE HTTP Server cherrypy._cpwsgi_server.CPWSGIServer(('::', 8080)) shut down
2026-09-13 08:52:13,518::INFO::[_cplogging:213] [13/Sep/2026:08:52:13] ENGINE Bus STOPPED
2026-09-13 08:52:13,518::INFO::[_cplogging:213] [13/Sep/2026:08:52:13] ENGINE Bus EXITING
2026-09-13 08:52:13,518::INFO::[_cplogging:213] [13/Sep/2026:08:52:13] ENGINE Bus EXITED
2026-09-13 08:52:13,518::INFO::[notifier:169] Sending notification: SABnzbd - SABnzbd shutdown finished (type=startup, job_cat=None)
2026-09-13 08:52:13,518::INFO::[SABnzbd:1491] Leaving SABnzbd
2026-09-13 08:52:20,829::INFO::[SABnzbd:1135] --------------------------------
2026-09-13 08:52:20,829::INFO::[SABnzbd:1136] SABnzbd.py-5.1.3
2026-09-13 08:52:20,830::INFO::[SABnzbd:1137] Full executable path = /app/sabnzbd/SABnzbd.py
2026-09-13 08:52:20,830::INFO::[SABnzbd:1138] Arguments = "/app/sabnzbd/SABnzbd.py" "--config-file" "/config" "--server" "::"
2026-09-13 08:52:20,831::INFO::[SABnzbd:1147] Certifi version = 2026.06.17
2026-09-13 08:52:20,832::INFO::[SABnzbd:1148] Loaded additional certificates from /lsiopy/lib/python3.14/site-packages/certifi/cacert.pem
2026-09-13 08:52:20,832::INFO::[SABnzbd:1154] Using INI file /config/sabnzbd.ini
2026-09-13 08:52:20,834::INFO::[postproc:153] Loading postproc queue
2026-09-13 08:52:20,835::INFO::[scheduler:191] Scheduling RSS interval task every 60 min (delay=33)
2026-09-13 08:52:20,835::INFO::[scheduler:200] Scheduling version check in 10 minutes and daily at 23:17
2026-09-13 08:52:20,835::INFO::[scheduler:215] Setting schedule for midnight auto history-purge
2026-09-13 08:52:20,837::INFO::[scheduler:224] Setting schedule for midnight BPS reset
2026-09-13 08:52:20,837::INFO::[scheduler:233] Setting schedule for midnight server expiration check
2026-09-13 08:52:20,837::INFO::[scheduler:242] Setting schedule for server quota check
2026-09-13 08:52:20,838::INFO::[__init__:315] All processes started
2026-09-13 08:52:20,838::INFO::[SABnzbd:333] Template location for Glitter is /app/sabnzbd/interfaces/Glitter
2026-09-13 08:52:20,838::INFO::[SABnzbd:333] Template location for Config is /app/sabnzbd/interfaces/Config
2026-09-13 08:52:20,841::INFO::[misc:1469] [N/A] Running external command: ['/usr/bin/unrar']
2026-09-13 08:52:20,862::INFO::[misc:1469] [N/A] Running external command: ['/usr/bin/7zz']
2026-09-13 08:52:20,867::INFO::[misc:1469] [N/A] Running external command: ['/usr/local/bin/par2', '-V']
2026-09-13 08:52:20,870::INFO::[SABnzbd:418] SABCTools module (v9.6.3)... found!
2026-09-13 08:52:20,870::INFO::[SABnzbd:419] SABCTools module is using SIMD set: AVX2
2026-09-13 08:52:20,870::INFO::[SABnzbd:420] SABCTools module is linked to OpenSSL: True
2026-09-13 08:52:20,870::INFO::[SABnzbd:437] Cryptography module (v50.0.1)... found!
2026-09-13 08:52:20,870::INFO::[SABnzbd:440] par2 binary... found (/usr/local/bin/par2)
2026-09-13 08:52:20,871::INFO::[SABnzbd:447] UNRAR binary... found (/usr/bin/unrar)
2026-09-13 08:52:20,871::INFO::[SABnzbd:455] UNRAR binary version 7.23
2026-09-13 08:52:20,871::INFO::[SABnzbd:462] 7za binary... found (/usr/bin/7zz)
2026-09-13 08:52:20,871::INFO::[SABnzbd:464] 7za binary version 26.01
2026-09-13 08:52:20,871::INFO::[SABnzbd:470] nice binary... found (/bin/nice)
2026-09-13 08:52:20,871::INFO::[SABnzbd:474] ionice binary... found (/bin/ionice)
2026-09-13 08:52:20,872::INFO::[SABnzbd:1351] Starting web-interface on :::8080
2026-09-13 08:52:20,873::INFO::[_cplogging:213] [13/Sep/2026:08:52:20] ENGINE Bus STARTING
2026-09-13 08:52:20,978::INFO::[_cplogging:213] [13/Sep/2026:08:52:20] ENGINE Serving on http://:::8080
2026-09-13 08:52:20,978::INFO::[_cplogging:213] [13/Sep/2026:08:52:20] ENGINE Bus STARTED
2026-09-13 08:52:20,978::INFO::[SABnzbd:1390] Starting SABnzbd.py-5.1.3
2026-09-13 08:52:20,992::INFO::[dirscanner:121] Dirscanner starting up
2026-09-13 08:52:20,993::INFO::[panic:229] Launching browser with http://127.0.0.1:8080
2026-09-13 08:52:20,993::INFO::[notifier:169] Sending notification: SABnzbd - SABnzbd 5.1.3 started (type=startup, job_cat=None)
2026-09-13 08:52:20,993::INFO::[__init__:486] Commit = a647f73426cb70ad60ae7964b96c2d5e939b4727
2026-09-13 08:52:20,994::INFO::[__init__:487] Python-version = 3.14.7 (main, Aug 15 2026, 07:18:27) [GCC 15.2.0]
2026-09-13 08:52:20,994::INFO::[__init__:488] CPU architecture = x86_64
2026-09-13 08:52:20,994::INFO::[__init__:489] Platform = Docker
2026-09-13 08:52:20,994::INFO::[__init__:490] JSON-module = orjson 3.11.9
2026-09-13 08:52:20,994::INFO::[__init__:491] Preferred encoding = UTF-8
2026-09-13 08:52:20,994::INFO::[__init__:492] SSL version = OpenSSL 3.5.8 25 Aug 2026
2026-09-13 08:52:21,026::INFO::[zconfig:61] No bonjour/zeroconf support installed
2026-09-13 08:52:21,033::INFO::[ssdp:109] Serving SSDP on 10.69.90.82 as SABnzbd
2026-09-13 08:54:47,990::INFO::[__init__:208] Signal 15 caught, saving and exiting...
2026-09-13 08:54:47,990::INFO::[__init__:444] [N/A] Performing SABnzbd shutdown
2026-09-13 08:54:47,990::INFO::[__init__:348] SABnzbd shutting down...
2026-09-13 08:54:47,990::INFO::[ssdp:103] Stopping SSDP
2026-09-13 08:54:48,003::INFO::[directunpacker:554] Aborting all DirectUnpackers
2026-09-13 08:54:48,006::INFO::[notifier:169] Sending notification: SABnzbd - Shutting down (type=startup, job_cat=None)
2026-09-13 08:54:48,009::INFO::[downloader:690] Shutting down
2026-09-13 08:54:48,024::INFO::[nzbqueue:241] Saving queue
2026-09-13 08:54:48,024::INFO::[postproc:146] Saving postproc queue
2026-09-13 08:54:48,025::INFO::[__init__:424] All processes stopped
2026-09-13 08:54:48,053::INFO::[_cplogging:213] [13/Sep/2026:08:54:48] ENGINE Bus STOPPING
2026-09-13 08:54:48,163::INFO::[_cplogging:213] [13/Sep/2026:08:54:48] ENGINE HTTP Server cherrypy._cpwsgi_server.CPWSGIServer(('::', 8080)) shut down
2026-09-13 08:54:48,172::INFO::[_cplogging:213] [13/Sep/2026:08:54:48] ENGINE Bus STOPPED
2026-09-13 08:54:48,172::INFO::[_cplogging:213] [13/Sep/2026:08:54:48] ENGINE Bus EXITING
2026-09-13 08:54:48,172::INFO::[_cplogging:213] [13/Sep/2026:08:54:48] ENGINE Bus EXITED
2026-09-13 08:54:48,173::INFO::[notifier:169] Sending notification: SABnzbd - SABnzbd shutdown finished (type=startup, job_cat=None)
2026-09-13 08:54:48,173::INFO::[SABnzbd:1491] Leaving SABnzbd
2026-09-13 09:32:10,451::INFO::[SABnzbd:1135] --------------------------------
2026-09-13 09:32:10,457::INFO::[SABnzbd:1136] SABnzbd.py-5.1.3
2026-09-13 09:32:10,457::INFO::[SABnzbd:1137] Full executable path = /app/sabnzbd/SABnzbd.py
2026-09-13 09:32:10,457::INFO::[SABnzbd:1138] Arguments = "/app/sabnzbd/SABnzbd.py" "--config-file" "/config" "--server" "::"
2026-09-13 09:32:10,458::INFO::[SABnzbd:1147] Certifi version = 2026.06.17
2026-09-13 09:32:10,458::INFO::[SABnzbd:1148] Loaded additional certificates from /lsiopy/lib/python3.14/site-packages/certifi/cacert.pem
2026-09-13 09:32:10,458::INFO::[SABnzbd:1154] Using INI file /config/sabnzbd.ini
2026-09-13 09:32:10,465::INFO::[postproc:153] Loading postproc queue
2026-09-13 09:32:10,469::INFO::[scheduler:191] Scheduling RSS interval task every 60 min (delay=17)
2026-09-13 09:32:10,469::INFO::[scheduler:200] Scheduling version check in 10 minutes and daily at 10:15
2026-09-13 09:32:10,469::INFO::[scheduler:215] Setting schedule for midnight auto history-purge
2026-09-13 09:32:10,469::INFO::[scheduler:224] Setting schedule for midnight BPS reset
2026-09-13 09:32:10,469::INFO::[scheduler:233] Setting schedule for midnight server expiration check
2026-09-13 09:32:10,469::INFO::[scheduler:242] Setting schedule for server quota check
2026-09-13 09:32:10,473::INFO::[__init__:315] All processes started
2026-09-13 09:32:10,473::INFO::[SABnzbd:333] Template location for Glitter is /app/sabnzbd/interfaces/Glitter
2026-09-13 09:32:10,473::INFO::[SABnzbd:333] Template location for Config is /app/sabnzbd/interfaces/Config
2026-09-13 09:32:10,474::INFO::[misc:1469] [N/A] Running external command: ['/usr/bin/unrar']
2026-09-13 09:32:10,493::INFO::[misc:1469] [N/A] Running external command: ['/usr/bin/7zz']
2026-09-13 09:32:10,525::INFO::[misc:1469] [N/A] Running external command: ['/usr/local/bin/par2', '-V']
2026-09-13 09:32:10,537::INFO::[SABnzbd:418] SABCTools module (v9.6.3)... found!
2026-09-13 09:32:10,544::INFO::[SABnzbd:419] SABCTools module is using SIMD set: AVX2
2026-09-13 09:32:10,544::INFO::[SABnzbd:420] SABCTools module is linked to OpenSSL: True
2026-09-13 09:32:10,544::INFO::[SABnzbd:437] Cryptography module (v50.0.1)... found!
2026-09-13 09:32:10,544::INFO::[SABnzbd:440] par2 binary... found (/usr/local/bin/par2)
2026-09-13 09:32:10,544::INFO::[SABnzbd:447] UNRAR binary... found (/usr/bin/unrar)
2026-09-13 09:32:10,544::INFO::[SABnzbd:455] UNRAR binary version 7.23
2026-09-13 09:32:10,544::INFO::[SABnzbd:462] 7za binary... found (/usr/bin/7zz)
2026-09-13 09:32:10,544::INFO::[SABnzbd:464] 7za binary version 26.01
2026-09-13 09:32:10,544::INFO::[SABnzbd:470] nice binary... found (/bin/nice)
2026-09-13 09:32:10,544::INFO::[SABnzbd:474] ionice binary... found (/bin/ionice)
2026-09-13 09:32:10,545::INFO::[SABnzbd:1351] Starting web-interface on :::8080
2026-09-13 09:32:10,545::INFO::[_cplogging:213] [13/Sep/2026:09:32:10] ENGINE Bus STARTING
2026-09-13 09:32:10,682::INFO::[_cplogging:213] [13/Sep/2026:09:32:10] ENGINE Serving on http://:::8080
2026-09-13 09:32:10,682::INFO::[_cplogging:213] [13/Sep/2026:09:32:10] ENGINE Bus STARTED
2026-09-13 09:32:10,682::INFO::[SABnzbd:1390] Starting SABnzbd.py-5.1.3
2026-09-13 09:32:10,692::INFO::[dirscanner:121] Dirscanner starting up
2026-09-13 09:32:10,694::INFO::[panic:229] Launching browser with http://127.0.0.1:8080
2026-09-13 09:32:10,694::INFO::[notifier:169] Sending notification: SABnzbd - SABnzbd 5.1.3 started (type=startup, job_cat=None)
2026-09-13 09:32:10,696::INFO::[__init__:486] Commit = a647f73426cb70ad60ae7964b96c2d5e939b4727
2026-09-13 09:32:10,696::INFO::[__init__:487] Python-version = 3.14.7 (main, Aug 15 2026, 07:18:27) [GCC 15.2.0]
2026-09-13 09:32:10,696::INFO::[__init__:488] CPU architecture = x86_64
2026-09-13 09:32:10,697::INFO::[__init__:489] Platform = Docker
2026-09-13 09:32:10,697::INFO::[__init__:490] JSON-module = orjson 3.11.9
2026-09-13 09:32:10,697::INFO::[__init__:491] Preferred encoding = UTF-8
2026-09-13 09:32:10,697::INFO::[__init__:492] SSL version = OpenSSL 3.5.8 25 Aug 2026
2026-09-13 09:52:28,787::INFO::[__init__:208] Signal 15 caught, saving and exiting...
2026-09-13 09:52:28,793::INFO::[__init__:444] [N/A] Performing SABnzbd shutdown
2026-09-13 09:52:28,793::INFO::[__init__:348] SABnzbd shutting down...
2026-09-13 09:52:28,793::INFO::[directunpacker:554] Aborting all DirectUnpackers
2026-09-13 09:52:28,797::INFO::[notifier:169] Sending notification: SABnzbd - Shutting down (type=startup, job_cat=None)
2026-09-13 09:52:28,798::INFO::[downloader:690] Shutting down
2026-09-13 09:52:28,799::INFO::[nzbqueue:241] Saving queue
2026-09-13 09:52:28,800::INFO::[postproc:146] Saving postproc queue
2026-09-13 09:52:28,800::INFO::[__init__:424] All processes stopped
2026-09-13 09:52:28,802::INFO::[_cplogging:213] [13/Sep/2026:09:52:28] ENGINE Bus STOPPING
2026-09-13 09:52:29,248::INFO::[_cplogging:213] [13/Sep/2026:09:52:29] ENGINE HTTP Server cherrypy._cpwsgi_server.CPWSGIServer(('::', 8080)) shut down
2026-09-13 09:52:29,248::INFO::[_cplogging:213] [13/Sep/2026:09:52:29] ENGINE Bus STOPPED
2026-09-13 09:52:29,248::INFO::[_cplogging:213] [13/Sep/2026:09:52:29] ENGINE Bus EXITING
2026-09-13 09:52:29,248::INFO::[_cplogging:213] [13/Sep/2026:09:52:29] ENGINE Bus EXITED
2026-09-13 09:52:29,248::INFO::[notifier:169] Sending notification: SABnzbd - SABnzbd shutdown finished (type=startup, job_cat=None)
2026-09-13 09:52:29,248::INFO::[SABnzbd:1491] Leaving SABnzbd
2026-09-13 09:52:35,411::INFO::[SABnzbd:1135] --------------------------------
2026-09-13 09:52:35,411::INFO::[SABnzbd:1136] SABnzbd.py-5.1.3
2026-09-13 09:52:35,411::INFO::[SABnzbd:1137] Full executable path = /app/sabnzbd/SABnzbd.py
2026-09-13 09:52:35,411::INFO::[SABnzbd:1138] Arguments = "/app/sabnzbd/SABnzbd.py" "--config-file" "/config" "--server" "::"
2026-09-13 09:52:35,413::INFO::[SABnzbd:1147] Certifi version = 2026.06.17
2026-09-13 09:52:35,413::INFO::[SABnzbd:1148] Loaded additional certificates from /lsiopy/lib/python3.14/site-packages/certifi/cacert.pem
2026-09-13 09:52:35,413::INFO::[SABnzbd:1154] Using INI file /config/sabnzbd.ini
2026-09-13 09:52:35,414::INFO::[postproc:153] Loading postproc queue
2026-09-13 09:52:35,415::INFO::[scheduler:191] Scheduling RSS interval task every 60 min (delay=2)
2026-09-13 09:52:35,416::INFO::[scheduler:200] Scheduling version check in 10 minutes and daily at 8:45
2026-09-13 09:52:35,416::INFO::[scheduler:215] Setting schedule for midnight auto history-purge
2026-09-13 09:52:35,416::INFO::[scheduler:224] Setting schedule for midnight BPS reset
2026-09-13 09:52:35,416::INFO::[scheduler:233] Setting schedule for midnight server expiration check
2026-09-13 09:52:35,416::INFO::[scheduler:242] Setting schedule for server quota check
2026-09-13 09:52:35,417::INFO::[__init__:315] All processes started
2026-09-13 09:52:35,417::INFO::[SABnzbd:333] Template location for Glitter is /app/sabnzbd/interfaces/Glitter
2026-09-13 09:52:35,417::INFO::[SABnzbd:333] Template location for Config is /app/sabnzbd/interfaces/Config
2026-09-13 09:52:35,418::INFO::[misc:1469] [N/A] Running external command: ['/usr/bin/unrar']
2026-09-13 09:52:35,423::INFO::[misc:1469] [N/A] Running external command: ['/usr/bin/7zz']
2026-09-13 09:52:35,439::INFO::[misc:1469] [N/A] Running external command: ['/usr/local/bin/par2', '-V']
2026-09-13 09:52:35,444::INFO::[SABnzbd:418] SABCTools module (v9.6.3)... found!
2026-09-13 09:52:35,444::INFO::[SABnzbd:419] SABCTools module is using SIMD set: AVX2
2026-09-13 09:52:35,444::INFO::[SABnzbd:420] SABCTools module is linked to OpenSSL: True
2026-09-13 09:52:35,444::INFO::[SABnzbd:437] Cryptography module (v50.0.1)... found!
2026-09-13 09:52:35,444::INFO::[SABnzbd:440] par2 binary... found (/usr/local/bin/par2)
2026-09-13 09:52:35,444::INFO::[SABnzbd:447] UNRAR binary... found (/usr/bin/unrar)
2026-09-13 09:52:35,444::INFO::[SABnzbd:455] UNRAR binary version 7.23
2026-09-13 09:52:35,444::INFO::[SABnzbd:462] 7za binary... found (/usr/bin/7zz)
2026-09-13 09:52:35,444::INFO::[SABnzbd:464] 7za binary version 26.01
2026-09-13 09:52:35,444::INFO::[SABnzbd:470] nice binary... found (/bin/nice)
2026-09-13 09:52:35,445::INFO::[SABnzbd:474] ionice binary... found (/bin/ionice)
2026-09-13 09:52:35,445::INFO::[SABnzbd:1351] Starting web-interface on :::8080
2026-09-13 09:52:35,445::INFO::[_cplogging:213] [13/Sep/2026:09:52:35] ENGINE Bus STARTING
2026-09-13 09:52:35,548::INFO::[_cplogging:213] [13/Sep/2026:09:52:35] ENGINE Serving on http://:::8080
2026-09-13 09:52:35,548::INFO::[_cplogging:213] [13/Sep/2026:09:52:35] ENGINE Bus STARTED
2026-09-13 09:52:35,548::INFO::[SABnzbd:1390] Starting SABnzbd.py-5.1.3
2026-09-13 09:52:35,550::INFO::[dirscanner:121] Dirscanner starting up
2026-09-13 09:52:35,551::INFO::[panic:229] Launching browser with http://127.0.0.1:8080
2026-09-13 09:52:35,551::INFO::[notifier:169] Sending notification: SABnzbd - SABnzbd 5.1.3 started (type=startup, job_cat=None)
2026-09-13 09:52:35,551::INFO::[__init__:486] Commit = a647f73426cb70ad60ae7964b96c2d5e939b4727
2026-09-13 09:52:35,552::INFO::[__init__:487] Python-version = 3.14.7 (main, Aug 15 2026, 07:18:27) [GCC 15.2.0]
2026-09-13 09:52:35,552::INFO::[__init__:488] CPU architecture = x86_64
2026-09-13 09:52:35,552::INFO::[__init__:489] Platform = Docker
2026-09-13 09:52:35,552::INFO::[__init__:490] JSON-module = orjson 3.11.9
2026-09-13 09:52:35,552::INFO::[__init__:491] Preferred encoding = UTF-8
2026-09-13 09:52:35,552::INFO::[__init__:492] SSL version = OpenSSL 3.5.8 25 Aug 2026
2026-09-13 09:52:35,569::INFO::[zconfig:61] No bonjour/zeroconf support installed
2026-09-13 09:52:35,570::INFO::[ssdp:109] Serving SSDP on 10.72.138.96 as SABnzbd
2026-09-13 11:11:43,896::INFO::[__init__:208] Signal 15 caught, saving and exiting...
2026-09-13 11:11:43,897::INFO::[__init__:444] [N/A] Performing SABnzbd shutdown
2026-09-13 11:11:43,897::INFO::[__init__:348] SABnzbd shutting down...
2026-09-13 11:11:43,897::INFO::[ssdp:103] Stopping SSDP
2026-09-13 11:11:43,897::INFO::[directunpacker:554] Aborting all DirectUnpackers
2026-09-13 11:11:43,904::INFO::[notifier:169] Sending notification: SABnzbd - Shutting down (type=startup, job_cat=None)
2026-09-13 11:11:43,906::INFO::[downloader:690] Shutting down
2026-09-13 11:11:43,913::INFO::[nzbqueue:241] Saving queue
2026-09-13 11:11:43,914::INFO::[postproc:146] Saving postproc queue
2026-09-13 11:11:43,915::INFO::[__init__:424] All processes stopped
2026-09-13 11:11:43,915::INFO::[_cplogging:213] [13/Sep/2026:11:11:43] ENGINE Bus STOPPING
2026-09-13 11:11:44,355::INFO::[_cplogging:213] [13/Sep/2026:11:11:44] ENGINE HTTP Server cherrypy._cpwsgi_server.CPWSGIServer(('::', 8080)) shut down
2026-09-13 11:11:44,355::INFO::[_cplogging:213] [13/Sep/2026:11:11:44] ENGINE Bus STOPPED
2026-09-13 11:11:44,355::INFO::[_cplogging:213] [13/Sep/2026:11:11:44] ENGINE Bus EXITING
2026-09-13 11:11:44,355::INFO::[_cplogging:213] [13/Sep/2026:11:11:44] ENGINE Bus EXITED
2026-09-13 11:11:44,356::INFO::[notifier:169] Sending notification: SABnzbd - SABnzbd shutdown finished (type=startup, job_cat=None)
2026-09-13 11:11:44,356::INFO::[SABnzbd:1491] Leaving SABnzbd
2026-09-13 11:16:38,578::INFO::[SABnzbd:1135] --------------------------------
2026-09-13 11:16:38,628::INFO::[SABnzbd:1136] SABnzbd.py-5.1.3
2026-09-13 11:16:38,628::INFO::[SABnzbd:1137] Full executable path = /app/sabnzbd/SABnzbd.py
2026-09-13 11:16:38,628::INFO::[SABnzbd:1138] Arguments = "/app/sabnzbd/SABnzbd.py" "--config-file" "/config" "--server" "::"
2026-09-13 11:16:38,631::INFO::[SABnzbd:1147] Certifi version = 2026.06.17
2026-09-13 11:16:38,631::INFO::[SABnzbd:1148] Loaded additional certificates from /lsiopy/lib/python3.14/site-packages/certifi/cacert.pem
2026-09-13 11:16:38,631::INFO::[SABnzbd:1154] Using INI file /config/sabnzbd.ini
2026-09-13 11:16:38,645::INFO::[postproc:153] Loading postproc queue
2026-09-13 11:16:38,654::INFO::[scheduler:191] Scheduling RSS interval task every 60 min (delay=23)
2026-09-13 11:16:38,654::INFO::[scheduler:200] Scheduling version check in 10 minutes and daily at 4:39
2026-09-13 11:16:38,654::INFO::[scheduler:215] Setting schedule for midnight auto history-purge
2026-09-13 11:16:38,654::INFO::[scheduler:224] Setting schedule for midnight BPS reset
2026-09-13 11:16:38,654::INFO::[scheduler:233] Setting schedule for midnight server expiration check
2026-09-13 11:16:38,654::INFO::[scheduler:242] Setting schedule for server quota check
2026-09-13 11:16:38,658::INFO::[__init__:315] All processes started
2026-09-13 11:16:38,658::INFO::[SABnzbd:333] Template location for Glitter is /app/sabnzbd/interfaces/Glitter
2026-09-13 11:16:38,658::INFO::[SABnzbd:333] Template location for Config is /app/sabnzbd/interfaces/Config
2026-09-13 11:16:38,659::INFO::[misc:1469] [N/A] Running external command: ['/usr/bin/unrar']
2026-09-13 11:16:38,706::INFO::[misc:1469] [N/A] Running external command: ['/usr/bin/7zz']
2026-09-13 11:16:38,741::INFO::[misc:1469] [N/A] Running external command: ['/usr/local/bin/par2', '-V']
2026-09-13 11:16:38,764::INFO::[SABnzbd:418] SABCTools module (v9.6.3)... found!
2026-09-13 11:16:38,764::INFO::[SABnzbd:419] SABCTools module is using SIMD set: AVX2
2026-09-13 11:16:38,764::INFO::[SABnzbd:420] SABCTools module is linked to OpenSSL: True
2026-09-13 11:16:38,764::INFO::[SABnzbd:437] Cryptography module (v50.0.1)... found!
2026-09-13 11:16:38,764::INFO::[SABnzbd:440] par2 binary... found (/usr/local/bin/par2)
2026-09-13 11:16:38,764::INFO::[SABnzbd:447] UNRAR binary... found (/usr/bin/unrar)
2026-09-13 11:16:38,764::INFO::[SABnzbd:455] UNRAR binary version 7.23
2026-09-13 11:16:38,764::INFO::[SABnzbd:462] 7za binary... found (/usr/bin/7zz)
2026-09-13 11:16:38,764::INFO::[SABnzbd:464] 7za binary version 26.01
2026-09-13 11:16:38,764::INFO::[SABnzbd:470] nice binary... found (/bin/nice)
2026-09-13 11:16:38,765::INFO::[SABnzbd:474] ionice binary... found (/bin/ionice)
2026-09-13 11:16:38,765::INFO::[SABnzbd:1351] Starting web-interface on :::8080
2026-09-13 11:16:38,765::INFO::[_cplogging:213] [13/Sep/2026:11:16:38] ENGINE Bus STARTING
2026-09-13 11:16:38,881::INFO::[_cplogging:213] [13/Sep/2026:11:16:38] ENGINE Serving on http://:::8080
2026-09-13 11:16:38,881::INFO::[_cplogging:213] [13/Sep/2026:11:16:38] ENGINE Bus STARTED
2026-09-13 11:16:38,881::INFO::[SABnzbd:1390] Starting SABnzbd.py-5.1.3
2026-09-13 11:16:38,922::INFO::[dirscanner:121] Dirscanner starting up
2026-09-13 11:16:38,925::INFO::[panic:229] Launching browser with http://127.0.0.1:8080
2026-09-13 11:16:38,926::INFO::[notifier:169] Sending notification: SABnzbd - SABnzbd 5.1.3 started (type=startup, job_cat=None)
2026-09-13 11:16:38,927::INFO::[__init__:486] Commit = a647f73426cb70ad60ae7964b96c2d5e939b4727
2026-09-13 11:16:38,927::INFO::[__init__:487] Python-version = 3.14.7 (main, Aug 15 2026, 07:18:27) [GCC 15.2.0]
2026-09-13 11:16:38,927::INFO::[__init__:488] CPU architecture = x86_64
2026-09-13 11:16:38,927::INFO::[__init__:489] Platform = Docker
2026-09-13 11:16:38,927::INFO::[__init__:490] JSON-module = orjson 3.11.9
2026-09-13 11:16:38,927::INFO::[__init__:491] Preferred encoding = UTF-8
2026-09-13 11:16:38,927::INFO::[__init__:492] SSL version = OpenSSL 3.5.8 25 Aug 2026
2026-09-13 11:16:38,969::INFO::[zconfig:61] No bonjour/zeroconf support installed
2026-09-13 11:16:38,969::INFO::[ssdp:109] Serving SSDP on 10.72.138.96 as SABnzbd
2026-09-13 11:23:45,121::INFO::[__init__:208] Signal 15 caught, saving and exiting...
2026-09-13 11:23:45,121::INFO::[__init__:444] [N/A] Performing SABnzbd shutdown
2026-09-13 11:23:45,121::INFO::[__init__:348] SABnzbd shutting down...
2026-09-13 11:23:45,121::INFO::[ssdp:103] Stopping SSDP
2026-09-13 11:23:45,121::INFO::[directunpacker:554] Aborting all DirectUnpackers
2026-09-13 11:23:45,125::INFO::[notifier:169] Sending notification: SABnzbd - Shutting down (type=startup, job_cat=None)
2026-09-13 11:23:45,125::INFO::[downloader:690] Shutting down
2026-09-13 11:23:45,132::INFO::[nzbqueue:241] Saving queue
2026-09-13 11:23:45,133::INFO::[postproc:146] Saving postproc queue
2026-09-13 11:23:45,133::INFO::[__init__:424] All processes stopped
2026-09-13 11:23:45,133::INFO::[_cplogging:213] [13/Sep/2026:11:23:45] ENGINE Bus STOPPING
2026-09-13 11:23:45,302::INFO::[_cplogging:213] [13/Sep/2026:11:23:45] ENGINE HTTP Server cherrypy._cpwsgi_server.CPWSGIServer(('::', 8080)) shut down
2026-09-13 11:23:45,302::INFO::[_cplogging:213] [13/Sep/2026:11:23:45] ENGINE Bus STOPPED
2026-09-13 11:23:45,302::INFO::[_cplogging:213] [13/Sep/2026:11:23:45] ENGINE Bus EXITING
2026-09-13 11:23:45,302::INFO::[_cplogging:213] [13/Sep/2026:11:23:45] ENGINE Bus EXITED
2026-09-13 11:23:45,302::INFO::[notifier:169] Sending notification: SABnzbd - SABnzbd shutdown finished (type=startup, job_cat=None)
2026-09-13 11:23:45,303::INFO::[SABnzbd:1491] Leaving SABnzbd
2026-09-13 11:24:01,865::INFO::[SABnzbd:1135] --------------------------------
2026-09-13 11:24:01,866::INFO::[SABnzbd:1136] SABnzbd.py-5.1.3
2026-09-13 11:24:01,871::INFO::[SABnzbd:1137] Full executable path = /app/sabnzbd/SABnzbd.py
2026-09-13 11:24:01,871::INFO::[SABnzbd:1138] Arguments = "/app/sabnzbd/SABnzbd.py" "--config-file" "/config" "--server" "::"
2026-09-13 11:24:01,872::INFO::[SABnzbd:1147] Certifi version = 2026.06.17
2026-09-13 11:24:01,872::INFO::[SABnzbd:1148] Loaded additional certificates from /lsiopy/lib/python3.14/site-packages/certifi/cacert.pem
2026-09-13 11:24:01,872::INFO::[SABnzbd:1154] Using INI file /config/sabnzbd.ini
2026-09-13 11:24:01,879::INFO::[postproc:153] Loading postproc queue
2026-09-13 11:24:01,880::INFO::[scheduler:191] Scheduling RSS interval task every 60 min (delay=3)
2026-09-13 11:24:01,880::INFO::[scheduler:200] Scheduling version check in 10 minutes and daily at 4:26
2026-09-13 11:24:01,883::INFO::[scheduler:215] Setting schedule for midnight auto history-purge
2026-09-13 11:24:01,883::INFO::[scheduler:224] Setting schedule for midnight BPS reset
2026-09-13 11:24:01,883::INFO::[scheduler:233] Setting schedule for midnight server expiration check
2026-09-13 11:24:01,883::INFO::[scheduler:242] Setting schedule for server quota check
2026-09-13 11:24:01,883::INFO::[__init__:315] All processes started
2026-09-13 11:24:01,883::INFO::[SABnzbd:333] Template location for Glitter is /app/sabnzbd/interfaces/Glitter
2026-09-13 11:24:01,884::INFO::[SABnzbd:333] Template location for Config is /app/sabnzbd/interfaces/Config
2026-09-13 11:24:01,884::INFO::[misc:1469] [N/A] Running external command: ['/usr/bin/unrar']
2026-09-13 11:24:01,903::INFO::[misc:1469] [N/A] Running external command: ['/usr/bin/7zz']
2026-09-13 11:24:01,956::INFO::[misc:1469] [N/A] Running external command: ['/usr/local/bin/par2', '-V']
2026-09-13 11:24:01,992::INFO::[SABnzbd:418] SABCTools module (v9.6.3)... found!
2026-09-13 11:24:01,992::INFO::[SABnzbd:419] SABCTools module is using SIMD set: AVX2
2026-09-13 11:24:01,992::INFO::[SABnzbd:420] SABCTools module is linked to OpenSSL: True
2026-09-13 11:24:01,992::INFO::[SABnzbd:437] Cryptography module (v50.0.1)... found!
2026-09-13 11:24:01,992::INFO::[SABnzbd:440] par2 binary... found (/usr/local/bin/par2)
2026-09-13 11:24:01,992::INFO::[SABnzbd:447] UNRAR binary... found (/usr/bin/unrar)
2026-09-13 11:24:01,992::INFO::[SABnzbd:455] UNRAR binary version 7.23
2026-09-13 11:24:01,992::INFO::[SABnzbd:462] 7za binary... found (/usr/bin/7zz)
2026-09-13 11:24:01,992::INFO::[SABnzbd:464] 7za binary version 26.01
2026-09-13 11:24:01,992::INFO::[SABnzbd:470] nice binary... found (/bin/nice)
2026-09-13 11:24:01,992::INFO::[SABnzbd:474] ionice binary... found (/bin/ionice)
2026-09-13 11:24:01,993::INFO::[SABnzbd:1351] Starting web-interface on :::8080
2026-09-13 11:24:01,993::INFO::[_cplogging:213] [13/Sep/2026:11:24:01] ENGINE Bus STARTING
2026-09-13 11:24:02,128::INFO::[_cplogging:213] [13/Sep/2026:11:24:02] ENGINE Serving on http://:::8080
2026-09-13 11:24:02,128::INFO::[_cplogging:213] [13/Sep/2026:11:24:02] ENGINE Bus STARTED
2026-09-13 11:24:02,128::INFO::[SABnzbd:1390] Starting SABnzbd.py-5.1.3
2026-09-13 11:24:02,139::INFO::[dirscanner:121] Dirscanner starting up
2026-09-13 11:24:02,140::INFO::[panic:229] Launching browser with http://127.0.0.1:8080
2026-09-13 11:24:02,140::INFO::[notifier:169] Sending notification: SABnzbd - SABnzbd 5.1.3 started (type=startup, job_cat=None)
2026-09-13 11:24:02,141::INFO::[__init__:486] Commit = a647f73426cb70ad60ae7964b96c2d5e939b4727
2026-09-13 11:24:02,141::INFO::[__init__:487] Python-version = 3.14.7 (main, Aug 15 2026, 07:18:27) [GCC 15.2.0]
2026-09-13 11:24:02,141::INFO::[__init__:488] CPU architecture = x86_64
2026-09-13 11:24:02,141::INFO::[__init__:489] Platform = Docker
2026-09-13 11:24:02,141::INFO::[__init__:490] JSON-module = orjson 3.11.9
2026-09-13 11:24:02,141::INFO::[__init__:491] Preferred encoding = UTF-8
2026-09-13 11:24:02,141::INFO::[__init__:492] SSL version = OpenSSL 3.5.8 25 Aug 2026
2026-09-13 11:24:02,207::INFO::[zconfig:61] No bonjour/zeroconf support installed
2026-09-13 11:24:02,208::INFO::[ssdp:109] Serving SSDP on 10.72.138.96 as SABnzbd
