[2026-09-12 19:26:24.474 +00:00] [INF] [6] Emby.Server.Implementations.AppBase.BaseConfigurationManager: Setting cache path: "/config/cache"
[2026-09-12 19:26:24.695 +00:00] [INF] [10] Jellyfin.Server.ServerSetupApp.SetupServer: Kestrel is listening on "all interfaces"
[2026-09-12 19:26:24.736 +00:00] [INF] [10] Main: Jellyfin version: "12.0.0"
[2026-09-12 19:26:24.740 +00:00] [INF] [10] Main: Environment Variables: ["[JELLYFIN_CONFIG_DIR, /config]", "[JELLYFIN_DATA_DIR, /config/data]", "[JELLYFIN_WEB_DIR, /usr/share/jellyfin/web]", "[JELLYFIN_LOG_DIR, /config/log]", "[JELLYFIN_CACHE_DIR, /config/cache]"]
[2026-09-12 19:26:24.743 +00:00] [INF] [10] Main: Arguments: ["/usr/lib/jellyfin/bin/jellyfin.dll", "--ffmpeg=/usr/lib/jellyfin-ffmpeg/ffmpeg"]
[2026-09-12 19:26:24.743 +00:00] [INF] [10] Main: Operating system: "Ubuntu 26.04.1 LTS"
[2026-09-12 19:26:24.743 +00:00] [INF] [10] Main: Architecture: X64
[2026-09-12 19:26:24.744 +00:00] [INF] [10] Main: 64-Bit Process: True
[2026-09-12 19:26:24.744 +00:00] [INF] [10] Main: User Interactive: True
[2026-09-12 19:26:24.744 +00:00] [INF] [10] Main: Processor count: 4
[2026-09-12 19:26:24.744 +00:00] [INF] [10] Main: Program data path: "/config/data"
[2026-09-12 19:26:24.744 +00:00] [INF] [10] Main: Log directory path: "/config/log"
[2026-09-12 19:26:24.744 +00:00] [INF] [10] Main: Config directory path: "/config"
[2026-09-12 19:26:24.744 +00:00] [INF] [10] Main: Cache path: "/config/cache"
[2026-09-12 19:26:24.744 +00:00] [INF] [10] Main: Temp directory path: "/tmp/jellyfin"
[2026-09-12 19:26:24.745 +00:00] [INF] [10] Main: Web resources path: "/usr/share/jellyfin/web"
[2026-09-12 19:26:24.745 +00:00] [INF] [10] Main: Application directory: "/usr/lib/jellyfin/bin/"
[2026-09-12 19:26:24.751 +00:00] [INF] [10] Jellyfin.Server.Startup: Storage path `"/config/data/data"` (Fixed) successfully checked with "209GiB" free which is over the minimum of "2GiB".
[2026-09-12 19:26:24.752 +00:00] [INF] [10] Jellyfin.Server.Startup: Storage path `"/config/cache"` (Fixed) successfully checked with "209GiB" free which is over the minimum of "2GiB".
[2026-09-12 19:26:24.752 +00:00] [INF] [10] Jellyfin.Server.Startup: Storage path `"/config/data"` (Fixed) successfully checked with "209GiB" free which is over the minimum of "2GiB".
[2026-09-12 19:26:24.787 +00:00] [INF] [10] Emby.Server.Implementations.AppBase.BaseConfigurationManager: Setting cache path: "/config/cache"
[2026-09-12 19:26:24.865 +00:00] [INF] [10] Jellyfin.Database.Providers.Sqlite.SqliteDatabaseProvider: SQLite connection string: "Data Source=/config/data/data/jellyfin.db;Cache=Private;Default Timeout=60;Pooling=True"
[2026-09-12 19:26:24.874 +00:00] [INF] [10] Jellyfin.Database.Providers.Sqlite.SqliteDatabaseProvider: SQLITE connection pragma command set to: 
"PRAGMA locking_mode=NORMAL;
PRAGMA journal_size_limit=134217728;
PRAGMA synchronous=1;
PRAGMA temp_store=2;
"
[2026-09-12 19:26:24.875 +00:00] [INF] [10] Jellyfin.Database.Implementations.Locking.NoLockBehavior: The database locking mode has been set to: NoLock.
[2026-09-12 19:26:24.936 +00:00] [INF] [10] Jellyfin.Server.Migrations.JellyfinMigrationService: Initialise Migration service.
[2026-09-12 19:26:24.937 +00:00] [INF] [10] Jellyfin.Server.Migrations.JellyfinMigrationService: System initialization detected. Seed data. Startup mode is: MediaServer
[2026-09-12 19:26:25.276 +00:00] [WRN] [11] Microsoft.Extensions.Diagnostics.HealthChecks.DefaultHealthCheckService: Health check "StartupCheck" with status Degraded completed after 1.0289ms with message '"Server is still starting up."'
[2026-09-12 19:26:26.354 +00:00] [WRN] [11] Microsoft.Extensions.Diagnostics.HealthChecks.DefaultHealthCheckService: Health check "StartupCheck" with status Degraded completed after 0.0908ms with message '"Server is still starting up."'
[2026-09-12 19:26:27.146 +00:00] [INF] [10] Jellyfin.Server.Migrations.JellyfinMigrationService: Seed migration 4124c2cd-e939-4ffb-9be9-9b311c413638-"DisableTranscodingThrottling".
[2026-09-12 19:26:27.174 +00:00] [INF] [10] Jellyfin.Server.Migrations.JellyfinMigrationService: Seed migration ef103419-8451-40d8-9f34-d1a8e93a1679-"CreateUserLoggingConfigFile".
[2026-09-12 19:26:27.175 +00:00] [INF] [10] Jellyfin.Server.Migrations.JellyfinMigrationService: Seed migration 3793eb59-bc8c-456c-8b9f-bd5a62a42978-"MigrateActivityLogDb".
[2026-09-12 19:26:27.177 +00:00] [INF] [10] Jellyfin.Server.Migrations.JellyfinMigrationService: Seed migration acbe17b7-8435-4a83-8b64-6fcf162cb9bd-"RemoveDuplicateExtras".
[2026-09-12 19:26:27.177 +00:00] [INF] [10] Jellyfin.Server.Migrations.JellyfinMigrationService: Seed migration 5c4b82a2-f053-4009-bd05-b6fcad82f14c-"MigrateUserDb".
[2026-09-12 19:26:27.177 +00:00] [INF] [10] Jellyfin.Server.Migrations.JellyfinMigrationService: Seed migration 06387815-c3cc-421f-a888-fb5f9992bea8-"MigrateDisplayPreferencesDb".
[2026-09-12 19:26:27.178 +00:00] [INF] [10] Jellyfin.Server.Migrations.JellyfinMigrationService: Seed migration a81f75e0-8f43-416f-a5e8-516ccab4d8cc-"RemoveDownloadImagesInAdvance".
[2026-09-12 19:26:27.178 +00:00] [INF] [10] Jellyfin.Server.Migrations.JellyfinMigrationService: Seed migration 5bd72f41-e6f3-4f60-90aa-09869abe0e22-"MigrateAuthenticationDb".
[2026-09-12 19:26:27.179 +00:00] [INF] [10] Jellyfin.Server.Migrations.JellyfinMigrationService: Seed migration 615dfa9e-2497-4dbb-a472-61938b752c5b-"FixPlaylistOwner".
[2026-09-12 19:26:27.179 +00:00] [INF] [10] Jellyfin.Server.Migrations.JellyfinMigrationService: Seed migration cf6fabc2-9fbe-4933-84a5-ffe52ef22a58-"FixAudioData".
[2026-09-12 19:26:27.179 +00:00] [INF] [10] Jellyfin.Server.Migrations.JellyfinMigrationService: Seed migration null-"MigrateLibraryDbCompatibilityCheck".
[2026-09-12 19:26:27.180 +00:00] [INF] [10] Jellyfin.Server.Migrations.JellyfinMigrationService: Seed migration null-"MigrateLibraryDb".
[2026-09-12 19:26:27.182 +00:00] [INF] [10] Jellyfin.Server.Migrations.JellyfinMigrationService: Seed migration null-"MoveExtractedFiles".
[2026-09-12 19:26:27.183 +00:00] [INF] [10] Jellyfin.Server.Migrations.JellyfinMigrationService: Seed migration null-"RefreshInternalDateModified".
[2026-09-12 19:26:27.185 +00:00] [INF] [10] Jellyfin.Server.Migrations.JellyfinMigrationService: Seed migration null-"MigrateKeyframeData".
[2026-09-12 19:26:27.185 +00:00] [INF] [10] Jellyfin.Server.Migrations.JellyfinMigrationService: Seed migration null-"MigrateLibraryUserData".
[2026-09-12 19:26:27.186 +00:00] [INF] [10] Jellyfin.Server.Migrations.JellyfinMigrationService: Seed migration null-"FixDates".
[2026-09-12 19:26:27.186 +00:00] [INF] [10] Jellyfin.Server.Migrations.JellyfinMigrationService: Seed migration null-"ReseedFolderFlag".
[2026-09-12 19:26:27.186 +00:00] [INF] [10] Jellyfin.Server.Migrations.JellyfinMigrationService: Seed migration null-"CleanMusicArtist".
[2026-09-12 19:26:27.186 +00:00] [INF] [10] Jellyfin.Server.Migrations.JellyfinMigrationService: Seed migration null-"MigrateLinkedChildren".
[2026-09-12 19:26:27.186 +00:00] [INF] [10] Jellyfin.Server.Migrations.JellyfinMigrationService: Seed migration null-"CleanupOrphanedExtras".
[2026-09-12 19:26:27.186 +00:00] [INF] [10] Jellyfin.Server.Migrations.JellyfinMigrationService: Seed migration null-"FixIncorrectOwnerIdRelationships".
[2026-09-12 19:26:27.187 +00:00] [INF] [10] Jellyfin.Server.Migrations.JellyfinMigrationService: Seed migration null-"FixLibrarySubtitleDownloadLanguages".
[2026-09-12 19:26:27.187 +00:00] [INF] [10] Jellyfin.Server.Migrations.JellyfinMigrationService: Seed migration null-"MigrateRatingLevels".
[2026-09-12 19:26:27.187 +00:00] [INF] [10] Jellyfin.Server.Migrations.JellyfinMigrationService: Seed migration null-"MergeDuplicateMusicArtists".
[2026-09-12 19:26:27.187 +00:00] [INF] [10] Jellyfin.Server.Migrations.JellyfinMigrationService: Seed migration null-"MergeDuplicatePeople".
[2026-09-12 19:26:27.188 +00:00] [INF] [10] Jellyfin.Server.Migrations.JellyfinMigrationService: Seed migration null-"CleanupOrphanedExternalData".
[2026-09-12 19:26:27.188 +00:00] [INF] [10] Jellyfin.Server.Migrations.JellyfinMigrationService: Seed migration null-"RefreshCleanNamesAndValues".
[2026-09-12 19:26:27.188 +00:00] [INF] [10] Jellyfin.Server.Migrations.JellyfinMigrationService: Seed migration null-"RefreshForcedSortNames".
[2026-09-12 19:26:27.189 +00:00] [INF] [10] Jellyfin.Server.Migrations.JellyfinMigrationService: Seed migration null-"RestorePlaylistChildrenFromMetadata".
[2026-09-12 19:26:27.189 +00:00] [INF] [10] Jellyfin.Server.Migrations.JellyfinMigrationService: Seed migration null-"RecomputeSeriesPresentationKey".
[2026-09-12 19:26:27.189 +00:00] [INF] [10] Jellyfin.Server.Migrations.JellyfinMigrationService: Seed migration null-"ConsolidateLocalizedUserViews".
[2026-09-12 19:26:27.189 +00:00] [INF] [10] Jellyfin.Server.Migrations.JellyfinMigrationService: Seed migration null-"EnableLocalSimilarityProviders".
[2026-09-12 19:26:27.190 +00:00] [INF] [10] Jellyfin.Server.Migrations.JellyfinMigrationService: Seed migration null-"UpdateNormalizedUsername".
[2026-09-12 19:26:27.190 +00:00] [INF] [10] Jellyfin.Server.Migrations.JellyfinMigrationService: Seed migration null-"DisableLegacyAuthorization".
[2026-09-12 19:26:27.190 +00:00] [INF] [10] Jellyfin.Server.Migrations.JellyfinMigrationService: Seed migration 9b354818-94d5-4b68-ac49-e35cb85f9d84-"CreateNetworkConfiguration".
[2026-09-12 19:26:27.190 +00:00] [INF] [10] Jellyfin.Server.Migrations.JellyfinMigrationService: Seed migration a8e61960-7726-4450-8f3d-82c12daabbcb-"MigrateEncodingOptions".
[2026-09-12 19:26:27.190 +00:00] [INF] [10] Jellyfin.Server.Migrations.JellyfinMigrationService: Seed migration a6dcacf4-c057-4ef9-80d3-61cef9ddb4f0-"MigrateMusicBrainzTimeout".
[2026-09-12 19:26:27.191 +00:00] [INF] [10] Jellyfin.Server.Migrations.JellyfinMigrationService: Seed migration 4fb5c950-1991-11ee-9b4b-0800200c9a66-"MigrateNetworkConfiguration".
[2026-09-12 19:26:27.191 +00:00] [INF] [10] Jellyfin.Server.Migrations.JellyfinMigrationService: Seed migration e73b777d-cd5c-4e71-957a-b86b3660b7cf-"RenameEnableGroupingIntoCollections".
[2026-09-12 19:26:27.199 +00:00] [INF] [10] Jellyfin.Server.Migrations.JellyfinMigrationService: Migration system initialisation completed.
[2026-09-12 19:26:27.237 +00:00] [INF] [10] Emby.Server.Implementations.AppBase.BaseConfigurationManager: Setting cache path: "/config/cache"
[2026-09-12 19:26:27.271 +00:00] [INF] [10] Emby.Server.Implementations.ApplicationHost: Loading assemblies
[2026-09-12 19:26:27.401 +00:00] [INF] [10] Jellyfin.Networking.Manager.NetworkManager: Defined LAN subnets: ["::1/128", "fe80::/10", "fc00::/7", "127.0.0.0/8", "10.0.0.0/8", "172.16.0.0/12", "192.168.0.0/16"]
[2026-09-12 19:26:27.403 +00:00] [INF] [10] Jellyfin.Networking.Manager.NetworkManager: Defined LAN exclusions: []
[2026-09-12 19:26:27.407 +00:00] [INF] [10] Jellyfin.Networking.Manager.NetworkManager: Used LAN subnets: ["::1/128", "fe80::/10", "fc00::/7", "127.0.0.0/8", "10.0.0.0/8", "172.16.0.0/12", "192.168.0.0/16"]
[2026-09-12 19:26:27.410 +00:00] [WRN] [11] Microsoft.Extensions.Diagnostics.HealthChecks.DefaultHealthCheckService: Health check "StartupCheck" with status Degraded completed after 0.0028ms with message '"Server is still starting up."'
[2026-09-12 19:26:27.412 +00:00] [INF] [10] Jellyfin.Networking.Manager.NetworkManager: Filtered interface addresses: []
[2026-09-12 19:26:27.414 +00:00] [INF] [10] Jellyfin.Networking.Manager.NetworkManager: Bind Addresses ["::"]
[2026-09-12 19:26:27.414 +00:00] [INF] [10] Jellyfin.Networking.Manager.NetworkManager: Remote IP filter is "Allowlist"
[2026-09-12 19:26:27.414 +00:00] [INF] [10] Jellyfin.Networking.Manager.NetworkManager: Filtered subnets: []
[2026-09-12 19:26:27.624 +00:00] [INF] [10] Jellyfin.Database.Providers.Sqlite.SqliteDatabaseProvider: SQLite connection string: "Data Source=/config/data/data/jellyfin.db;Cache=Private;Default Timeout=60;Pooling=True"
[2026-09-12 19:26:27.624 +00:00] [INF] [10] Jellyfin.Database.Providers.Sqlite.SqliteDatabaseProvider: SQLITE connection pragma command set to: 
"PRAGMA locking_mode=NORMAL;
PRAGMA journal_size_limit=134217728;
PRAGMA synchronous=1;
PRAGMA temp_store=2;
"
[2026-09-12 19:26:27.625 +00:00] [INF] [10] Jellyfin.Database.Implementations.Locking.NoLockBehavior: The database locking mode has been set to: NoLock.
[2026-09-12 19:26:27.695 +00:00] [INF] [10] Main: Prepare system for possible migrations
[2026-09-12 19:26:27.756 +00:00] [INF] [10] Main: A migration will attempt to modify the jellyfin.db, will attempt to backup the file now.
[2026-09-12 19:26:27.757 +00:00] [INF] [10] Main: Jellyfin database has been backed up as "20260912072627"
[2026-09-12 19:26:27.762 +00:00] [INF] [10] Jellyfin.Server.Migrations.JellyfinMigrationService: There are 55 migrations for stage CoreInitialisation.
[2026-09-12 19:26:27.764 +00:00] [INF] [10] InternalDatabaseMigration: Perform migration "20200514181226_AddActivityLog"
[2026-09-12 19:26:27.820 +00:00] [INF] [10] InternalDatabaseMigration: Migration "20200514181226_AddActivityLog" was successfully applied
[2026-09-12 19:26:27.822 +00:00] [INF] [10] InternalDatabaseMigration: Perform migration "20200613202153_AddUsers"
[2026-09-12 19:26:27.872 +00:00] [INF] [10] InternalDatabaseMigration: Migration "20200613202153_AddUsers" was successfully applied
[2026-09-12 19:26:27.874 +00:00] [INF] [10] InternalDatabaseMigration: Perform migration "20200728005145_AddDisplayPreferences"
[2026-09-12 19:26:27.909 +00:00] [INF] [10] InternalDatabaseMigration: Migration "20200728005145_AddDisplayPreferences" was successfully applied
[2026-09-12 19:26:27.911 +00:00] [INF] [10] InternalDatabaseMigration: Perform migration "20200905220533_FixDisplayPreferencesIndex"
[2026-09-12 19:26:27.924 +00:00] [INF] [10] InternalDatabaseMigration: Migration "20200905220533_FixDisplayPreferencesIndex" was successfully applied
[2026-09-12 19:26:27.925 +00:00] [INF] [10] InternalDatabaseMigration: Perform migration "20201004171403_AddMaxActiveSessions"
[2026-09-12 19:26:27.951 +00:00] [INF] [10] InternalDatabaseMigration: Migration "20201004171403_AddMaxActiveSessions" was successfully applied
[2026-09-12 19:26:27.952 +00:00] [INF] [10] InternalDatabaseMigration: Perform migration "20201204223655_AddCustomDisplayPreferences"
[2026-09-12 19:26:27.983 +00:00] [INF] [10] InternalDatabaseMigration: Migration "20201204223655_AddCustomDisplayPreferences" was successfully applied
[2026-09-12 19:26:27.984 +00:00] [INF] [10] InternalDatabaseMigration: Perform migration "20210320181425_AddIndexesAndCollations"
[2026-09-12 19:26:28.008 +00:00] [WRN] [10] Microsoft.EntityFrameworkCore.Migrations: An operation of type '"SqlOperation"' will be attempted while a rebuild of table '"ImageInfos"' is pending. The database may not be in an expected state. Review the SQL generated by this migration to help diagnose any failures. Consider moving these operations to a subsequent migration.
[2026-09-12 19:26:28.009 +00:00] [WRN] [10] Microsoft.EntityFrameworkCore.Migrations: An operation of type '"SqlOperation"' will be attempted while a rebuild of table '"ImageInfos"' is pending. The database may not be in an expected state. Review the SQL generated by this migration to help diagnose any failures. Consider moving these operations to a subsequent migration.
[2026-09-12 19:26:28.011 +00:00] [WRN] [10] Microsoft.EntityFrameworkCore.Migrations: An operation of type '"SqlOperation"' will be attempted while a rebuild of table '"Permissions"' is pending. The database may not be in an expected state. Review the SQL generated by this migration to help diagnose any failures. Consider moving these operations to a subsequent migration.
[2026-09-12 19:26:28.011 +00:00] [WRN] [10] Microsoft.EntityFrameworkCore.Migrations: An operation of type '"SqlOperation"' will be attempted while a rebuild of table '"Permissions"' is pending. The database may not be in an expected state. Review the SQL generated by this migration to help diagnose any failures. Consider moving these operations to a subsequent migration.
[2026-09-12 19:26:28.012 +00:00] [WRN] [10] Microsoft.EntityFrameworkCore.Migrations: An operation of type '"SqlOperation"' will be attempted while a rebuild of table '"Preferences"' is pending. The database may not be in an expected state. Review the SQL generated by this migration to help diagnose any failures. Consider moving these operations to a subsequent migration.
[2026-09-12 19:26:28.012 +00:00] [WRN] [10] Microsoft.EntityFrameworkCore.Migrations: An operation of type '"SqlOperation"' will be attempted while a rebuild of table '"Preferences"' is pending. The database may not be in an expected state. Review the SQL generated by this migration to help diagnose any failures. Consider moving these operations to a subsequent migration.
[2026-09-12 19:26:28.012 +00:00] [WRN] [10] Microsoft.EntityFrameworkCore.Migrations: An operation of type '"SqlOperation"' will be attempted while a rebuild of table '"Users"' is pending. The database may not be in an expected state. Review the SQL generated by this migration to help diagnose any failures. Consider moving these operations to a subsequent migration.
[2026-09-12 19:26:28.012 +00:00] [WRN] [10] Microsoft.EntityFrameworkCore.Migrations: An operation of type '"SqlOperation"' will be attempted while a rebuild of table '"Users"' is pending. The database may not be in an expected state. Review the SQL generated by this migration to help diagnose any failures. Consider moving these operations to a subsequent migration.
[2026-09-12 19:26:28.024 +00:00] [INF] [10] InternalDatabaseMigration: Migration "20210320181425_AddIndexesAndCollations" was successfully applied
[2026-09-12 19:26:28.025 +00:00] [INF] [10] InternalDatabaseMigration: Perform migration "20210407110544_NullableCustomPrefValue"
[2026-09-12 19:26:28.045 +00:00] [INF] [10] InternalDatabaseMigration: Migration "20210407110544_NullableCustomPrefValue" was successfully applied
[2026-09-12 19:26:28.057 +00:00] [INF] [10] InternalDatabaseMigration: Perform migration "20210814002109_AddDevices"
[2026-09-12 19:26:28.077 +00:00] [INF] [10] InternalDatabaseMigration: Migration "20210814002109_AddDevices" was successfully applied
[2026-09-12 19:26:28.078 +00:00] [INF] [10] InternalDatabaseMigration: Perform migration "20221022080052_AddIndexActivityLogsDateCreated"
[2026-09-12 19:26:28.093 +00:00] [INF] [10] InternalDatabaseMigration: Migration "20221022080052_AddIndexActivityLogsDateCreated" was successfully applied
[2026-09-12 19:26:28.094 +00:00] [INF] [10] InternalDatabaseMigration: Perform migration "20230526173516_RemoveEasyPassword"
[2026-09-12 19:26:28.120 +00:00] [INF] [10] InternalDatabaseMigration: Migration "20230526173516_RemoveEasyPassword" was successfully applied
[2026-09-12 19:26:28.123 +00:00] [INF] [10] InternalDatabaseMigration: Perform migration "20230626233818_AddTrickplayInfos"
[2026-09-12 19:26:28.141 +00:00] [INF] [10] InternalDatabaseMigration: Migration "20230626233818_AddTrickplayInfos" was successfully applied
[2026-09-12 19:26:28.143 +00:00] [INF] [10] InternalDatabaseMigration: Perform migration "20230923170422_UserCastReceiver"
[2026-09-12 19:26:28.159 +00:00] [INF] [10] InternalDatabaseMigration: Migration "20230923170422_UserCastReceiver" was successfully applied
[2026-09-12 19:26:28.160 +00:00] [INF] [10] InternalDatabaseMigration: Perform migration "20240729140605_AddMediaSegments"
[2026-09-12 19:26:28.178 +00:00] [INF] [10] InternalDatabaseMigration: Migration "20240729140605_AddMediaSegments" was successfully applied
[2026-09-12 19:26:28.180 +00:00] [INF] [10] InternalDatabaseMigration: Perform migration "20240928082930_MarkSegmentProviderIdNonNullable"
[2026-09-12 19:26:28.206 +00:00] [INF] [10] InternalDatabaseMigration: Migration "20240928082930_MarkSegmentProviderIdNonNullable" was successfully applied
[2026-09-12 19:26:28.208 +00:00] [INF] [10] InternalDatabaseMigration: Perform migration "20241020103111_LibraryDbMigration"
[2026-09-12 19:26:28.276 +00:00] [INF] [10] InternalDatabaseMigration: Migration "20241020103111_LibraryDbMigration" was successfully applied
[2026-09-12 19:26:28.278 +00:00] [INF] [10] InternalDatabaseMigration: Perform migration "20241111131257_AddedCustomDataKey"
[2026-09-12 19:26:28.314 +00:00] [INF] [10] InternalDatabaseMigration: Migration "20241111131257_AddedCustomDataKey" was successfully applied
[2026-09-12 19:26:28.316 +00:00] [INF] [10] InternalDatabaseMigration: Perform migration "20241111135439_AddedCustomDataKeyKey"
[2026-09-12 19:26:28.383 +00:00] [INF] [10] InternalDatabaseMigration: Migration "20241111135439_AddedCustomDataKeyKey" was successfully applied
[2026-09-12 19:26:28.385 +00:00] [INF] [10] InternalDatabaseMigration: Perform migration "20241112152323_FixAncestorIdConfig"
[2026-09-12 19:26:28.454 +00:00] [WRN] [15] Microsoft.Extensions.Diagnostics.HealthChecks.DefaultHealthCheckService: Health check "StartupCheck" with status Degraded completed after 0.0018ms with message '"Server is still starting up."'
[2026-09-12 19:26:28.470 +00:00] [INF] [10] InternalDatabaseMigration: Migration "20241112152323_FixAncestorIdConfig" was successfully applied
[2026-09-12 19:26:28.472 +00:00] [INF] [10] InternalDatabaseMigration: Perform migration "20241112232041_FixMediaStreams"
[2026-09-12 19:26:28.562 +00:00] [INF] [10] InternalDatabaseMigration: Migration "20241112232041_FixMediaStreams" was successfully applied
[2026-09-12 19:26:28.564 +00:00] [INF] [10] InternalDatabaseMigration: Perform migration "20241112234144_FixMediaStreams2"
[2026-09-12 19:26:28.690 +00:00] [INF] [10] InternalDatabaseMigration: Migration "20241112234144_FixMediaStreams2" was successfully applied
[2026-09-12 19:26:28.698 +00:00] [INF] [10] InternalDatabaseMigration: Perform migration "20241113133548_EnforceUniqueItemValue"
[2026-09-12 19:26:28.767 +00:00] [INF] [10] InternalDatabaseMigration: Migration "20241113133548_EnforceUniqueItemValue" was successfully applied
[2026-09-12 19:26:28.772 +00:00] [INF] [10] InternalDatabaseMigration: Perform migration "20250202021306_FixedCollation"
[2026-09-12 19:26:28.899 +00:00] [INF] [10] InternalDatabaseMigration: Migration "20250202021306_FixedCollation" was successfully applied
[2026-09-12 19:26:28.901 +00:00] [INF] [10] InternalDatabaseMigration: Perform migration "20250204092455_MakeStartEndDateNullable"
[2026-09-12 19:26:29.008 +00:00] [INF] [10] InternalDatabaseMigration: Migration "20250204092455_MakeStartEndDateNullable" was successfully applied
[2026-09-12 19:26:29.010 +00:00] [INF] [10] InternalDatabaseMigration: Perform migration "20250214031148_ChannelIdGuid"
[2026-09-12 19:26:29.041 +00:00] [INF] [10] InternalDatabaseMigration: Migration "20250214031148_ChannelIdGuid" was successfully applied
[2026-09-12 19:26:29.046 +00:00] [INF] [10] InternalDatabaseMigration: Perform migration "20250326065026_AddInheritedParentalRatingSubValue"
[2026-09-12 19:26:29.100 +00:00] [INF] [10] InternalDatabaseMigration: Migration "20250326065026_AddInheritedParentalRatingSubValue" was successfully applied
[2026-09-12 19:26:29.104 +00:00] [INF] [10] InternalDatabaseMigration: Perform migration "20250327101120_AddKeyframeData"
[2026-09-12 19:26:29.194 +00:00] [INF] [10] InternalDatabaseMigration: Migration "20250327101120_AddKeyframeData" was successfully applied
[2026-09-12 19:26:29.218 +00:00] [INF] [10] InternalDatabaseMigration: Perform migration "20250327171413_AddHdr10PlusFlag"
[2026-09-12 19:26:29.277 +00:00] [INF] [10] InternalDatabaseMigration: Migration "20250327171413_AddHdr10PlusFlag" was successfully applied
[2026-09-12 19:26:29.279 +00:00] [INF] [10] InternalDatabaseMigration: Perform migration "20250331182844_FixAttachmentMigration"
[2026-09-12 19:26:29.349 +00:00] [INF] [10] InternalDatabaseMigration: Migration "20250331182844_FixAttachmentMigration" was successfully applied
[2026-09-12 19:26:29.351 +00:00] [INF] [10] InternalDatabaseMigration: Perform migration "20250401142247_FixAncestors"
[2026-09-12 19:26:29.424 +00:00] [INF] [10] InternalDatabaseMigration: Migration "20250401142247_FixAncestors" was successfully applied
[2026-09-12 19:26:29.433 +00:00] [INF] [10] InternalDatabaseMigration: Perform migration "20250405075612_FixItemValuesIndices"
[2026-09-12 19:26:29.473 +00:00] [WRN] [11] Microsoft.Extensions.Diagnostics.HealthChecks.DefaultHealthCheckService: Health check "StartupCheck" with status Degraded completed after 0.0018ms with message '"Server is still starting up."'
[2026-09-12 19:26:29.516 +00:00] [INF] [10] InternalDatabaseMigration: Migration "20250405075612_FixItemValuesIndices" was successfully applied
[2026-09-12 19:26:29.522 +00:00] [INF] [10] InternalDatabaseMigration: Perform migration "20250609115616_DetachUserDataInsteadOfDelete"
[2026-09-12 19:26:29.659 +00:00] [INF] [10] InternalDatabaseMigration: Migration "20250609115616_DetachUserDataInsteadOfDelete" was successfully applied
[2026-09-12 19:26:29.661 +00:00] [INF] [10] InternalDatabaseMigration: Perform migration "20250622170802_BaseItemImageInfoDateModifiedNullable"
[2026-09-12 19:26:29.756 +00:00] [INF] [10] InternalDatabaseMigration: Migration "20250622170802_BaseItemImageInfoDateModifiedNullable" was successfully applied
[2026-09-12 19:26:29.764 +00:00] [INF] [10] InternalDatabaseMigration: Perform migration "20250714044826_ResetJournalMode"
[2026-09-12 19:26:29.801 +00:00] [INF] [10] InternalDatabaseMigration: Migration "20250714044826_ResetJournalMode" was successfully applied
[2026-09-12 19:26:29.803 +00:00] [INF] [10] InternalDatabaseMigration: Perform migration "20250913211637_AddProperParentChildRelationBaseItemWithCascade"
[2026-09-12 19:26:29.879 +00:00] [INF] [10] InternalDatabaseMigration: Migration "20250913211637_AddProperParentChildRelationBaseItemWithCascade" was successfully applied
[2026-09-12 19:26:29.883 +00:00] [INF] [10] InternalDatabaseMigration: Perform migration "20250925203415_ExtendPeopleMapKey"
[2026-09-12 19:26:29.981 +00:00] [INF] [10] InternalDatabaseMigration: Migration "20250925203415_ExtendPeopleMapKey" was successfully applied
[2026-09-12 19:26:29.983 +00:00] [INF] [10] InternalDatabaseMigration: Perform migration "20260113102337_AddLinkedChildrenTable"
[2026-09-12 19:26:30.042 +00:00] [INF] [10] InternalDatabaseMigration: Migration "20260113102337_AddLinkedChildrenTable" was successfully applied
[2026-09-12 19:26:30.046 +00:00] [INF] [10] InternalDatabaseMigration: Perform migration "20260113203012_ChangeOwnerIdToGuid"
[2026-09-12 19:26:30.166 +00:00] [INF] [10] InternalDatabaseMigration: Migration "20260113203012_ChangeOwnerIdToGuid" was successfully applied
[2026-09-12 19:26:30.167 +00:00] [INF] [10] InternalDatabaseMigration: Perform migration "20260113233000_AddForeignKeyToOwnerId"
[2026-09-12 19:26:30.225 +00:00] [WRN] [10] Microsoft.EntityFrameworkCore.Migrations: An operation of type '"SqlOperation"' will be attempted while a rebuild of table '"BaseItems"' is pending. The database may not be in an expected state. Review the SQL generated by this migration to help diagnose any failures. Consider moving these operations to a subsequent migration.
[2026-09-12 19:26:30.225 +00:00] [WRN] [10] Microsoft.EntityFrameworkCore.Migrations: An operation of type '"UpdateDataOperation"' will be attempted while a rebuild of table '"BaseItems"' is pending. The database may not be in an expected state. Review the SQL generated by this migration to help diagnose any failures. Consider moving these operations to a subsequent migration.
[2026-09-12 19:26:30.243 +00:00] [INF] [10] InternalDatabaseMigration: Migration "20260113233000_AddForeignKeyToOwnerId" was successfully applied
[2026-09-12 19:26:30.245 +00:00] [INF] [10] InternalDatabaseMigration: Perform migration "20260113233500_DropExtraIdsColumn"
[2026-09-12 19:26:30.312 +00:00] [INF] [10] InternalDatabaseMigration: Migration "20260113233500_DropExtraIdsColumn" was successfully applied
[2026-09-12 19:26:30.313 +00:00] [INF] [10] InternalDatabaseMigration: Perform migration "20260116114245_AddLatestItemsDateCreatedIndexes"
[2026-09-12 19:26:30.356 +00:00] [INF] [10] InternalDatabaseMigration: Migration "20260116114245_AddLatestItemsDateCreatedIndexes" was successfully applied
[2026-09-12 19:26:30.358 +00:00] [INF] [10] InternalDatabaseMigration: Perform migration "20260118182305_AddIndicesToImageInfo"
[2026-09-12 19:26:30.391 +00:00] [INF] [10] InternalDatabaseMigration: Migration "20260118182305_AddIndicesToImageInfo" was successfully applied
[2026-09-12 19:26:30.393 +00:00] [INF] [10] InternalDatabaseMigration: Perform migration "20260130232147_AddBaseItemNameIndex"
[2026-09-12 19:26:30.455 +00:00] [INF] [10] InternalDatabaseMigration: Migration "20260130232147_AddBaseItemNameIndex" was successfully applied
[2026-09-12 19:26:30.457 +00:00] [INF] [10] InternalDatabaseMigration: Perform migration "20260206224832_IndexOptimizations"
[2026-09-12 19:26:30.491 +00:00] [WRN] [15] Microsoft.Extensions.Diagnostics.HealthChecks.DefaultHealthCheckService: Health check "StartupCheck" with status Degraded completed after 0.0016ms with message '"Server is still starting up."'
[2026-09-12 19:26:30.577 +00:00] [INF] [10] InternalDatabaseMigration: Migration "20260206224832_IndexOptimizations" was successfully applied
[2026-09-12 19:26:30.581 +00:00] [INF] [10] InternalDatabaseMigration: Perform migration "20260215201634_ChangePrimaryVersionIdToGuid"
[2026-09-12 19:26:30.615 +00:00] [INF] [10] InternalDatabaseMigration: Migration "20260215201634_ChangePrimaryVersionIdToGuid" was successfully applied
[2026-09-12 19:26:30.617 +00:00] [INF] [10] InternalDatabaseMigration: Perform migration "20260308123920_AddTypeCleanNameIndex"
[2026-09-12 19:26:30.656 +00:00] [INF] [10] InternalDatabaseMigration: Migration "20260308123920_AddTypeCleanNameIndex" was successfully applied
[2026-09-12 19:26:30.658 +00:00] [INF] [10] InternalDatabaseMigration: Perform migration "20260504075755_AddPartialIndexForItemCounts"
[2026-09-12 19:26:30.693 +00:00] [INF] [10] InternalDatabaseMigration: Migration "20260504075755_AddPartialIndexForItemCounts" was successfully applied
[2026-09-12 19:26:30.695 +00:00] [INF] [10] InternalDatabaseMigration: Perform migration "20260522092303_AddNormalizedUsername"
[2026-09-12 19:26:30.732 +00:00] [INF] [10] InternalDatabaseMigration: Migration "20260522092303_AddNormalizedUsername" was successfully applied
[2026-09-12 19:26:30.734 +00:00] [INF] [10] InternalDatabaseMigration: Perform migration "20260524120336_AddUniqueNormalizedUsernameIndex"
[2026-09-12 19:26:30.771 +00:00] [INF] [10] InternalDatabaseMigration: Migration "20260524120336_AddUniqueNormalizedUsernameIndex" was successfully applied
[2026-09-12 19:26:30.773 +00:00] [INF] [10] InternalDatabaseMigration: Perform migration "20260723111547_AllowDuplicatePlaylistChildren"
[2026-09-12 19:26:30.833 +00:00] [INF] [10] InternalDatabaseMigration: Migration "20260723111547_AllowDuplicatePlaylistChildren" was successfully applied
[2026-09-12 19:26:30.835 +00:00] [INF] [10] InternalDatabaseMigration: Perform migration "20260724185102_AddPrimaryVersionIdIndex"
[2026-09-12 19:26:30.871 +00:00] [INF] [10] InternalDatabaseMigration: Migration "20260724185102_AddPrimaryVersionIdIndex" was successfully applied
[2026-09-12 19:26:30.873 +00:00] [INF] [10] InternalDatabaseMigration: Perform migration "20260728170000_AddPeopleNameLowerIndex"
[2026-09-12 19:26:30.908 +00:00] [INF] [10] InternalDatabaseMigration: Migration "20260728170000_AddPeopleNameLowerIndex" was successfully applied
[2026-09-12 19:26:30.910 +00:00] [INF] [10] InternalDatabaseMigration: Perform migration "20260728182152_AddPeopleItemMapCoveringIndex"
[2026-09-12 19:26:30.947 +00:00] [INF] [10] InternalDatabaseMigration: Migration "20260728182152_AddPeopleItemMapCoveringIndex" was successfully applied
[2026-09-12 19:26:30.949 +00:00] [INF] [10] InternalDatabaseMigration: Perform migration "20260812050902_AddMediaStreamFilterIndex"
[2026-09-12 19:26:30.984 +00:00] [INF] [10] InternalDatabaseMigration: Migration "20260812050902_AddMediaStreamFilterIndex" was successfully applied
[2026-09-12 19:26:30.987 +00:00] [INF] [10] InternalDatabaseMigration: Perform migration "20260815063607_RemoveOrphanedUserPermissionsAndPreferences"
[2026-09-12 19:26:31.056 +00:00] [INF] [10] InternalDatabaseMigration: Migration "20260815063607_RemoveOrphanedUserPermissionsAndPreferences" was successfully applied
[2026-09-12 19:26:31.238 +00:00] [INF] [10] Emby.Server.Implementations.AppBase.BaseConfigurationManager: Saving system configuration
[2026-09-12 19:26:31.239 +00:00] [INF] [10] Emby.Server.Implementations.AppBase.BaseConfigurationManager: Setting cache path: "/config/cache"
[2026-09-12 19:26:31.247 +00:00] [INF] [10] Emby.Server.Implementations.Plugins.PluginManager: Loaded plugin: "TMDb" "12.0.0.0"
[2026-09-12 19:26:31.250 +00:00] [INF] [10] Emby.Server.Implementations.Plugins.PluginManager: Loaded plugin: "Studio Images" "12.0.0.0"
[2026-09-12 19:26:31.251 +00:00] [INF] [10] Emby.Server.Implementations.Plugins.PluginManager: Loaded plugin: "OMDb" "12.0.0.0"
[2026-09-12 19:26:31.283 +00:00] [INF] [10] Emby.Server.Implementations.Plugins.PluginManager: Loaded plugin: "MusicBrainz" "12.0.0.0"
[2026-09-12 19:26:31.285 +00:00] [INF] [10] Emby.Server.Implementations.Plugins.PluginManager: Loaded plugin: "ListenBrainz Similarity Provider" "12.0.0.0"
[2026-09-12 19:26:31.285 +00:00] [INF] [10] Emby.Server.Implementations.Plugins.PluginManager: Loaded plugin: "AudioDB" "12.0.0.0"
[2026-09-12 19:26:31.355 +00:00] [INF] [10] Emby.Server.Implementations.Library.Search.SearchManager: Registered 0 external search providers: "". Fallback providers: "Database (priority 100)"
[2026-09-12 19:26:31.359 +00:00] [INF] [10] Jellyfin.Server.Migrations.JellyfinMigrationService: There are 5 migrations for stage AppInitialisation.
[2026-09-12 19:26:31.359 +00:00] [INF] [10] InternalCodeMigration: Perform migration "20250420090000_AddDefaultPluginRepository"
[2026-09-12 19:26:31.362 +00:00] [INF] [10] Emby.Server.Implementations.AppBase.BaseConfigurationManager: Saving system configuration
[2026-09-12 19:26:31.362 +00:00] [INF] [10] Emby.Server.Implementations.AppBase.BaseConfigurationManager: Setting cache path: "/config/cache"
[2026-09-12 19:26:31.363 +00:00] [INF] [10] InternalCodeMigration: Migration "20250420090000_AddDefaultPluginRepository" was successfully applied
[2026-09-12 19:26:31.365 +00:00] [INF] [10] InternalCodeMigration: Perform migration "20250420110000_ReaddDefaultPluginRepository"
[2026-09-12 19:26:31.367 +00:00] [INF] [10] InternalCodeMigration: Migration "20250420110000_ReaddDefaultPluginRepository" was successfully applied
[2026-09-12 19:26:31.369 +00:00] [INF] [10] InternalCodeMigration: Perform migration "20250420160000_AddDefaultCastReceivers"
[2026-09-12 19:26:31.370 +00:00] [INF] [10] Emby.Server.Implementations.AppBase.BaseConfigurationManager: Saving system configuration
[2026-09-12 19:26:31.371 +00:00] [INF] [10] Emby.Server.Implementations.AppBase.BaseConfigurationManager: Setting cache path: "/config/cache"
[2026-09-12 19:26:31.371 +00:00] [INF] [10] InternalCodeMigration: Migration "20250420160000_AddDefaultCastReceivers" was successfully applied
[2026-09-12 19:26:31.379 +00:00] [INF] [10] InternalCodeMigration: Perform migration "20250420170000_UpdateDefaultPluginRepository"
[2026-09-12 19:26:31.379 +00:00] [INF] [10] Emby.Server.Implementations.AppBase.BaseConfigurationManager: Saving system configuration
[2026-09-12 19:26:31.380 +00:00] [INF] [10] Emby.Server.Implementations.AppBase.BaseConfigurationManager: Setting cache path: "/config/cache"
[2026-09-12 19:26:31.380 +00:00] [INF] [10] InternalCodeMigration: Migration "20250420170000_UpdateDefaultPluginRepository" was successfully applied
[2026-09-12 19:26:31.382 +00:00] [INF] [10] InternalCodeMigration: Perform migration "20250420230000_MoveTrickplayFiles"
[2026-09-12 19:26:31.528 +00:00] [WRN] [11] Microsoft.Extensions.Diagnostics.HealthChecks.DefaultHealthCheckService: Health check "StartupCheck" with status Degraded completed after 0.0023ms with message '"Server is still starting up."'
[2026-09-12 19:26:32.156 +00:00] [INF] [10] Jellyfin.Server.Migrations.Routines.MoveTrickplayFiles: Checked: 5000 - Moved: 0 - Time: 00:00:00.7718300
[2026-09-12 19:26:32.156 +00:00] [INF] [10] Jellyfin.Server.Migrations.Routines.MoveTrickplayFiles: Moved 0 items in 00:00:00.7723037
[2026-09-12 19:26:32.157 +00:00] [INF] [10] InternalCodeMigration: Migration "20250420230000_MoveTrickplayFiles" was successfully applied
[2026-09-12 19:26:32.160 +00:00] [INF] [10] Main: Attempt to cleanup JellyfinDb backup.
[2026-09-12 19:26:32.161 +00:00] [INF] [10] Main: Migrations have been applied, optimizing the database... This might take a while
[2026-09-12 19:26:32.237 +00:00] [INF] [10] Jellyfin.Database.Providers.Sqlite.SqliteDatabaseProvider: jellyfin.db optimized successfully!
[2026-09-12 19:26:32.290 +00:00] [INF] [4] Main: Kestrel is listening on "all interfaces"
[2026-09-12 19:26:32.324 +00:00] [WRN] [4] Microsoft.AspNetCore.DataProtection.KeyManagement.XmlKeyManager: No XML encryptor configured. Key {38dbeb0b-3063-4a02-8db0-a63c17fe01f6} may be persisted to storage in unencrypted form.
[2026-09-12 19:26:33.425 +00:00] [WRN] [4] Microsoft.AspNetCore.StaticFiles.StaticFileMiddleware: The WebRootPath was not found: "/run/s6-rc:s6-rc-init:nLbMDL/servicedirs/svc-jellyfin/wwwroot". Static files may be unavailable.
[2026-09-12 19:26:34.414 +00:00] [INF] [4] Emby.Server.Implementations.ApplicationHost: Running startup tasks
[2026-09-12 19:26:34.484 +00:00] [INF] [4] Emby.Server.Implementations.ScheduledTasks.TaskManager: Daily trigger for "Generate Trickplay Images" set to fire at 2026-09-13 03:00:00.000 +00:00, which is 07:33:25.5159512 from now.
[2026-09-12 19:26:34.487 +00:00] [INF] [4] Emby.Server.Implementations.ScheduledTasks.TaskManager: Daily trigger for "Extract Chapter Images" set to fire at 2026-09-13 02:00:00.000 +00:00, which is 06:33:25.5121290 from now.
[2026-09-12 19:26:34.539 +00:00] [INF] [4] MediaBrowser.MediaEncoding.Encoder.MediaEncoder: Found ffmpeg version "8.1.2"
[2026-09-12 19:26:34.613 +00:00] [INF] [4] MediaBrowser.MediaEncoding.Encoder.MediaEncoder: Available "decoders": ["libdav1d", "av1", "av1_cuvid", "av1_qsv", "h264", "h264_qsv", "h264_cuvid", "hevc", "hevc_qsv", "hevc_cuvid", "mpeg2video", "mpeg2_qsv", "mpeg2_cuvid", "mpeg4", "mpeg4_cuvid", "msmpeg4", "vc1_qsv", "vc1_cuvid", "vp8", "libvpx", "vp8_cuvid", "vp8_qsv", "vp9", "libvpx-vp9", "vp9_cuvid", "vp9_qsv", "aac", "ac3", "ac4", "dca", "flac", "mp3", "truehd"]
[2026-09-12 19:26:34.637 +00:00] [INF] [4] MediaBrowser.MediaEncoding.Encoder.MediaEncoder: Available "encoders": ["libsvtav1", "av1_nvenc", "av1_qsv", "av1_amf", "av1_vaapi", "libx264", "h264_amf", "h264_nvenc", "h264_qsv", "h264_v4l2m2m", "h264_vaapi", "libx265", "hevc_amf", "hevc_nvenc", "hevc_qsv", "hevc_vaapi", "mjpeg_qsv", "mjpeg_vaapi", "aac", "libfdk_aac", "ac3", "alac", "dca", "flac", "libmp3lame", "libopus", "truehd", "libvorbis", "srt"]
[2026-09-12 19:26:34.657 +00:00] [INF] [4] MediaBrowser.MediaEncoding.Encoder.MediaEncoder: Available filters: ["bwdif_cuda", "bwdif_opencl", "deinterlace_qsv", "deinterlace_vaapi", "flip_vulkan", "hwupload_cuda", "hwupload_vaapi", "libplacebo", "overlay_opencl", "overlay_qsv", "overlay_vaapi", "overlay_vulkan", "overlay_cuda", "procamp_vaapi", "scale_cuda", "scale_opencl", "scale_qsv", "scale_vaapi", "scale_vulkan", "tonemapx", "tonemap_cuda", "tonemap_opencl", "tonemap_vaapi", "transpose_cuda", "transpose_opencl", "transpose_vaapi", "transpose_vulkan", "vpp_qsv", "yadif_cuda", "yadif_opencl", "zscale", "alphasrc"]
[2026-09-12 19:26:34.948 +00:00] [INF] [4] MediaBrowser.MediaEncoding.Encoder.MediaEncoder: Available hwaccel types: ["cuda", "vaapi", "qsv", "drm", "opencl", "vulkan", "amf"]
[2026-09-12 19:26:37.507 +00:00] [INF] [15] Emby.Server.Implementations.ScheduledTasks.TaskManager: "Clean Transcode Directory" Completed after 0 minute(s) and 0 seconds
[2026-09-12 19:26:38.298 +00:00] [INF] [10] Emby.Server.Implementations.ScheduledTasks.TaskManager: "Update Plugins" Completed after 0 minute(s) and 0 seconds
[2026-09-12 19:26:40.587 +00:00] [INF] [4] MediaBrowser.MediaEncoding.Encoder.MediaEncoder: FFmpeg: "/usr/lib/jellyfin-ffmpeg/ffmpeg"
[2026-09-12 19:26:40.588 +00:00] [INF] [4] Emby.Server.Implementations.ApplicationHost: ServerId: "47b857da57f142768a816987a44165cd"
[2026-09-12 19:26:40.588 +00:00] [INF] [4] Emby.Server.Implementations.ApplicationHost: Core startup complete
[2026-09-12 19:26:40.588 +00:00] [INF] [4] Main: Startup complete 0:00:16.3373092
[2026-09-12 20:13:33.442 +00:00] [INF] [39] Emby.Server.Implementations.Session.SessionManager: Sending shutdown notifications
[2026-09-12 20:13:33.491 +00:00] [INF] [36] Main: Optimizing the database... This might take a while
[2026-09-12 20:13:33.534 +00:00] [INF] [36] Jellyfin.Database.Providers.Sqlite.SqliteDatabaseProvider: jellyfin.db optimized successfully!
[2026-09-12 20:13:33.593 +00:00] [INF] [36] Emby.Server.Implementations.ApplicationHost: Disposing "CoreAppHost"
[2026-09-12 20:13:33.593 +00:00] [INF] [36] Emby.Server.Implementations.ApplicationHost: Disposing "Plugin"
[2026-09-12 20:15:38.152 +00:00] [INF] [1] Emby.Server.Implementations.AppBase.BaseConfigurationManager: Setting cache path: "/config/cache"
[2026-09-12 20:15:38.687 +00:00] [INF] [7] Jellyfin.Server.ServerSetupApp.SetupServer: Kestrel is listening on "all interfaces"
[2026-09-12 20:15:38.783 +00:00] [INF] [7] Main: Jellyfin version: "12.0.0"
[2026-09-12 20:15:38.800 +00:00] [INF] [7] Main: Environment Variables: ["[JELLYFIN_WEB_DIR, /usr/share/jellyfin/web]", "[JELLYFIN_LOG_DIR, /config/log]", "[JELLYFIN_DATA_DIR, /config/data]", "[JELLYFIN_CONFIG_DIR, /config]", "[JELLYFIN_CACHE_DIR, /config/cache]"]
[2026-09-12 20:15:38.809 +00:00] [INF] [7] Main: Arguments: ["/usr/lib/jellyfin/bin/jellyfin.dll", "--ffmpeg=/usr/lib/jellyfin-ffmpeg/ffmpeg"]
[2026-09-12 20:15:38.809 +00:00] [INF] [7] Main: Operating system: "Ubuntu 26.04.1 LTS"
[2026-09-12 20:15:38.809 +00:00] [INF] [7] Main: Architecture: X64
[2026-09-12 20:15:38.814 +00:00] [INF] [7] Main: 64-Bit Process: True
[2026-09-12 20:15:38.814 +00:00] [INF] [7] Main: User Interactive: True
[2026-09-12 20:15:38.814 +00:00] [INF] [7] Main: Processor count: 4
[2026-09-12 20:15:38.814 +00:00] [INF] [7] Main: Program data path: "/config/data"
[2026-09-12 20:15:38.814 +00:00] [INF] [7] Main: Log directory path: "/config/log"
[2026-09-12 20:15:38.814 +00:00] [INF] [7] Main: Config directory path: "/config"
[2026-09-12 20:15:38.814 +00:00] [INF] [7] Main: Cache path: "/config/cache"
[2026-09-12 20:15:38.815 +00:00] [INF] [7] Main: Temp directory path: "/tmp/jellyfin"
[2026-09-12 20:15:38.815 +00:00] [INF] [7] Main: Web resources path: "/usr/share/jellyfin/web"
[2026-09-12 20:15:38.815 +00:00] [INF] [7] Main: Application directory: "/usr/lib/jellyfin/bin/"
[2026-09-12 20:15:38.826 +00:00] [INF] [7] Jellyfin.Server.Startup: Storage path `"/config/data/data"` (Fixed) successfully checked with "208.9GiB" free which is over the minimum of "2GiB".
[2026-09-12 20:15:38.828 +00:00] [INF] [7] Jellyfin.Server.Startup: Storage path `"/config/cache"` (Fixed) successfully checked with "208.9GiB" free which is over the minimum of "2GiB".
[2026-09-12 20:15:38.829 +00:00] [INF] [7] Jellyfin.Server.Startup: Storage path `"/config/data"` (Fixed) successfully checked with "208.9GiB" free which is over the minimum of "2GiB".
[2026-09-12 20:15:38.845 +00:00] [INF] [7] Emby.Server.Implementations.AppBase.BaseConfigurationManager: Setting cache path: "/config/cache"
[2026-09-12 20:15:38.949 +00:00] [INF] [7] Jellyfin.Database.Providers.Sqlite.SqliteDatabaseProvider: SQLite connection string: "Data Source=/config/data/data/jellyfin.db;Cache=Private;Default Timeout=60;Pooling=True"
[2026-09-12 20:15:38.957 +00:00] [INF] [7] Jellyfin.Database.Providers.Sqlite.SqliteDatabaseProvider: SQLITE connection pragma command set to: 
"PRAGMA locking_mode=NORMAL;
PRAGMA journal_size_limit=134217728;
PRAGMA synchronous=1;
PRAGMA temp_store=2;
"
[2026-09-12 20:15:38.959 +00:00] [INF] [7] Jellyfin.Database.Implementations.Locking.NoLockBehavior: The database locking mode has been set to: NoLock.
[2026-09-12 20:15:39.011 +00:00] [INF] [7] Jellyfin.Server.Migrations.JellyfinMigrationService: Initialise Migration service.
[2026-09-12 20:15:39.011 +00:00] [INF] [7] Jellyfin.Server.Migrations.JellyfinMigrationService: System initialization detected. Seed data. Startup mode is: MediaServer
[2026-09-12 20:15:39.724 +00:00] [WRN] [8] Microsoft.Extensions.Diagnostics.HealthChecks.DefaultHealthCheckService: Health check "StartupCheck" with status Degraded completed after 4.5268ms with message '"Server is still starting up."'
[2026-09-12 20:15:40.790 +00:00] [WRN] [10] Microsoft.Extensions.Diagnostics.HealthChecks.DefaultHealthCheckService: Health check "StartupCheck" with status Degraded completed after 0.0848ms with message '"Server is still starting up."'
[2026-09-12 20:15:41.802 +00:00] [INF] [7] Jellyfin.Server.Migrations.JellyfinMigrationService: Migration system initialisation completed.
[2026-09-12 20:15:41.834 +00:00] [INF] [7] Emby.Server.Implementations.AppBase.BaseConfigurationManager: Setting cache path: "/config/cache"
[2026-09-12 20:15:41.846 +00:00] [WRN] [10] Microsoft.Extensions.Diagnostics.HealthChecks.DefaultHealthCheckService: Health check "StartupCheck" with status Degraded completed after 0.0034ms with message '"Server is still starting up."'
[2026-09-12 20:15:41.875 +00:00] [INF] [7] Emby.Server.Implementations.ApplicationHost: Loading assemblies
[2026-09-12 20:15:41.992 +00:00] [INF] [7] Jellyfin.Networking.Manager.NetworkManager: Defined LAN subnets: ["::1/128", "fe80::/10", "fc00::/7", "127.0.0.0/8", "10.0.0.0/8", "172.16.0.0/12", "192.168.0.0/16"]
[2026-09-12 20:15:41.995 +00:00] [INF] [7] Jellyfin.Networking.Manager.NetworkManager: Defined LAN exclusions: []
[2026-09-12 20:15:41.998 +00:00] [INF] [7] Jellyfin.Networking.Manager.NetworkManager: Used LAN subnets: ["::1/128", "fe80::/10", "fc00::/7", "127.0.0.0/8", "10.0.0.0/8", "172.16.0.0/12", "192.168.0.0/16"]
[2026-09-12 20:15:42.001 +00:00] [INF] [7] Jellyfin.Networking.Manager.NetworkManager: Filtered interface addresses: []
[2026-09-12 20:15:42.005 +00:00] [INF] [7] Jellyfin.Networking.Manager.NetworkManager: Bind Addresses ["::"]
[2026-09-12 20:15:42.010 +00:00] [INF] [7] Jellyfin.Networking.Manager.NetworkManager: Remote IP filter is "Allowlist"
[2026-09-12 20:15:42.010 +00:00] [INF] [7] Jellyfin.Networking.Manager.NetworkManager: Filtered subnets: []
[2026-09-12 20:15:42.161 +00:00] [INF] [7] Jellyfin.Database.Providers.Sqlite.SqliteDatabaseProvider: SQLite connection string: "Data Source=/config/data/data/jellyfin.db;Cache=Private;Default Timeout=60;Pooling=True"
[2026-09-12 20:15:42.161 +00:00] [INF] [7] Jellyfin.Database.Providers.Sqlite.SqliteDatabaseProvider: SQLITE connection pragma command set to: 
"PRAGMA locking_mode=NORMAL;
PRAGMA journal_size_limit=134217728;
PRAGMA synchronous=1;
PRAGMA temp_store=2;
"
[2026-09-12 20:15:42.162 +00:00] [INF] [7] Jellyfin.Database.Implementations.Locking.NoLockBehavior: The database locking mode has been set to: NoLock.
[2026-09-12 20:15:42.242 +00:00] [INF] [7] Main: Prepare system for possible migrations
[2026-09-12 20:15:42.674 +00:00] [INF] [7] Emby.Server.Implementations.Plugins.PluginManager: Loaded plugin: "TMDb" "12.0.0.0"
[2026-09-12 20:15:42.676 +00:00] [INF] [7] Emby.Server.Implementations.Plugins.PluginManager: Loaded plugin: "Studio Images" "12.0.0.0"
[2026-09-12 20:15:42.677 +00:00] [INF] [7] Emby.Server.Implementations.Plugins.PluginManager: Loaded plugin: "OMDb" "12.0.0.0"
[2026-09-12 20:15:42.706 +00:00] [INF] [7] Emby.Server.Implementations.Plugins.PluginManager: Loaded plugin: "MusicBrainz" "12.0.0.0"
[2026-09-12 20:15:42.706 +00:00] [INF] [7] Emby.Server.Implementations.Plugins.PluginManager: Loaded plugin: "ListenBrainz Similarity Provider" "12.0.0.0"
[2026-09-12 20:15:42.707 +00:00] [INF] [7] Emby.Server.Implementations.Plugins.PluginManager: Loaded plugin: "AudioDB" "12.0.0.0"
[2026-09-12 20:15:42.782 +00:00] [INF] [7] Emby.Server.Implementations.Library.Search.SearchManager: Registered 0 external search providers: "". Fallback providers: "Database (priority 100)"
[2026-09-12 20:15:43.147 +00:00] [INF] [10] Main: Kestrel is listening on "all interfaces"
[2026-09-12 20:15:44.025 +00:00] [WRN] [10] Microsoft.AspNetCore.StaticFiles.StaticFileMiddleware: The WebRootPath was not found: "/run/s6-rc:s6-rc-init:MOkAla/servicedirs/svc-jellyfin/wwwroot". Static files may be unavailable.
[2026-09-12 20:15:44.111 +00:00] [INF] [10] Emby.Server.Implementations.ApplicationHost: Running startup tasks
[2026-09-12 20:15:44.179 +00:00] [INF] [10] Emby.Server.Implementations.ScheduledTasks.TaskManager: Daily trigger for "Generate Trickplay Images" set to fire at 2026-09-13 03:00:00.000 +00:00, which is 06:44:15.8210792 from now.
[2026-09-12 20:15:44.182 +00:00] [INF] [10] Emby.Server.Implementations.ScheduledTasks.TaskManager: Daily trigger for "Extract Chapter Images" set to fire at 2026-09-13 02:00:00.000 +00:00, which is 05:44:15.8171267 from now.
[2026-09-12 20:15:44.224 +00:00] [INF] [10] MediaBrowser.MediaEncoding.Encoder.MediaEncoder: Found ffmpeg version "8.1.2"
[2026-09-12 20:15:44.257 +00:00] [INF] [10] MediaBrowser.MediaEncoding.Encoder.MediaEncoder: Available "decoders": ["libdav1d", "av1", "av1_cuvid", "av1_qsv", "h264", "h264_qsv", "h264_cuvid", "hevc", "hevc_qsv", "hevc_cuvid", "mpeg2video", "mpeg2_qsv", "mpeg2_cuvid", "mpeg4", "mpeg4_cuvid", "msmpeg4", "vc1_qsv", "vc1_cuvid", "vp8", "libvpx", "vp8_cuvid", "vp8_qsv", "vp9", "libvpx-vp9", "vp9_cuvid", "vp9_qsv", "aac", "ac3", "ac4", "dca", "flac", "mp3", "truehd"]
[2026-09-12 20:15:44.275 +00:00] [INF] [10] MediaBrowser.MediaEncoding.Encoder.MediaEncoder: Available "encoders": ["libsvtav1", "av1_nvenc", "av1_qsv", "av1_amf", "av1_vaapi", "libx264", "h264_amf", "h264_nvenc", "h264_qsv", "h264_v4l2m2m", "h264_vaapi", "libx265", "hevc_amf", "hevc_nvenc", "hevc_qsv", "hevc_vaapi", "mjpeg_qsv", "mjpeg_vaapi", "aac", "libfdk_aac", "ac3", "alac", "dca", "flac", "libmp3lame", "libopus", "truehd", "libvorbis", "srt"]
[2026-09-12 20:15:44.303 +00:00] [INF] [10] MediaBrowser.MediaEncoding.Encoder.MediaEncoder: Available filters: ["bwdif_cuda", "bwdif_opencl", "deinterlace_qsv", "deinterlace_vaapi", "flip_vulkan", "hwupload_cuda", "hwupload_vaapi", "libplacebo", "overlay_opencl", "overlay_qsv", "overlay_vaapi", "overlay_vulkan", "overlay_cuda", "procamp_vaapi", "scale_cuda", "scale_opencl", "scale_qsv", "scale_vaapi", "scale_vulkan", "tonemapx", "tonemap_cuda", "tonemap_opencl", "tonemap_vaapi", "transpose_cuda", "transpose_opencl", "transpose_vaapi", "transpose_vulkan", "vpp_qsv", "yadif_cuda", "yadif_opencl", "zscale", "alphasrc"]
[2026-09-12 20:15:44.535 +00:00] [INF] [10] MediaBrowser.MediaEncoding.Encoder.MediaEncoder: Available hwaccel types: ["cuda", "vaapi", "qsv", "drm", "opencl", "vulkan", "amf"]
[2026-09-12 20:15:47.213 +00:00] [INF] [7] Emby.Server.Implementations.ScheduledTasks.TaskManager: "Clean Transcode Directory" Completed after 0 minute(s) and 0 seconds
[2026-09-12 20:15:47.848 +00:00] [INF] [7] Emby.Server.Implementations.ScheduledTasks.TaskManager: "Update Plugins" Completed after 0 minute(s) and 0 seconds
[2026-09-12 20:15:48.385 +00:00] [INF] [10] MediaBrowser.MediaEncoding.Encoder.MediaEncoder: FFmpeg: "/usr/lib/jellyfin-ffmpeg/ffmpeg"
[2026-09-12 20:15:48.388 +00:00] [INF] [10] Emby.Server.Implementations.ApplicationHost: ServerId: "47b857da57f142768a816987a44165cd"
[2026-09-12 20:15:48.388 +00:00] [INF] [10] Emby.Server.Implementations.ApplicationHost: Core startup complete
[2026-09-12 20:15:48.388 +00:00] [INF] [10] Main: Startup complete 0:00:10.7717343
[2026-09-12 20:19:43.935 +00:00] [INF] [23] Emby.Server.Implementations.Session.SessionManager: Sending shutdown notifications
[2026-09-12 20:19:43.994 +00:00] [INF] [21] Main: Optimizing the database... This might take a while
[2026-09-12 20:19:44.056 +00:00] [INF] [21] Jellyfin.Database.Providers.Sqlite.SqliteDatabaseProvider: jellyfin.db optimized successfully!
[2026-09-12 20:19:44.126 +00:00] [INF] [21] Emby.Server.Implementations.ApplicationHost: Disposing "CoreAppHost"
[2026-09-12 20:19:44.127 +00:00] [INF] [21] Emby.Server.Implementations.ApplicationHost: Disposing "Plugin"
[2026-09-12 20:19:49.366 +00:00] [INF] [1] Emby.Server.Implementations.AppBase.BaseConfigurationManager: Setting cache path: "/config/cache"
[2026-09-12 20:19:49.616 +00:00] [INF] [9] Jellyfin.Server.ServerSetupApp.SetupServer: Kestrel is listening on "all interfaces"
[2026-09-12 20:19:49.650 +00:00] [INF] [9] Main: Jellyfin version: "12.0.0"
[2026-09-12 20:19:49.655 +00:00] [INF] [9] Main: Environment Variables: ["[JELLYFIN_LOG_DIR, /config/log]", "[JELLYFIN_CACHE_DIR, /config/cache]", "[JELLYFIN_WEB_DIR, /usr/share/jellyfin/web]", "[JELLYFIN_DATA_DIR, /config/data]", "[JELLYFIN_CONFIG_DIR, /config]"]
[2026-09-12 20:19:49.657 +00:00] [INF] [9] Main: Arguments: ["/usr/lib/jellyfin/bin/jellyfin.dll", "--ffmpeg=/usr/lib/jellyfin-ffmpeg/ffmpeg"]
[2026-09-12 20:19:49.662 +00:00] [INF] [9] Main: Operating system: "Ubuntu 26.04.1 LTS"
[2026-09-12 20:19:49.662 +00:00] [INF] [9] Main: Architecture: X64
[2026-09-12 20:19:49.663 +00:00] [INF] [9] Main: 64-Bit Process: True
[2026-09-12 20:19:49.663 +00:00] [INF] [9] Main: User Interactive: True
[2026-09-12 20:19:49.663 +00:00] [INF] [9] Main: Processor count: 4
[2026-09-12 20:19:49.663 +00:00] [INF] [9] Main: Program data path: "/config/data"
[2026-09-12 20:19:49.664 +00:00] [INF] [9] Main: Log directory path: "/config/log"
[2026-09-12 20:19:49.664 +00:00] [INF] [9] Main: Config directory path: "/config"
[2026-09-12 20:19:49.664 +00:00] [INF] [9] Main: Cache path: "/config/cache"
[2026-09-12 20:19:49.664 +00:00] [INF] [9] Main: Temp directory path: "/tmp/jellyfin"
[2026-09-12 20:19:49.664 +00:00] [INF] [9] Main: Web resources path: "/usr/share/jellyfin/web"
[2026-09-12 20:19:49.664 +00:00] [INF] [9] Main: Application directory: "/usr/lib/jellyfin/bin/"
[2026-09-12 20:19:49.673 +00:00] [INF] [9] Jellyfin.Server.Startup: Storage path `"/config/data/data"` (Fixed) successfully checked with "208.9GiB" free which is over the minimum of "2GiB".
[2026-09-12 20:19:49.674 +00:00] [INF] [9] Jellyfin.Server.Startup: Storage path `"/config/cache"` (Fixed) successfully checked with "208.9GiB" free which is over the minimum of "2GiB".
[2026-09-12 20:19:49.674 +00:00] [INF] [9] Jellyfin.Server.Startup: Storage path `"/config/data"` (Fixed) successfully checked with "208.9GiB" free which is over the minimum of "2GiB".
[2026-09-12 20:19:49.678 +00:00] [INF] [9] Emby.Server.Implementations.AppBase.BaseConfigurationManager: Setting cache path: "/config/cache"
[2026-09-12 20:19:49.778 +00:00] [INF] [9] Jellyfin.Database.Providers.Sqlite.SqliteDatabaseProvider: SQLite connection string: "Data Source=/config/data/data/jellyfin.db;Cache=Private;Default Timeout=60;Pooling=True"
[2026-09-12 20:19:49.790 +00:00] [INF] [9] Jellyfin.Database.Providers.Sqlite.SqliteDatabaseProvider: SQLITE connection pragma command set to: 
"PRAGMA locking_mode=NORMAL;
PRAGMA journal_size_limit=134217728;
PRAGMA synchronous=1;
PRAGMA temp_store=2;
"
[2026-09-12 20:19:49.791 +00:00] [INF] [9] Jellyfin.Database.Implementations.Locking.NoLockBehavior: The database locking mode has been set to: NoLock.
[2026-09-12 20:19:49.840 +00:00] [INF] [9] Jellyfin.Server.Migrations.JellyfinMigrationService: Initialise Migration service.
[2026-09-12 20:19:49.842 +00:00] [INF] [9] Jellyfin.Server.Migrations.JellyfinMigrationService: System initialization detected. Seed data. Startup mode is: MediaServer
[2026-09-12 20:19:50.119 +00:00] [WRN] [11] Microsoft.Extensions.Diagnostics.HealthChecks.DefaultHealthCheckService: Health check "StartupCheck" with status Degraded completed after 1.7117ms with message '"Server is still starting up."'
[2026-09-12 20:19:51.337 +00:00] [WRN] [11] Microsoft.Extensions.Diagnostics.HealthChecks.DefaultHealthCheckService: Health check "StartupCheck" with status Degraded completed after 0.0634ms with message '"Server is still starting up."'
[2026-09-12 20:19:52.408 +00:00] [WRN] [7] Microsoft.Extensions.Diagnostics.HealthChecks.DefaultHealthCheckService: Health check "StartupCheck" with status Degraded completed after 0.0064ms with message '"Server is still starting up."'
[2026-09-12 20:19:52.852 +00:00] [INF] [9] Jellyfin.Server.Migrations.JellyfinMigrationService: Migration system initialisation completed.
[2026-09-12 20:19:52.875 +00:00] [INF] [9] Emby.Server.Implementations.AppBase.BaseConfigurationManager: Setting cache path: "/config/cache"
[2026-09-12 20:19:52.890 +00:00] [INF] [9] Emby.Server.Implementations.ApplicationHost: Loading assemblies
[2026-09-12 20:19:52.943 +00:00] [INF] [9] Jellyfin.Networking.Manager.NetworkManager: Defined LAN subnets: ["::1/128", "fe80::/10", "fc00::/7", "127.0.0.0/8", "10.0.0.0/8", "172.16.0.0/12", "192.168.0.0/16"]
[2026-09-12 20:19:52.943 +00:00] [INF] [9] Jellyfin.Networking.Manager.NetworkManager: Defined LAN exclusions: []
[2026-09-12 20:19:52.946 +00:00] [INF] [9] Jellyfin.Networking.Manager.NetworkManager: Used LAN subnets: ["::1/128", "fe80::/10", "fc00::/7", "127.0.0.0/8", "10.0.0.0/8", "172.16.0.0/12", "192.168.0.0/16"]
[2026-09-12 20:19:52.947 +00:00] [INF] [9] Jellyfin.Networking.Manager.NetworkManager: Filtered interface addresses: []
[2026-09-12 20:19:52.948 +00:00] [INF] [9] Jellyfin.Networking.Manager.NetworkManager: Bind Addresses ["::"]
[2026-09-12 20:19:52.949 +00:00] [INF] [9] Jellyfin.Networking.Manager.NetworkManager: Remote IP filter is "Allowlist"
[2026-09-12 20:19:52.949 +00:00] [INF] [9] Jellyfin.Networking.Manager.NetworkManager: Filtered subnets: []
[2026-09-12 20:19:53.105 +00:00] [INF] [9] Jellyfin.Database.Providers.Sqlite.SqliteDatabaseProvider: SQLite connection string: "Data Source=/config/data/data/jellyfin.db;Cache=Private;Default Timeout=60;Pooling=True"
[2026-09-12 20:19:53.105 +00:00] [INF] [9] Jellyfin.Database.Providers.Sqlite.SqliteDatabaseProvider: SQLITE connection pragma command set to: 
"PRAGMA locking_mode=NORMAL;
PRAGMA journal_size_limit=134217728;
PRAGMA synchronous=1;
PRAGMA temp_store=2;
"
[2026-09-12 20:19:53.106 +00:00] [INF] [9] Jellyfin.Database.Implementations.Locking.NoLockBehavior: The database locking mode has been set to: NoLock.
[2026-09-12 20:19:53.183 +00:00] [INF] [9] Main: Prepare system for possible migrations
[2026-09-12 20:19:53.433 +00:00] [INF] [9] Emby.Server.Implementations.Plugins.PluginManager: Loaded plugin: "TMDb" "12.0.0.0"
[2026-09-12 20:19:53.441 +00:00] [INF] [9] Emby.Server.Implementations.Plugins.PluginManager: Loaded plugin: "Studio Images" "12.0.0.0"
[2026-09-12 20:19:53.442 +00:00] [INF] [9] Emby.Server.Implementations.Plugins.PluginManager: Loaded plugin: "OMDb" "12.0.0.0"
[2026-09-12 20:19:53.448 +00:00] [WRN] [15] Microsoft.Extensions.Diagnostics.HealthChecks.DefaultHealthCheckService: Health check "StartupCheck" with status Degraded completed after 0.0029ms with message '"Server is still starting up."'
[2026-09-12 20:19:53.474 +00:00] [INF] [9] Emby.Server.Implementations.Plugins.PluginManager: Loaded plugin: "MusicBrainz" "12.0.0.0"
[2026-09-12 20:19:53.475 +00:00] [INF] [9] Emby.Server.Implementations.Plugins.PluginManager: Loaded plugin: "ListenBrainz Similarity Provider" "12.0.0.0"
[2026-09-12 20:19:53.476 +00:00] [INF] [9] Emby.Server.Implementations.Plugins.PluginManager: Loaded plugin: "AudioDB" "12.0.0.0"
[2026-09-12 20:19:53.550 +00:00] [INF] [9] Emby.Server.Implementations.Library.Search.SearchManager: Registered 0 external search providers: "". Fallback providers: "Database (priority 100)"
[2026-09-12 20:19:54.143 +00:00] [INF] [11] Main: Kestrel is listening on "all interfaces"
[2026-09-12 20:19:55.652 +00:00] [WRN] [11] Microsoft.AspNetCore.StaticFiles.StaticFileMiddleware: The WebRootPath was not found: "/run/s6-rc:s6-rc-init:HkKPNN/servicedirs/svc-jellyfin/wwwroot". Static files may be unavailable.
[2026-09-12 20:19:55.758 +00:00] [INF] [11] Emby.Server.Implementations.ApplicationHost: Running startup tasks
[2026-09-12 20:19:55.856 +00:00] [INF] [11] Emby.Server.Implementations.ScheduledTasks.TaskManager: Daily trigger for "Generate Trickplay Images" set to fire at 2026-09-13 03:00:00.000 +00:00, which is 06:40:04.1439694 from now.
[2026-09-12 20:19:55.861 +00:00] [INF] [11] Emby.Server.Implementations.ScheduledTasks.TaskManager: Daily trigger for "Extract Chapter Images" set to fire at 2026-09-13 02:00:00.000 +00:00, which is 05:40:04.1388764 from now.
[2026-09-12 20:19:55.914 +00:00] [INF] [11] MediaBrowser.MediaEncoding.Encoder.MediaEncoder: Found ffmpeg version "8.1.2"
[2026-09-12 20:19:55.949 +00:00] [INF] [11] MediaBrowser.MediaEncoding.Encoder.MediaEncoder: Available "decoders": ["libdav1d", "av1", "av1_cuvid", "av1_qsv", "h264", "h264_qsv", "h264_cuvid", "hevc", "hevc_qsv", "hevc_cuvid", "mpeg2video", "mpeg2_qsv", "mpeg2_cuvid", "mpeg4", "mpeg4_cuvid", "msmpeg4", "vc1_qsv", "vc1_cuvid", "vp8", "libvpx", "vp8_cuvid", "vp8_qsv", "vp9", "libvpx-vp9", "vp9_cuvid", "vp9_qsv", "aac", "ac3", "ac4", "dca", "flac", "mp3", "truehd"]
[2026-09-12 20:19:55.968 +00:00] [INF] [11] MediaBrowser.MediaEncoding.Encoder.MediaEncoder: Available "encoders": ["libsvtav1", "av1_nvenc", "av1_qsv", "av1_amf", "av1_vaapi", "libx264", "h264_amf", "h264_nvenc", "h264_qsv", "h264_v4l2m2m", "h264_vaapi", "libx265", "hevc_amf", "hevc_nvenc", "hevc_qsv", "hevc_vaapi", "mjpeg_qsv", "mjpeg_vaapi", "aac", "libfdk_aac", "ac3", "alac", "dca", "flac", "libmp3lame", "libopus", "truehd", "libvorbis", "srt"]
[2026-09-12 20:19:55.994 +00:00] [INF] [11] MediaBrowser.MediaEncoding.Encoder.MediaEncoder: Available filters: ["bwdif_cuda", "bwdif_opencl", "deinterlace_qsv", "deinterlace_vaapi", "flip_vulkan", "hwupload_cuda", "hwupload_vaapi", "libplacebo", "overlay_opencl", "overlay_qsv", "overlay_vaapi", "overlay_vulkan", "overlay_cuda", "procamp_vaapi", "scale_cuda", "scale_opencl", "scale_qsv", "scale_vaapi", "scale_vulkan", "tonemapx", "tonemap_cuda", "tonemap_opencl", "tonemap_vaapi", "transpose_cuda", "transpose_opencl", "transpose_vaapi", "transpose_vulkan", "vpp_qsv", "yadif_cuda", "yadif_opencl", "zscale", "alphasrc"]
[2026-09-12 20:19:56.240 +00:00] [INF] [11] MediaBrowser.MediaEncoding.Encoder.MediaEncoder: Available hwaccel types: ["cuda", "vaapi", "qsv", "drm", "opencl", "vulkan", "amf"]
[2026-09-12 20:19:58.894 +00:00] [INF] [9] Emby.Server.Implementations.ScheduledTasks.TaskManager: "Clean Transcode Directory" Completed after 0 minute(s) and 0 seconds
[2026-09-12 20:19:59.497 +00:00] [INF] [9] Emby.Server.Implementations.ScheduledTasks.TaskManager: "Update Plugins" Completed after 0 minute(s) and 0 seconds
[2026-09-12 20:20:01.133 +00:00] [INF] [11] MediaBrowser.MediaEncoding.Encoder.MediaEncoder: FFmpeg: "/usr/lib/jellyfin-ffmpeg/ffmpeg"
[2026-09-12 20:20:01.133 +00:00] [INF] [11] Emby.Server.Implementations.ApplicationHost: ServerId: "47b857da57f142768a816987a44165cd"
[2026-09-12 20:20:01.133 +00:00] [INF] [11] Emby.Server.Implementations.ApplicationHost: Core startup complete
[2026-09-12 20:20:01.134 +00:00] [INF] [11] Main: Startup complete 0:00:12.0502321
[2026-09-12 20:22:02.799 +00:00] [INF] [20] Emby.Server.Implementations.Session.SessionManager: Sending shutdown notifications
[2026-09-12 20:22:02.813 +00:00] [INF] [15] Main: Optimizing the database... This might take a while
[2026-09-12 20:22:02.862 +00:00] [INF] [15] Jellyfin.Database.Providers.Sqlite.SqliteDatabaseProvider: jellyfin.db optimized successfully!
[2026-09-12 20:22:02.905 +00:00] [INF] [15] Emby.Server.Implementations.ApplicationHost: Disposing "CoreAppHost"
[2026-09-12 20:22:02.905 +00:00] [INF] [15] Emby.Server.Implementations.ApplicationHost: Disposing "Plugin"
[2026-09-12 20:22:08.551 +00:00] [INF] [1] Emby.Server.Implementations.AppBase.BaseConfigurationManager: Setting cache path: "/config/cache"
[2026-09-12 20:22:09.291 +00:00] [INF] [8] Jellyfin.Server.ServerSetupApp.SetupServer: Kestrel is listening on "all interfaces"
[2026-09-12 20:22:09.481 +00:00] [INF] [8] Main: Jellyfin version: "12.0.0"
[2026-09-12 20:22:09.520 +00:00] [INF] [8] Main: Environment Variables: ["[JELLYFIN_WEB_DIR, /usr/share/jellyfin/web]", "[JELLYFIN_LOG_DIR, /config/log]", "[JELLYFIN_CACHE_DIR, /config/cache]", "[JELLYFIN_DATA_DIR, /config/data]", "[JELLYFIN_CONFIG_DIR, /config]"]
[2026-09-12 20:22:09.527 +00:00] [INF] [8] Main: Arguments: ["/usr/lib/jellyfin/bin/jellyfin.dll", "--ffmpeg=/usr/lib/jellyfin-ffmpeg/ffmpeg"]
[2026-09-12 20:22:09.528 +00:00] [INF] [8] Main: Operating system: "Ubuntu 26.04.1 LTS"
[2026-09-12 20:22:09.528 +00:00] [INF] [8] Main: Architecture: X64
[2026-09-12 20:22:09.530 +00:00] [INF] [8] Main: 64-Bit Process: True
[2026-09-12 20:22:09.530 +00:00] [INF] [8] Main: User Interactive: True
[2026-09-12 20:22:09.530 +00:00] [INF] [8] Main: Processor count: 4
[2026-09-12 20:22:09.530 +00:00] [INF] [8] Main: Program data path: "/config/data"
[2026-09-12 20:22:09.530 +00:00] [INF] [8] Main: Log directory path: "/config/log"
[2026-09-12 20:22:09.530 +00:00] [INF] [8] Main: Config directory path: "/config"
[2026-09-12 20:22:09.530 +00:00] [INF] [8] Main: Cache path: "/config/cache"
[2026-09-12 20:22:09.531 +00:00] [INF] [8] Main: Temp directory path: "/tmp/jellyfin"
[2026-09-12 20:22:09.531 +00:00] [INF] [8] Main: Web resources path: "/usr/share/jellyfin/web"
[2026-09-12 20:22:09.532 +00:00] [INF] [8] Main: Application directory: "/usr/lib/jellyfin/bin/"
[2026-09-12 20:22:09.557 +00:00] [INF] [8] Jellyfin.Server.Startup: Storage path `"/config/data/data"` (Fixed) successfully checked with "208.9GiB" free which is over the minimum of "2GiB".
[2026-09-12 20:22:09.559 +00:00] [INF] [8] Jellyfin.Server.Startup: Storage path `"/config/cache"` (Fixed) successfully checked with "208.9GiB" free which is over the minimum of "2GiB".
[2026-09-12 20:22:09.559 +00:00] [INF] [8] Jellyfin.Server.Startup: Storage path `"/config/data"` (Fixed) successfully checked with "208.9GiB" free which is over the minimum of "2GiB".
[2026-09-12 20:22:09.570 +00:00] [INF] [8] Emby.Server.Implementations.AppBase.BaseConfigurationManager: Setting cache path: "/config/cache"
[2026-09-12 20:22:09.804 +00:00] [INF] [8] Jellyfin.Database.Providers.Sqlite.SqliteDatabaseProvider: SQLite connection string: "Data Source=/config/data/data/jellyfin.db;Cache=Private;Default Timeout=60;Pooling=True"
[2026-09-12 20:22:09.817 +00:00] [INF] [8] Jellyfin.Database.Providers.Sqlite.SqliteDatabaseProvider: SQLITE connection pragma command set to: 
"PRAGMA locking_mode=NORMAL;
PRAGMA journal_size_limit=134217728;
PRAGMA synchronous=1;
PRAGMA temp_store=2;
"
[2026-09-12 20:22:09.818 +00:00] [INF] [8] Jellyfin.Database.Implementations.Locking.NoLockBehavior: The database locking mode has been set to: NoLock.
[2026-09-12 20:22:09.868 +00:00] [INF] [8] Jellyfin.Server.Migrations.JellyfinMigrationService: Initialise Migration service.
[2026-09-12 20:22:09.869 +00:00] [INF] [8] Jellyfin.Server.Migrations.JellyfinMigrationService: System initialization detected. Seed data. Startup mode is: MediaServer
[2026-09-12 20:22:10.320 +00:00] [WRN] [13] Microsoft.Extensions.Diagnostics.HealthChecks.DefaultHealthCheckService: Health check "StartupCheck" with status Degraded completed after 4.3381ms with message '"Server is still starting up."'
[2026-09-12 20:22:11.398 +00:00] [WRN] [14] Microsoft.Extensions.Diagnostics.HealthChecks.DefaultHealthCheckService: Health check "StartupCheck" with status Degraded completed after 0.0728ms with message '"Server is still starting up."'
[2026-09-12 20:22:12.561 +00:00] [WRN] [10] Microsoft.Extensions.Diagnostics.HealthChecks.DefaultHealthCheckService: Health check "StartupCheck" with status Degraded completed after 0.0036ms with message '"Server is still starting up."'
[2026-09-12 20:22:12.715 +00:00] [INF] [8] Jellyfin.Server.Migrations.JellyfinMigrationService: Migration system initialisation completed.
[2026-09-12 20:22:12.753 +00:00] [INF] [8] Emby.Server.Implementations.AppBase.BaseConfigurationManager: Setting cache path: "/config/cache"
[2026-09-12 20:22:12.773 +00:00] [INF] [8] Emby.Server.Implementations.ApplicationHost: Loading assemblies
[2026-09-12 20:22:12.820 +00:00] [INF] [8] Jellyfin.Networking.Manager.NetworkManager: Defined LAN subnets: ["::1/128", "fe80::/10", "fc00::/7", "127.0.0.0/8", "10.0.0.0/8", "172.16.0.0/12", "192.168.0.0/16"]
[2026-09-12 20:22:12.821 +00:00] [INF] [8] Jellyfin.Networking.Manager.NetworkManager: Defined LAN exclusions: []
[2026-09-12 20:22:12.823 +00:00] [INF] [8] Jellyfin.Networking.Manager.NetworkManager: Used LAN subnets: ["::1/128", "fe80::/10", "fc00::/7", "127.0.0.0/8", "10.0.0.0/8", "172.16.0.0/12", "192.168.0.0/16"]
[2026-09-12 20:22:12.824 +00:00] [INF] [8] Jellyfin.Networking.Manager.NetworkManager: Filtered interface addresses: []
[2026-09-12 20:22:12.826 +00:00] [INF] [8] Jellyfin.Networking.Manager.NetworkManager: Bind Addresses ["::"]
[2026-09-12 20:22:12.826 +00:00] [INF] [8] Jellyfin.Networking.Manager.NetworkManager: Remote IP filter is "Allowlist"
[2026-09-12 20:22:12.826 +00:00] [INF] [8] Jellyfin.Networking.Manager.NetworkManager: Filtered subnets: []
[2026-09-12 20:22:12.963 +00:00] [INF] [8] Jellyfin.Database.Providers.Sqlite.SqliteDatabaseProvider: SQLite connection string: "Data Source=/config/data/data/jellyfin.db;Cache=Private;Default Timeout=60;Pooling=True"
[2026-09-12 20:22:12.963 +00:00] [INF] [8] Jellyfin.Database.Providers.Sqlite.SqliteDatabaseProvider: SQLITE connection pragma command set to: 
"PRAGMA locking_mode=NORMAL;
PRAGMA journal_size_limit=134217728;
PRAGMA synchronous=1;
PRAGMA temp_store=2;
"
[2026-09-12 20:22:12.964 +00:00] [INF] [8] Jellyfin.Database.Implementations.Locking.NoLockBehavior: The database locking mode has been set to: NoLock.
[2026-09-12 20:22:13.055 +00:00] [INF] [8] Main: Prepare system for possible migrations
[2026-09-12 20:22:13.341 +00:00] [INF] [8] Emby.Server.Implementations.Plugins.PluginManager: Loaded plugin: "TMDb" "12.0.0.0"
[2026-09-12 20:22:13.342 +00:00] [INF] [8] Emby.Server.Implementations.Plugins.PluginManager: Loaded plugin: "Studio Images" "12.0.0.0"
[2026-09-12 20:22:13.343 +00:00] [INF] [8] Emby.Server.Implementations.Plugins.PluginManager: Loaded plugin: "OMDb" "12.0.0.0"
[2026-09-12 20:22:13.359 +00:00] [INF] [8] Emby.Server.Implementations.Plugins.PluginManager: Loaded plugin: "MusicBrainz" "12.0.0.0"
[2026-09-12 20:22:13.360 +00:00] [INF] [8] Emby.Server.Implementations.Plugins.PluginManager: Loaded plugin: "ListenBrainz Similarity Provider" "12.0.0.0"
[2026-09-12 20:22:13.361 +00:00] [INF] [8] Emby.Server.Implementations.Plugins.PluginManager: Loaded plugin: "AudioDB" "12.0.0.0"
[2026-09-12 20:22:13.424 +00:00] [INF] [8] Emby.Server.Implementations.Library.Search.SearchManager: Registered 0 external search providers: "". Fallback providers: "Database (priority 100)"
[2026-09-12 20:22:13.869 +00:00] [INF] [10] Main: Kestrel is listening on "all interfaces"
[2026-09-12 20:22:14.709 +00:00] [WRN] [10] Microsoft.AspNetCore.StaticFiles.StaticFileMiddleware: The WebRootPath was not found: "/run/s6-rc:s6-rc-init:JoNKiO/servicedirs/svc-jellyfin/wwwroot". Static files may be unavailable.
[2026-09-12 20:22:14.802 +00:00] [INF] [10] Emby.Server.Implementations.ApplicationHost: Running startup tasks
[2026-09-12 20:22:14.865 +00:00] [INF] [10] Emby.Server.Implementations.ScheduledTasks.TaskManager: Daily trigger for "Generate Trickplay Images" set to fire at 2026-09-13 03:00:00.000 +00:00, which is 06:37:45.1349029 from now.
[2026-09-12 20:22:14.868 +00:00] [INF] [10] Emby.Server.Implementations.ScheduledTasks.TaskManager: Daily trigger for "Extract Chapter Images" set to fire at 2026-09-13 02:00:00.000 +00:00, which is 05:37:45.1313283 from now.
[2026-09-12 20:22:14.908 +00:00] [INF] [10] MediaBrowser.MediaEncoding.Encoder.MediaEncoder: Found ffmpeg version "8.1.2"
[2026-09-12 20:22:14.939 +00:00] [INF] [10] MediaBrowser.MediaEncoding.Encoder.MediaEncoder: Available "decoders": ["libdav1d", "av1", "av1_cuvid", "av1_qsv", "h264", "h264_qsv", "h264_cuvid", "hevc", "hevc_qsv", "hevc_cuvid", "mpeg2video", "mpeg2_qsv", "mpeg2_cuvid", "mpeg4", "mpeg4_cuvid", "msmpeg4", "vc1_qsv", "vc1_cuvid", "vp8", "libvpx", "vp8_cuvid", "vp8_qsv", "vp9", "libvpx-vp9", "vp9_cuvid", "vp9_qsv", "aac", "ac3", "ac4", "dca", "flac", "mp3", "truehd"]
[2026-09-12 20:22:14.957 +00:00] [INF] [10] MediaBrowser.MediaEncoding.Encoder.MediaEncoder: Available "encoders": ["libsvtav1", "av1_nvenc", "av1_qsv", "av1_amf", "av1_vaapi", "libx264", "h264_amf", "h264_nvenc", "h264_qsv", "h264_v4l2m2m", "h264_vaapi", "libx265", "hevc_amf", "hevc_nvenc", "hevc_qsv", "hevc_vaapi", "mjpeg_qsv", "mjpeg_vaapi", "aac", "libfdk_aac", "ac3", "alac", "dca", "flac", "libmp3lame", "libopus", "truehd", "libvorbis", "srt"]
[2026-09-12 20:22:14.988 +00:00] [INF] [10] MediaBrowser.MediaEncoding.Encoder.MediaEncoder: Available filters: ["bwdif_cuda", "bwdif_opencl", "deinterlace_qsv", "deinterlace_vaapi", "flip_vulkan", "hwupload_cuda", "hwupload_vaapi", "libplacebo", "overlay_opencl", "overlay_qsv", "overlay_vaapi", "overlay_vulkan", "overlay_cuda", "procamp_vaapi", "scale_cuda", "scale_opencl", "scale_qsv", "scale_vaapi", "scale_vulkan", "tonemapx", "tonemap_cuda", "tonemap_opencl", "tonemap_vaapi", "transpose_cuda", "transpose_opencl", "transpose_vaapi", "transpose_vulkan", "vpp_qsv", "yadif_cuda", "yadif_opencl", "zscale", "alphasrc"]
[2026-09-12 20:22:15.227 +00:00] [INF] [10] MediaBrowser.MediaEncoding.Encoder.MediaEncoder: Available hwaccel types: ["cuda", "vaapi", "qsv", "drm", "opencl", "vulkan", "amf"]
[2026-09-12 20:22:17.896 +00:00] [INF] [13] Emby.Server.Implementations.ScheduledTasks.TaskManager: "Clean Transcode Directory" Completed after 0 minute(s) and 0 seconds
[2026-09-12 20:22:18.572 +00:00] [INF] [7] Emby.Server.Implementations.ScheduledTasks.TaskManager: "Update Plugins" Completed after 0 minute(s) and 0 seconds
[2026-09-12 20:22:19.808 +00:00] [INF] [10] MediaBrowser.MediaEncoding.Encoder.MediaEncoder: FFmpeg: "/usr/lib/jellyfin-ffmpeg/ffmpeg"
[2026-09-12 20:22:19.809 +00:00] [INF] [10] Emby.Server.Implementations.ApplicationHost: ServerId: "47b857da57f142768a816987a44165cd"
[2026-09-12 20:22:19.809 +00:00] [INF] [10] Emby.Server.Implementations.ApplicationHost: Core startup complete
[2026-09-12 20:22:19.809 +00:00] [INF] [10] Main: Startup complete 0:00:11.5721222
[2026-09-12 20:24:05.150 +00:00] [INF] [18] Emby.Server.Implementations.Session.SessionManager: Sending shutdown notifications
[2026-09-12 20:24:05.170 +00:00] [INF] [13] Main: Optimizing the database... This might take a while
[2026-09-12 20:24:05.219 +00:00] [INF] [13] Jellyfin.Database.Providers.Sqlite.SqliteDatabaseProvider: jellyfin.db optimized successfully!
[2026-09-12 20:24:05.252 +00:00] [INF] [13] Emby.Server.Implementations.ApplicationHost: Disposing "CoreAppHost"
[2026-09-12 20:24:05.252 +00:00] [INF] [13] Emby.Server.Implementations.ApplicationHost: Disposing "Plugin"
[2026-09-12 20:24:47.904 +00:00] [INF] [1] Emby.Server.Implementations.AppBase.BaseConfigurationManager: Setting cache path: "/config/cache"
[2026-09-12 20:24:48.209 +00:00] [INF] [8] Jellyfin.Server.ServerSetupApp.SetupServer: Kestrel is listening on "all interfaces"
[2026-09-12 20:24:48.271 +00:00] [INF] [8] Main: Jellyfin version: "12.0.0"
[2026-09-12 20:24:48.278 +00:00] [INF] [8] Main: Environment Variables: ["[JELLYFIN_LOG_DIR, /config/log]", "[JELLYFIN_WEB_DIR, /usr/share/jellyfin/web]", "[JELLYFIN_CACHE_DIR, /config/cache]", "[JELLYFIN_CONFIG_DIR, /config]", "[JELLYFIN_DATA_DIR, /config/data]"]
[2026-09-12 20:24:48.280 +00:00] [INF] [8] Main: Arguments: ["/usr/lib/jellyfin/bin/jellyfin.dll", "--ffmpeg=/usr/lib/jellyfin-ffmpeg/ffmpeg"]
[2026-09-12 20:24:48.281 +00:00] [INF] [8] Main: Operating system: "Ubuntu 26.04.1 LTS"
[2026-09-12 20:24:48.281 +00:00] [INF] [8] Main: Architecture: X64
[2026-09-12 20:24:48.282 +00:00] [INF] [8] Main: 64-Bit Process: True
[2026-09-12 20:24:48.282 +00:00] [INF] [8] Main: User Interactive: True
[2026-09-12 20:24:48.282 +00:00] [INF] [8] Main: Processor count: 4
[2026-09-12 20:24:48.282 +00:00] [INF] [8] Main: Program data path: "/config/data"
[2026-09-12 20:24:48.282 +00:00] [INF] [8] Main: Log directory path: "/config/log"
[2026-09-12 20:24:48.282 +00:00] [INF] [8] Main: Config directory path: "/config"
[2026-09-12 20:24:48.282 +00:00] [INF] [8] Main: Cache path: "/config/cache"
[2026-09-12 20:24:48.283 +00:00] [INF] [8] Main: Temp directory path: "/tmp/jellyfin"
[2026-09-12 20:24:48.283 +00:00] [INF] [8] Main: Web resources path: "/usr/share/jellyfin/web"
[2026-09-12 20:24:48.284 +00:00] [INF] [8] Main: Application directory: "/usr/lib/jellyfin/bin/"
[2026-09-12 20:24:48.289 +00:00] [INF] [8] Jellyfin.Server.Startup: Storage path `"/config/data/data"` (Fixed) successfully checked with "208.9GiB" free which is over the minimum of "2GiB".
[2026-09-12 20:24:48.289 +00:00] [INF] [8] Jellyfin.Server.Startup: Storage path `"/config/cache"` (Fixed) successfully checked with "208.9GiB" free which is over the minimum of "2GiB".
[2026-09-12 20:24:48.290 +00:00] [INF] [8] Jellyfin.Server.Startup: Storage path `"/config/data"` (Fixed) successfully checked with "208.9GiB" free which is over the minimum of "2GiB".
[2026-09-12 20:24:48.294 +00:00] [INF] [8] Emby.Server.Implementations.AppBase.BaseConfigurationManager: Setting cache path: "/config/cache"
[2026-09-12 20:24:48.391 +00:00] [INF] [8] Jellyfin.Database.Providers.Sqlite.SqliteDatabaseProvider: SQLite connection string: "Data Source=/config/data/data/jellyfin.db;Cache=Private;Default Timeout=60;Pooling=True"
[2026-09-12 20:24:48.404 +00:00] [INF] [8] Jellyfin.Database.Providers.Sqlite.SqliteDatabaseProvider: SQLITE connection pragma command set to: 
"PRAGMA locking_mode=NORMAL;
PRAGMA journal_size_limit=134217728;
PRAGMA synchronous=1;
PRAGMA temp_store=2;
"
[2026-09-12 20:24:48.406 +00:00] [INF] [8] Jellyfin.Database.Implementations.Locking.NoLockBehavior: The database locking mode has been set to: NoLock.
[2026-09-12 20:24:48.781 +00:00] [INF] [8] Jellyfin.Server.Migrations.JellyfinMigrationService: Initialise Migration service.
[2026-09-12 20:24:48.785 +00:00] [INF] [8] Jellyfin.Server.Migrations.JellyfinMigrationService: System initialization detected. Seed data. Startup mode is: MediaServer
[2026-09-12 20:24:48.885 +00:00] [WRN] [13] Microsoft.Extensions.Diagnostics.HealthChecks.DefaultHealthCheckService: Health check "StartupCheck" with status Degraded completed after 27.2462ms with message '"Server is still starting up."'
[2026-09-12 20:24:50.049 +00:00] [WRN] [13] Microsoft.Extensions.Diagnostics.HealthChecks.DefaultHealthCheckService: Health check "StartupCheck" with status Degraded completed after 0.0458ms with message '"Server is still starting up."'
[2026-09-12 20:24:51.191 +00:00] [WRN] [10] Microsoft.Extensions.Diagnostics.HealthChecks.DefaultHealthCheckService: Health check "StartupCheck" with status Degraded completed after 0.0033ms with message '"Server is still starting up."'
[2026-09-12 20:24:51.949 +00:00] [INF] [8] Jellyfin.Server.Migrations.JellyfinMigrationService: Migration system initialisation completed.
[2026-09-12 20:24:51.976 +00:00] [INF] [8] Emby.Server.Implementations.AppBase.BaseConfigurationManager: Setting cache path: "/config/cache"
[2026-09-12 20:24:52.006 +00:00] [INF] [8] Emby.Server.Implementations.ApplicationHost: Loading assemblies
[2026-09-12 20:24:52.139 +00:00] [INF] [8] Jellyfin.Networking.Manager.NetworkManager: Defined LAN subnets: ["::1/128", "fe80::/10", "fc00::/7", "127.0.0.0/8", "10.0.0.0/8", "172.16.0.0/12", "192.168.0.0/16"]
[2026-09-12 20:24:52.140 +00:00] [INF] [8] Jellyfin.Networking.Manager.NetworkManager: Defined LAN exclusions: []
[2026-09-12 20:24:52.144 +00:00] [INF] [8] Jellyfin.Networking.Manager.NetworkManager: Used LAN subnets: ["::1/128", "fe80::/10", "fc00::/7", "127.0.0.0/8", "10.0.0.0/8", "172.16.0.0/12", "192.168.0.0/16"]
[2026-09-12 20:24:52.145 +00:00] [INF] [8] Jellyfin.Networking.Manager.NetworkManager: Filtered interface addresses: []
[2026-09-12 20:24:52.151 +00:00] [INF] [8] Jellyfin.Networking.Manager.NetworkManager: Bind Addresses ["::"]
[2026-09-12 20:24:52.151 +00:00] [INF] [8] Jellyfin.Networking.Manager.NetworkManager: Remote IP filter is "Allowlist"
[2026-09-12 20:24:52.152 +00:00] [INF] [8] Jellyfin.Networking.Manager.NetworkManager: Filtered subnets: []
[2026-09-12 20:24:52.317 +00:00] [WRN] [7] Microsoft.Extensions.Diagnostics.HealthChecks.DefaultHealthCheckService: Health check "StartupCheck" with status Degraded completed after 0.0019ms with message '"Server is still starting up."'
[2026-09-12 20:24:52.333 +00:00] [INF] [8] Jellyfin.Database.Providers.Sqlite.SqliteDatabaseProvider: SQLite connection string: "Data Source=/config/data/data/jellyfin.db;Cache=Private;Default Timeout=60;Pooling=True"
[2026-09-12 20:24:52.334 +00:00] [INF] [8] Jellyfin.Database.Providers.Sqlite.SqliteDatabaseProvider: SQLITE connection pragma command set to: 
"PRAGMA locking_mode=NORMAL;
PRAGMA journal_size_limit=134217728;
PRAGMA synchronous=1;
PRAGMA temp_store=2;
"
[2026-09-12 20:24:52.334 +00:00] [INF] [8] Jellyfin.Database.Implementations.Locking.NoLockBehavior: The database locking mode has been set to: NoLock.
[2026-09-12 20:24:52.408 +00:00] [INF] [8] Main: Prepare system for possible migrations
[2026-09-12 20:24:52.676 +00:00] [INF] [8] Emby.Server.Implementations.Plugins.PluginManager: Loaded plugin: "TMDb" "12.0.0.0"
[2026-09-12 20:24:52.677 +00:00] [INF] [8] Emby.Server.Implementations.Plugins.PluginManager: Loaded plugin: "Studio Images" "12.0.0.0"
[2026-09-12 20:24:52.677 +00:00] [INF] [8] Emby.Server.Implementations.Plugins.PluginManager: Loaded plugin: "OMDb" "12.0.0.0"
[2026-09-12 20:24:52.732 +00:00] [INF] [8] Emby.Server.Implementations.Plugins.PluginManager: Loaded plugin: "MusicBrainz" "12.0.0.0"
[2026-09-12 20:24:52.733 +00:00] [INF] [8] Emby.Server.Implementations.Plugins.PluginManager: Loaded plugin: "ListenBrainz Similarity Provider" "12.0.0.0"
[2026-09-12 20:24:52.733 +00:00] [INF] [8] Emby.Server.Implementations.Plugins.PluginManager: Loaded plugin: "AudioDB" "12.0.0.0"
[2026-09-12 20:24:52.847 +00:00] [INF] [8] Emby.Server.Implementations.Library.Search.SearchManager: Registered 0 external search providers: "". Fallback providers: "Database (priority 100)"
[2026-09-12 20:24:53.295 +00:00] [INF] [14] Main: Kestrel is listening on "all interfaces"
[2026-09-12 20:24:54.249 +00:00] [WRN] [14] Microsoft.AspNetCore.StaticFiles.StaticFileMiddleware: The WebRootPath was not found: "/run/s6-rc:s6-rc-init:fOiblm/servicedirs/svc-jellyfin/wwwroot". Static files may be unavailable.
[2026-09-12 20:24:54.336 +00:00] [INF] [14] Emby.Server.Implementations.ApplicationHost: Running startup tasks
[2026-09-12 20:24:54.419 +00:00] [INF] [14] Emby.Server.Implementations.ScheduledTasks.TaskManager: Daily trigger for "Generate Trickplay Images" set to fire at 2026-09-13 03:00:00.000 +00:00, which is 06:35:05.5802937 from now.
[2026-09-12 20:24:54.423 +00:00] [INF] [14] Emby.Server.Implementations.ScheduledTasks.TaskManager: Daily trigger for "Extract Chapter Images" set to fire at 2026-09-13 02:00:00.000 +00:00, which is 05:35:05.5762076 from now.
[2026-09-12 20:24:54.478 +00:00] [INF] [14] MediaBrowser.MediaEncoding.Encoder.MediaEncoder: Found ffmpeg version "8.1.2"
[2026-09-12 20:24:54.512 +00:00] [INF] [14] MediaBrowser.MediaEncoding.Encoder.MediaEncoder: Available "decoders": ["libdav1d", "av1", "av1_cuvid", "av1_qsv", "h264", "h264_qsv", "h264_cuvid", "hevc", "hevc_qsv", "hevc_cuvid", "mpeg2video", "mpeg2_qsv", "mpeg2_cuvid", "mpeg4", "mpeg4_cuvid", "msmpeg4", "vc1_qsv", "vc1_cuvid", "vp8", "libvpx", "vp8_cuvid", "vp8_qsv", "vp9", "libvpx-vp9", "vp9_cuvid", "vp9_qsv", "aac", "ac3", "ac4", "dca", "flac", "mp3", "truehd"]
[2026-09-12 20:24:54.538 +00:00] [INF] [14] MediaBrowser.MediaEncoding.Encoder.MediaEncoder: Available "encoders": ["libsvtav1", "av1_nvenc", "av1_qsv", "av1_amf", "av1_vaapi", "libx264", "h264_amf", "h264_nvenc", "h264_qsv", "h264_v4l2m2m", "h264_vaapi", "libx265", "hevc_amf", "hevc_nvenc", "hevc_qsv", "hevc_vaapi", "mjpeg_qsv", "mjpeg_vaapi", "aac", "libfdk_aac", "ac3", "alac", "dca", "flac", "libmp3lame", "libopus", "truehd", "libvorbis", "srt"]
[2026-09-12 20:24:54.559 +00:00] [INF] [14] MediaBrowser.MediaEncoding.Encoder.MediaEncoder: Available filters: ["bwdif_cuda", "bwdif_opencl", "deinterlace_qsv", "deinterlace_vaapi", "flip_vulkan", "hwupload_cuda", "hwupload_vaapi", "libplacebo", "overlay_opencl", "overlay_qsv", "overlay_vaapi", "overlay_vulkan", "overlay_cuda", "procamp_vaapi", "scale_cuda", "scale_opencl", "scale_qsv", "scale_vaapi", "scale_vulkan", "tonemapx", "tonemap_cuda", "tonemap_opencl", "tonemap_vaapi", "transpose_cuda", "transpose_opencl", "transpose_vaapi", "transpose_vulkan", "vpp_qsv", "yadif_cuda", "yadif_opencl", "zscale", "alphasrc"]
[2026-09-12 20:24:54.814 +00:00] [INF] [14] MediaBrowser.MediaEncoding.Encoder.MediaEncoder: Available hwaccel types: ["cuda", "vaapi", "qsv", "drm", "opencl", "vulkan", "amf"]
[2026-09-12 20:24:57.478 +00:00] [INF] [8] Emby.Server.Implementations.ScheduledTasks.TaskManager: "Clean Transcode Directory" Completed after 0 minute(s) and 0 seconds
[2026-09-12 20:24:58.136 +00:00] [INF] [10] Emby.Server.Implementations.ScheduledTasks.TaskManager: "Update Plugins" Completed after 0 minute(s) and 0 seconds
[2026-09-12 20:24:59.030 +00:00] [INF] [14] MediaBrowser.MediaEncoding.Encoder.MediaEncoder: FFmpeg: "/usr/lib/jellyfin-ffmpeg/ffmpeg"
[2026-09-12 20:24:59.031 +00:00] [INF] [14] Emby.Server.Implementations.ApplicationHost: ServerId: "47b857da57f142768a816987a44165cd"
[2026-09-12 20:24:59.031 +00:00] [INF] [14] Emby.Server.Implementations.ApplicationHost: Core startup complete
[2026-09-12 20:24:59.031 +00:00] [INF] [14] Main: Startup complete 0:00:11.4174425
[2026-09-12 20:47:50.821 +00:00] [INF] [27] Emby.Server.Implementations.Session.SessionManager: Sending shutdown notifications
[2026-09-12 20:47:50.882 +00:00] [INF] [25] Main: Optimizing the database... This might take a while
[2026-09-12 20:47:50.945 +00:00] [INF] [25] Jellyfin.Database.Providers.Sqlite.SqliteDatabaseProvider: jellyfin.db optimized successfully!
[2026-09-12 20:47:50.982 +00:00] [INF] [25] Emby.Server.Implementations.ApplicationHost: Disposing "CoreAppHost"
[2026-09-12 20:47:50.982 +00:00] [INF] [25] Emby.Server.Implementations.ApplicationHost: Disposing "Plugin"
[2026-09-12 20:47:56.850 +00:00] [INF] [1] Emby.Server.Implementations.AppBase.BaseConfigurationManager: Setting cache path: "/config/cache"
[2026-09-12 20:47:57.150 +00:00] [INF] [8] Jellyfin.Server.ServerSetupApp.SetupServer: Kestrel is listening on "all interfaces"
[2026-09-12 20:47:57.222 +00:00] [INF] [8] Main: Jellyfin version: "12.0.0"
[2026-09-12 20:47:57.237 +00:00] [INF] [8] Main: Environment Variables: ["[JELLYFIN_WEB_DIR, /usr/share/jellyfin/web]", "[JELLYFIN_CACHE_DIR, /config/cache]", "[JELLYFIN_LOG_DIR, /config/log]", "[JELLYFIN_DATA_DIR, /config/data]", "[JELLYFIN_CONFIG_DIR, /config]"]
[2026-09-12 20:47:57.246 +00:00] [INF] [8] Main: Arguments: ["/usr/lib/jellyfin/bin/jellyfin.dll", "--ffmpeg=/usr/lib/jellyfin-ffmpeg/ffmpeg"]
[2026-09-12 20:47:57.249 +00:00] [INF] [8] Main: Operating system: "Ubuntu 26.04.1 LTS"
[2026-09-12 20:47:57.249 +00:00] [INF] [8] Main: Architecture: X64
[2026-09-12 20:47:57.251 +00:00] [INF] [8] Main: 64-Bit Process: True
[2026-09-12 20:47:57.251 +00:00] [INF] [8] Main: User Interactive: True
[2026-09-12 20:47:57.251 +00:00] [INF] [8] Main: Processor count: 4
[2026-09-12 20:47:57.251 +00:00] [INF] [8] Main: Program data path: "/config/data"
[2026-09-12 20:47:57.251 +00:00] [INF] [8] Main: Log directory path: "/config/log"
[2026-09-12 20:47:57.251 +00:00] [INF] [8] Main: Config directory path: "/config"
[2026-09-12 20:47:57.251 +00:00] [INF] [8] Main: Cache path: "/config/cache"
[2026-09-12 20:47:57.252 +00:00] [INF] [8] Main: Temp directory path: "/tmp/jellyfin"
[2026-09-12 20:47:57.252 +00:00] [INF] [8] Main: Web resources path: "/usr/share/jellyfin/web"
[2026-09-12 20:47:57.252 +00:00] [INF] [8] Main: Application directory: "/usr/lib/jellyfin/bin/"
[2026-09-12 20:47:57.260 +00:00] [INF] [8] Jellyfin.Server.Startup: Storage path `"/config/data/data"` (Fixed) successfully checked with "208.9GiB" free which is over the minimum of "2GiB".
[2026-09-12 20:47:57.261 +00:00] [INF] [8] Jellyfin.Server.Startup: Storage path `"/config/cache"` (Fixed) successfully checked with "208.9GiB" free which is over the minimum of "2GiB".
[2026-09-12 20:47:57.261 +00:00] [INF] [8] Jellyfin.Server.Startup: Storage path `"/config/data"` (Fixed) successfully checked with "208.9GiB" free which is over the minimum of "2GiB".
[2026-09-12 20:47:57.265 +00:00] [INF] [8] Emby.Server.Implementations.AppBase.BaseConfigurationManager: Setting cache path: "/config/cache"
[2026-09-12 20:47:57.529 +00:00] [INF] [8] Jellyfin.Database.Providers.Sqlite.SqliteDatabaseProvider: SQLite connection string: "Data Source=/config/data/data/jellyfin.db;Cache=Private;Default Timeout=60;Pooling=True"
[2026-09-12 20:47:57.584 +00:00] [INF] [8] Jellyfin.Database.Providers.Sqlite.SqliteDatabaseProvider: SQLITE connection pragma command set to: 
"PRAGMA locking_mode=NORMAL;
PRAGMA journal_size_limit=134217728;
PRAGMA synchronous=1;
PRAGMA temp_store=2;
"
[2026-09-12 20:47:57.590 +00:00] [INF] [8] Jellyfin.Database.Implementations.Locking.NoLockBehavior: The database locking mode has been set to: NoLock.
[2026-09-12 20:47:57.800 +00:00] [INF] [8] Jellyfin.Server.Migrations.JellyfinMigrationService: Initialise Migration service.
[2026-09-12 20:47:57.801 +00:00] [INF] [8] Jellyfin.Server.Migrations.JellyfinMigrationService: System initialization detected. Seed data. Startup mode is: MediaServer
[2026-09-12 20:47:57.817 +00:00] [WRN] [7] Microsoft.Extensions.Diagnostics.HealthChecks.DefaultHealthCheckService: Health check "StartupCheck" with status Degraded completed after 2.6487ms with message '"Server is still starting up."'
[2026-09-12 20:47:59.021 +00:00] [WRN] [7] Microsoft.Extensions.Diagnostics.HealthChecks.DefaultHealthCheckService: Health check "StartupCheck" with status Degraded completed after 0.0694ms with message '"Server is still starting up."'
[2026-09-12 20:48:00.095 +00:00] [WRN] [7] Microsoft.Extensions.Diagnostics.HealthChecks.DefaultHealthCheckService: Health check "StartupCheck" with status Degraded completed after 0.0055ms with message '"Server is still starting up."'
[2026-09-12 20:48:01.124 +00:00] [WRN] [11] Microsoft.Extensions.Diagnostics.HealthChecks.DefaultHealthCheckService: Health check "StartupCheck" with status Degraded completed after 0.0031ms with message '"Server is still starting up."'
[2026-09-12 20:48:01.509 +00:00] [INF] [8] Jellyfin.Server.Migrations.JellyfinMigrationService: Migration system initialisation completed.
[2026-09-12 20:48:01.526 +00:00] [INF] [8] Emby.Server.Implementations.AppBase.BaseConfigurationManager: Setting cache path: "/config/cache"
[2026-09-12 20:48:01.541 +00:00] [INF] [8] Emby.Server.Implementations.ApplicationHost: Loading assemblies
[2026-09-12 20:48:01.584 +00:00] [INF] [8] Jellyfin.Networking.Manager.NetworkManager: Defined LAN subnets: ["::1/128", "fe80::/10", "fc00::/7", "127.0.0.0/8", "10.0.0.0/8", "172.16.0.0/12", "192.168.0.0/16"]
[2026-09-12 20:48:01.584 +00:00] [INF] [8] Jellyfin.Networking.Manager.NetworkManager: Defined LAN exclusions: []
[2026-09-12 20:48:01.587 +00:00] [INF] [8] Jellyfin.Networking.Manager.NetworkManager: Used LAN subnets: ["::1/128", "fe80::/10", "fc00::/7", "127.0.0.0/8", "10.0.0.0/8", "172.16.0.0/12", "192.168.0.0/16"]
[2026-09-12 20:48:01.588 +00:00] [INF] [8] Jellyfin.Networking.Manager.NetworkManager: Filtered interface addresses: []
[2026-09-12 20:48:01.589 +00:00] [INF] [8] Jellyfin.Networking.Manager.NetworkManager: Bind Addresses ["::"]
[2026-09-12 20:48:01.590 +00:00] [INF] [8] Jellyfin.Networking.Manager.NetworkManager: Remote IP filter is "Allowlist"
[2026-09-12 20:48:01.590 +00:00] [INF] [8] Jellyfin.Networking.Manager.NetworkManager: Filtered subnets: []
[2026-09-12 20:48:01.724 +00:00] [INF] [8] Jellyfin.Database.Providers.Sqlite.SqliteDatabaseProvider: SQLite connection string: "Data Source=/config/data/data/jellyfin.db;Cache=Private;Default Timeout=60;Pooling=True"
[2026-09-12 20:48:01.725 +00:00] [INF] [8] Jellyfin.Database.Providers.Sqlite.SqliteDatabaseProvider: SQLITE connection pragma command set to: 
"PRAGMA locking_mode=NORMAL;
PRAGMA journal_size_limit=134217728;
PRAGMA synchronous=1;
PRAGMA temp_store=2;
"
[2026-09-12 20:48:01.726 +00:00] [INF] [8] Jellyfin.Database.Implementations.Locking.NoLockBehavior: The database locking mode has been set to: NoLock.
[2026-09-12 20:48:01.776 +00:00] [INF] [8] Main: Prepare system for possible migrations
[2026-09-12 20:48:01.996 +00:00] [INF] [8] Emby.Server.Implementations.Plugins.PluginManager: Loaded plugin: "TMDb" "12.0.0.0"
[2026-09-12 20:48:01.997 +00:00] [INF] [8] Emby.Server.Implementations.Plugins.PluginManager: Loaded plugin: "Studio Images" "12.0.0.0"
[2026-09-12 20:48:01.998 +00:00] [INF] [8] Emby.Server.Implementations.Plugins.PluginManager: Loaded plugin: "OMDb" "12.0.0.0"
[2026-09-12 20:48:02.015 +00:00] [INF] [8] Emby.Server.Implementations.Plugins.PluginManager: Loaded plugin: "MusicBrainz" "12.0.0.0"
[2026-09-12 20:48:02.015 +00:00] [INF] [8] Emby.Server.Implementations.Plugins.PluginManager: Loaded plugin: "ListenBrainz Similarity Provider" "12.0.0.0"
[2026-09-12 20:48:02.016 +00:00] [INF] [8] Emby.Server.Implementations.Plugins.PluginManager: Loaded plugin: "AudioDB" "12.0.0.0"
[2026-09-12 20:48:02.080 +00:00] [INF] [8] Emby.Server.Implementations.Library.Search.SearchManager: Registered 0 external search providers: "". Fallback providers: "Database (priority 100)"
[2026-09-12 20:48:02.360 +00:00] [INF] [15] Main: Kestrel is listening on "all interfaces"
[2026-09-12 20:48:03.204 +00:00] [WRN] [15] Microsoft.AspNetCore.StaticFiles.StaticFileMiddleware: The WebRootPath was not found: "/run/s6-rc:s6-rc-init:AiGcEd/servicedirs/svc-jellyfin/wwwroot". Static files may be unavailable.
[2026-09-12 20:48:03.311 +00:00] [INF] [15] Emby.Server.Implementations.ApplicationHost: Running startup tasks
[2026-09-12 20:48:03.387 +00:00] [INF] [15] Emby.Server.Implementations.ScheduledTasks.TaskManager: Daily trigger for "Generate Trickplay Images" set to fire at 2026-09-13 03:00:00.000 +00:00, which is 06:11:56.6126678 from now.
[2026-09-12 20:48:03.391 +00:00] [INF] [15] Emby.Server.Implementations.ScheduledTasks.TaskManager: Daily trigger for "Extract Chapter Images" set to fire at 2026-09-13 02:00:00.000 +00:00, which is 05:11:56.6087263 from now.
[2026-09-12 20:48:03.435 +00:00] [INF] [15] MediaBrowser.MediaEncoding.Encoder.MediaEncoder: Found ffmpeg version "8.1.2"
[2026-09-12 20:48:03.470 +00:00] [INF] [15] MediaBrowser.MediaEncoding.Encoder.MediaEncoder: Available "decoders": ["libdav1d", "av1", "av1_cuvid", "av1_qsv", "h264", "h264_qsv", "h264_cuvid", "hevc", "hevc_qsv", "hevc_cuvid", "mpeg2video", "mpeg2_qsv", "mpeg2_cuvid", "mpeg4", "mpeg4_cuvid", "msmpeg4", "vc1_qsv", "vc1_cuvid", "vp8", "libvpx", "vp8_cuvid", "vp8_qsv", "vp9", "libvpx-vp9", "vp9_cuvid", "vp9_qsv", "aac", "ac3", "ac4", "dca", "flac", "mp3", "truehd"]
[2026-09-12 20:48:03.488 +00:00] [INF] [15] MediaBrowser.MediaEncoding.Encoder.MediaEncoder: Available "encoders": ["libsvtav1", "av1_nvenc", "av1_qsv", "av1_amf", "av1_vaapi", "libx264", "h264_amf", "h264_nvenc", "h264_qsv", "h264_v4l2m2m", "h264_vaapi", "libx265", "hevc_amf", "hevc_nvenc", "hevc_qsv", "hevc_vaapi", "mjpeg_qsv", "mjpeg_vaapi", "aac", "libfdk_aac", "ac3", "alac", "dca", "flac", "libmp3lame", "libopus", "truehd", "libvorbis", "srt"]
[2026-09-12 20:48:03.518 +00:00] [INF] [15] MediaBrowser.MediaEncoding.Encoder.MediaEncoder: Available filters: ["bwdif_cuda", "bwdif_opencl", "deinterlace_qsv", "deinterlace_vaapi", "flip_vulkan", "hwupload_cuda", "hwupload_vaapi", "libplacebo", "overlay_opencl", "overlay_qsv", "overlay_vaapi", "overlay_vulkan", "overlay_cuda", "procamp_vaapi", "scale_cuda", "scale_opencl", "scale_qsv", "scale_vaapi", "scale_vulkan", "tonemapx", "tonemap_cuda", "tonemap_opencl", "tonemap_vaapi", "transpose_cuda", "transpose_opencl", "transpose_vaapi", "transpose_vulkan", "vpp_qsv", "yadif_cuda", "yadif_opencl", "zscale", "alphasrc"]
[2026-09-12 20:48:03.740 +00:00] [INF] [15] MediaBrowser.MediaEncoding.Encoder.MediaEncoder: Available hwaccel types: ["cuda", "vaapi", "qsv", "drm", "opencl", "vulkan", "amf"]
[2026-09-12 20:48:06.421 +00:00] [INF] [7] Emby.Server.Implementations.ScheduledTasks.TaskManager: "Clean Transcode Directory" Completed after 0 minute(s) and 0 seconds
[2026-09-12 20:48:07.100 +00:00] [INF] [11] Emby.Server.Implementations.ScheduledTasks.TaskManager: "Update Plugins" Completed after 0 minute(s) and 0 seconds
[2026-09-12 20:48:08.193 +00:00] [INF] [15] MediaBrowser.MediaEncoding.Encoder.MediaEncoder: FFmpeg: "/usr/lib/jellyfin-ffmpeg/ffmpeg"
[2026-09-12 20:48:08.194 +00:00] [INF] [15] Emby.Server.Implementations.ApplicationHost: ServerId: "47b857da57f142768a816987a44165cd"
[2026-09-12 20:48:08.194 +00:00] [INF] [15] Emby.Server.Implementations.ApplicationHost: Core startup complete
[2026-09-12 20:48:08.194 +00:00] [INF] [15] Main: Startup complete 0:00:11.619137
[2026-09-12 20:49:54.614 +00:00] [INF] [21] Emby.Server.Implementations.Session.SessionManager: Sending shutdown notifications
[2026-09-12 20:49:54.721 +00:00] [INF] [18] Main: Optimizing the database... This might take a while
[2026-09-12 20:49:54.798 +00:00] [INF] [18] Jellyfin.Database.Providers.Sqlite.SqliteDatabaseProvider: jellyfin.db optimized successfully!
[2026-09-12 20:49:54.910 +00:00] [INF] [18] Emby.Server.Implementations.ApplicationHost: Disposing "CoreAppHost"
[2026-09-12 20:49:54.911 +00:00] [INF] [18] Emby.Server.Implementations.ApplicationHost: Disposing "Plugin"
[2026-09-12 20:50:27.463 +00:00] [INF] [1] Emby.Server.Implementations.AppBase.BaseConfigurationManager: Setting cache path: "/config/cache"
[2026-09-12 20:50:28.052 +00:00] [INF] [8] Jellyfin.Server.ServerSetupApp.SetupServer: Kestrel is listening on "all interfaces"
[2026-09-12 20:50:28.147 +00:00] [INF] [8] Main: Jellyfin version: "12.0.0"
[2026-09-12 20:50:28.169 +00:00] [INF] [8] Main: Environment Variables: ["[JELLYFIN_DATA_DIR, /config/data]", "[JELLYFIN_LOG_DIR, /config/log]", "[JELLYFIN_CONFIG_DIR, /config]", "[JELLYFIN_CACHE_DIR, /config/cache]", "[JELLYFIN_WEB_DIR, /usr/share/jellyfin/web]"]
[2026-09-12 20:50:28.186 +00:00] [INF] [8] Main: Arguments: ["/usr/lib/jellyfin/bin/jellyfin.dll", "--ffmpeg=/usr/lib/jellyfin-ffmpeg/ffmpeg"]
[2026-09-12 20:50:28.189 +00:00] [INF] [8] Main: Operating system: "Ubuntu 26.04.1 LTS"
[2026-09-12 20:50:28.189 +00:00] [INF] [8] Main: Architecture: X64
[2026-09-12 20:50:28.190 +00:00] [INF] [8] Main: 64-Bit Process: True
[2026-09-12 20:50:28.190 +00:00] [INF] [8] Main: User Interactive: True
[2026-09-12 20:50:28.190 +00:00] [INF] [8] Main: Processor count: 4
[2026-09-12 20:50:28.190 +00:00] [INF] [8] Main: Program data path: "/config/data"
[2026-09-12 20:50:28.190 +00:00] [INF] [8] Main: Log directory path: "/config/log"
[2026-09-12 20:50:28.190 +00:00] [INF] [8] Main: Config directory path: "/config"
[2026-09-12 20:50:28.190 +00:00] [INF] [8] Main: Cache path: "/config/cache"
[2026-09-12 20:50:28.190 +00:00] [INF] [8] Main: Temp directory path: "/tmp/jellyfin"
[2026-09-12 20:50:28.190 +00:00] [INF] [8] Main: Web resources path: "/usr/share/jellyfin/web"
[2026-09-12 20:50:28.190 +00:00] [INF] [8] Main: Application directory: "/usr/lib/jellyfin/bin/"
[2026-09-12 20:50:28.210 +00:00] [INF] [8] Jellyfin.Server.Startup: Storage path `"/config/data/data"` (Fixed) successfully checked with "208.9GiB" free which is over the minimum of "2GiB".
[2026-09-12 20:50:28.213 +00:00] [INF] [8] Jellyfin.Server.Startup: Storage path `"/config/cache"` (Fixed) successfully checked with "208.9GiB" free which is over the minimum of "2GiB".
[2026-09-12 20:50:28.213 +00:00] [INF] [8] Jellyfin.Server.Startup: Storage path `"/config/data"` (Fixed) successfully checked with "208.9GiB" free which is over the minimum of "2GiB".
[2026-09-12 20:50:28.219 +00:00] [INF] [8] Emby.Server.Implementations.AppBase.BaseConfigurationManager: Setting cache path: "/config/cache"
[2026-09-12 20:50:28.447 +00:00] [INF] [8] Jellyfin.Database.Providers.Sqlite.SqliteDatabaseProvider: SQLite connection string: "Data Source=/config/data/data/jellyfin.db;Cache=Private;Default Timeout=60;Pooling=True"
[2026-09-12 20:50:28.471 +00:00] [INF] [8] Jellyfin.Database.Providers.Sqlite.SqliteDatabaseProvider: SQLITE connection pragma command set to: 
"PRAGMA locking_mode=NORMAL;
PRAGMA journal_size_limit=134217728;
PRAGMA synchronous=1;
PRAGMA temp_store=2;
"
[2026-09-12 20:50:28.479 +00:00] [INF] [8] Jellyfin.Database.Implementations.Locking.NoLockBehavior: The database locking mode has been set to: NoLock.
[2026-09-12 20:50:28.602 +00:00] [INF] [8] Jellyfin.Server.Migrations.JellyfinMigrationService: Initialise Migration service.
[2026-09-12 20:50:28.606 +00:00] [INF] [8] Jellyfin.Server.Migrations.JellyfinMigrationService: System initialization detected. Seed data. Startup mode is: MediaServer
[2026-09-12 20:50:29.206 +00:00] [WRN] [13] Microsoft.Extensions.Diagnostics.HealthChecks.DefaultHealthCheckService: Health check "StartupCheck" with status Degraded completed after 3.1533ms with message '"Server is still starting up."'
[2026-09-12 20:50:30.276 +00:00] [WRN] [10] Microsoft.Extensions.Diagnostics.HealthChecks.DefaultHealthCheckService: Health check "StartupCheck" with status Degraded completed after 0.0868ms with message '"Server is still starting up."'
[2026-09-12 20:50:30.992 +00:00] [INF] [8] Jellyfin.Server.Migrations.JellyfinMigrationService: Migration system initialisation completed.
[2026-09-12 20:50:31.016 +00:00] [INF] [8] Emby.Server.Implementations.AppBase.BaseConfigurationManager: Setting cache path: "/config/cache"
[2026-09-12 20:50:31.045 +00:00] [INF] [8] Emby.Server.Implementations.ApplicationHost: Loading assemblies
[2026-09-12 20:50:31.110 +00:00] [INF] [8] Jellyfin.Networking.Manager.NetworkManager: Defined LAN subnets: ["::1/128", "fe80::/10", "fc00::/7", "127.0.0.0/8", "10.0.0.0/8", "172.16.0.0/12", "192.168.0.0/16"]
[2026-09-12 20:50:31.110 +00:00] [INF] [8] Jellyfin.Networking.Manager.NetworkManager: Defined LAN exclusions: []
[2026-09-12 20:50:31.113 +00:00] [INF] [8] Jellyfin.Networking.Manager.NetworkManager: Used LAN subnets: ["::1/128", "fe80::/10", "fc00::/7", "127.0.0.0/8", "10.0.0.0/8", "172.16.0.0/12", "192.168.0.0/16"]
[2026-09-12 20:50:31.114 +00:00] [INF] [8] Jellyfin.Networking.Manager.NetworkManager: Filtered interface addresses: []
[2026-09-12 20:50:31.115 +00:00] [INF] [8] Jellyfin.Networking.Manager.NetworkManager: Bind Addresses ["::"]
[2026-09-12 20:50:31.115 +00:00] [INF] [8] Jellyfin.Networking.Manager.NetworkManager: Remote IP filter is "Allowlist"
[2026-09-12 20:50:31.115 +00:00] [INF] [8] Jellyfin.Networking.Manager.NetworkManager: Filtered subnets: []
[2026-09-12 20:50:31.303 +00:00] [WRN] [10] Microsoft.Extensions.Diagnostics.HealthChecks.DefaultHealthCheckService: Health check "StartupCheck" with status Degraded completed after 0.0023ms with message '"Server is still starting up."'
[2026-09-12 20:50:31.403 +00:00] [INF] [8] Jellyfin.Database.Providers.Sqlite.SqliteDatabaseProvider: SQLite connection string: "Data Source=/config/data/data/jellyfin.db;Cache=Private;Default Timeout=60;Pooling=True"
[2026-09-12 20:50:31.404 +00:00] [INF] [8] Jellyfin.Database.Providers.Sqlite.SqliteDatabaseProvider: SQLITE connection pragma command set to: 
"PRAGMA locking_mode=NORMAL;
PRAGMA journal_size_limit=134217728;
PRAGMA synchronous=1;
PRAGMA temp_store=2;
"
[2026-09-12 20:50:31.405 +00:00] [INF] [8] Jellyfin.Database.Implementations.Locking.NoLockBehavior: The database locking mode has been set to: NoLock.
[2026-09-12 20:50:31.463 +00:00] [INF] [8] Main: Prepare system for possible migrations
[2026-09-12 20:50:31.741 +00:00] [INF] [8] Emby.Server.Implementations.Plugins.PluginManager: Loaded plugin: "TMDb" "12.0.0.0"
[2026-09-12 20:50:31.743 +00:00] [INF] [8] Emby.Server.Implementations.Plugins.PluginManager: Loaded plugin: "Studio Images" "12.0.0.0"
[2026-09-12 20:50:31.743 +00:00] [INF] [8] Emby.Server.Implementations.Plugins.PluginManager: Loaded plugin: "OMDb" "12.0.0.0"
[2026-09-12 20:50:31.762 +00:00] [INF] [8] Emby.Server.Implementations.Plugins.PluginManager: Loaded plugin: "MusicBrainz" "12.0.0.0"
[2026-09-12 20:50:31.763 +00:00] [INF] [8] Emby.Server.Implementations.Plugins.PluginManager: Loaded plugin: "ListenBrainz Similarity Provider" "12.0.0.0"
[2026-09-12 20:50:31.763 +00:00] [INF] [8] Emby.Server.Implementations.Plugins.PluginManager: Loaded plugin: "AudioDB" "12.0.0.0"
[2026-09-12 20:50:31.844 +00:00] [INF] [8] Emby.Server.Implementations.Library.Search.SearchManager: Registered 0 external search providers: "". Fallback providers: "Database (priority 100)"
[2026-09-12 20:50:32.148 +00:00] [INF] [8] Main: Kestrel is listening on "all interfaces"
[2026-09-12 20:50:33.327 +00:00] [WRN] [8] Microsoft.AspNetCore.StaticFiles.StaticFileMiddleware: The WebRootPath was not found: "/run/s6-rc:s6-rc-init:IhGIbl/servicedirs/svc-jellyfin/wwwroot". Static files may be unavailable.
[2026-09-12 20:50:33.488 +00:00] [INF] [8] Emby.Server.Implementations.ApplicationHost: Running startup tasks
[2026-09-12 20:50:33.586 +00:00] [INF] [8] Emby.Server.Implementations.ScheduledTasks.TaskManager: Daily trigger for "Generate Trickplay Images" set to fire at 2026-09-13 03:00:00.000 +00:00, which is 06:09:26.4135489 from now.
[2026-09-12 20:50:33.595 +00:00] [INF] [8] Emby.Server.Implementations.ScheduledTasks.TaskManager: Daily trigger for "Extract Chapter Images" set to fire at 2026-09-13 02:00:00.000 +00:00, which is 05:09:26.4045633 from now.
[2026-09-12 20:50:33.727 +00:00] [INF] [8] MediaBrowser.MediaEncoding.Encoder.MediaEncoder: Found ffmpeg version "8.1.2"
[2026-09-12 20:50:33.768 +00:00] [INF] [8] MediaBrowser.MediaEncoding.Encoder.MediaEncoder: Available "decoders": ["libdav1d", "av1", "av1_cuvid", "av1_qsv", "h264", "h264_qsv", "h264_cuvid", "hevc", "hevc_qsv", "hevc_cuvid", "mpeg2video", "mpeg2_qsv", "mpeg2_cuvid", "mpeg4", "mpeg4_cuvid", "msmpeg4", "vc1_qsv", "vc1_cuvid", "vp8", "libvpx", "vp8_cuvid", "vp8_qsv", "vp9", "libvpx-vp9", "vp9_cuvid", "vp9_qsv", "aac", "ac3", "ac4", "dca", "flac", "mp3", "truehd"]
[2026-09-12 20:50:33.787 +00:00] [INF] [8] MediaBrowser.MediaEncoding.Encoder.MediaEncoder: Available "encoders": ["libsvtav1", "av1_nvenc", "av1_qsv", "av1_amf", "av1_vaapi", "libx264", "h264_amf", "h264_nvenc", "h264_qsv", "h264_v4l2m2m", "h264_vaapi", "libx265", "hevc_amf", "hevc_nvenc", "hevc_qsv", "hevc_vaapi", "mjpeg_qsv", "mjpeg_vaapi", "aac", "libfdk_aac", "ac3", "alac", "dca", "flac", "libmp3lame", "libopus", "truehd", "libvorbis", "srt"]
[2026-09-12 20:50:33.806 +00:00] [INF] [8] MediaBrowser.MediaEncoding.Encoder.MediaEncoder: Available filters: ["bwdif_cuda", "bwdif_opencl", "deinterlace_qsv", "deinterlace_vaapi", "flip_vulkan", "hwupload_cuda", "hwupload_vaapi", "libplacebo", "overlay_opencl", "overlay_qsv", "overlay_vaapi", "overlay_vulkan", "overlay_cuda", "procamp_vaapi", "scale_cuda", "scale_opencl", "scale_qsv", "scale_vaapi", "scale_vulkan", "tonemapx", "tonemap_cuda", "tonemap_opencl", "tonemap_vaapi", "transpose_cuda", "transpose_opencl", "transpose_vaapi", "transpose_vulkan", "vpp_qsv", "yadif_cuda", "yadif_opencl", "zscale", "alphasrc"]
[2026-09-12 20:50:34.042 +00:00] [INF] [8] MediaBrowser.MediaEncoding.Encoder.MediaEncoder: Available hwaccel types: ["cuda", "vaapi", "qsv", "drm", "opencl", "vulkan", "amf"]
[2026-09-12 20:50:36.629 +00:00] [INF] [14] Emby.Server.Implementations.ScheduledTasks.TaskManager: "Clean Transcode Directory" Completed after 0 minute(s) and 0 seconds
[2026-09-12 20:50:37.678 +00:00] [INF] [10] Emby.Server.Implementations.ScheduledTasks.TaskManager: "Update Plugins" Completed after 0 minute(s) and 1 seconds
[2026-09-12 20:50:38.089 +00:00] [INF] [8] MediaBrowser.MediaEncoding.Encoder.MediaEncoder: FFmpeg: "/usr/lib/jellyfin-ffmpeg/ffmpeg"
[2026-09-12 20:50:38.090 +00:00] [INF] [8] Emby.Server.Implementations.ApplicationHost: ServerId: "47b857da57f142768a816987a44165cd"
[2026-09-12 20:50:38.090 +00:00] [INF] [8] Emby.Server.Implementations.ApplicationHost: Core startup complete
[2026-09-12 20:50:38.090 +00:00] [INF] [8] Main: Startup complete 0:00:11.5435268
[2026-09-12 20:52:20.950 +00:00] [INF] [22] Emby.Server.Implementations.Session.SessionManager: Sending shutdown notifications
[2026-09-12 20:52:20.972 +00:00] [INF] [7] Main: Optimizing the database... This might take a while
[2026-09-12 20:52:21.061 +00:00] [INF] [7] Jellyfin.Database.Providers.Sqlite.SqliteDatabaseProvider: jellyfin.db optimized successfully!
[2026-09-12 20:52:21.132 +00:00] [INF] [7] Emby.Server.Implementations.ApplicationHost: Disposing "CoreAppHost"
[2026-09-12 20:52:21.132 +00:00] [INF] [7] Emby.Server.Implementations.ApplicationHost: Disposing "Plugin"
[2026-09-12 21:05:23.453 +00:00] [INF] [1] Emby.Server.Implementations.AppBase.BaseConfigurationManager: Setting cache path: "/config/cache"
[2026-09-12 21:05:24.174 +00:00] [INF] [8] Jellyfin.Server.ServerSetupApp.SetupServer: Kestrel is listening on "all interfaces"
[2026-09-12 21:05:24.263 +00:00] [INF] [8] Main: Jellyfin version: "12.0.0"
[2026-09-12 21:05:24.274 +00:00] [INF] [8] Main: Environment Variables: ["[JELLYFIN_WEB_DIR, /usr/share/jellyfin/web]", "[JELLYFIN_DATA_DIR, /config/data]", "[JELLYFIN_LOG_DIR, /config/log]", "[JELLYFIN_CONFIG_DIR, /config]", "[JELLYFIN_CACHE_DIR, /config/cache]"]
[2026-09-12 21:05:24.284 +00:00] [INF] [8] Main: Arguments: ["/usr/lib/jellyfin/bin/jellyfin.dll", "--ffmpeg=/usr/lib/jellyfin-ffmpeg/ffmpeg"]
[2026-09-12 21:05:24.284 +00:00] [INF] [8] Main: Operating system: "Ubuntu 26.04.1 LTS"
[2026-09-12 21:05:24.284 +00:00] [INF] [8] Main: Architecture: X64
[2026-09-12 21:05:24.285 +00:00] [INF] [8] Main: 64-Bit Process: True
[2026-09-12 21:05:24.285 +00:00] [INF] [8] Main: User Interactive: True
[2026-09-12 21:05:24.285 +00:00] [INF] [8] Main: Processor count: 4
[2026-09-12 21:05:24.285 +00:00] [INF] [8] Main: Program data path: "/config/data"
[2026-09-12 21:05:24.286 +00:00] [INF] [8] Main: Log directory path: "/config/log"
[2026-09-12 21:05:24.286 +00:00] [INF] [8] Main: Config directory path: "/config"
[2026-09-12 21:05:24.286 +00:00] [INF] [8] Main: Cache path: "/config/cache"
[2026-09-12 21:05:24.286 +00:00] [INF] [8] Main: Temp directory path: "/tmp/jellyfin"
[2026-09-12 21:05:24.286 +00:00] [INF] [8] Main: Web resources path: "/usr/share/jellyfin/web"
[2026-09-12 21:05:24.287 +00:00] [INF] [8] Main: Application directory: "/usr/lib/jellyfin/bin/"
[2026-09-12 21:05:24.292 +00:00] [INF] [8] Jellyfin.Server.Startup: Storage path `"/config/data/data"` (Fixed) successfully checked with "208.9GiB" free which is over the minimum of "2GiB".
[2026-09-12 21:05:24.293 +00:00] [INF] [8] Jellyfin.Server.Startup: Storage path `"/config/cache"` (Fixed) successfully checked with "208.9GiB" free which is over the minimum of "2GiB".
[2026-09-12 21:05:24.293 +00:00] [INF] [8] Jellyfin.Server.Startup: Storage path `"/config/data"` (Fixed) successfully checked with "208.9GiB" free which is over the minimum of "2GiB".
[2026-09-12 21:05:24.297 +00:00] [INF] [8] Emby.Server.Implementations.AppBase.BaseConfigurationManager: Setting cache path: "/config/cache"
[2026-09-12 21:05:24.379 +00:00] [INF] [8] Jellyfin.Database.Providers.Sqlite.SqliteDatabaseProvider: SQLite connection string: "Data Source=/config/data/data/jellyfin.db;Cache=Private;Default Timeout=60;Pooling=True"
[2026-09-12 21:05:24.387 +00:00] [INF] [8] Jellyfin.Database.Providers.Sqlite.SqliteDatabaseProvider: SQLITE connection pragma command set to: 
"PRAGMA locking_mode=NORMAL;
PRAGMA journal_size_limit=134217728;
PRAGMA synchronous=1;
PRAGMA temp_store=2;
"
[2026-09-12 21:05:24.388 +00:00] [INF] [8] Jellyfin.Database.Implementations.Locking.NoLockBehavior: The database locking mode has been set to: NoLock.
[2026-09-12 21:05:24.439 +00:00] [INF] [8] Jellyfin.Server.Migrations.JellyfinMigrationService: Initialise Migration service.
[2026-09-12 21:05:24.439 +00:00] [INF] [8] Jellyfin.Server.Migrations.JellyfinMigrationService: System initialization detected. Seed data. Startup mode is: MediaServer
[2026-09-12 21:05:25.056 +00:00] [WRN] [13] Microsoft.Extensions.Diagnostics.HealthChecks.DefaultHealthCheckService: Health check "StartupCheck" with status Degraded completed after 1.1438ms with message '"Server is still starting up."'
[2026-09-12 21:05:26.156 +00:00] [WRN] [10] Microsoft.Extensions.Diagnostics.HealthChecks.DefaultHealthCheckService: Health check "StartupCheck" with status Degraded completed after 0.0481ms with message '"Server is still starting up."'
[2026-09-12 21:05:27.094 +00:00] [INF] [8] Jellyfin.Server.Migrations.JellyfinMigrationService: Migration system initialisation completed.
[2026-09-12 21:05:27.109 +00:00] [INF] [8] Emby.Server.Implementations.AppBase.BaseConfigurationManager: Setting cache path: "/config/cache"
[2026-09-12 21:05:27.125 +00:00] [INF] [8] Emby.Server.Implementations.ApplicationHost: Loading assemblies
[2026-09-12 21:05:27.171 +00:00] [INF] [8] Jellyfin.Networking.Manager.NetworkManager: Defined LAN subnets: ["::1/128", "fe80::/10", "fc00::/7", "127.0.0.0/8", "10.0.0.0/8", "172.16.0.0/12", "192.168.0.0/16"]
[2026-09-12 21:05:27.172 +00:00] [INF] [8] Jellyfin.Networking.Manager.NetworkManager: Defined LAN exclusions: []
[2026-09-12 21:05:27.174 +00:00] [INF] [8] Jellyfin.Networking.Manager.NetworkManager: Used LAN subnets: ["::1/128", "fe80::/10", "fc00::/7", "127.0.0.0/8", "10.0.0.0/8", "172.16.0.0/12", "192.168.0.0/16"]
[2026-09-12 21:05:27.175 +00:00] [INF] [8] Jellyfin.Networking.Manager.NetworkManager: Filtered interface addresses: []
[2026-09-12 21:05:27.176 +00:00] [INF] [8] Jellyfin.Networking.Manager.NetworkManager: Bind Addresses ["::"]
[2026-09-12 21:05:27.176 +00:00] [INF] [8] Jellyfin.Networking.Manager.NetworkManager: Remote IP filter is "Allowlist"
[2026-09-12 21:05:27.176 +00:00] [INF] [8] Jellyfin.Networking.Manager.NetworkManager: Filtered subnets: []
[2026-09-12 21:05:27.194 +00:00] [WRN] [10] Microsoft.Extensions.Diagnostics.HealthChecks.DefaultHealthCheckService: Health check "StartupCheck" with status Degraded completed after 0.0026ms with message '"Server is still starting up."'
[2026-09-12 21:05:27.312 +00:00] [INF] [8] Jellyfin.Database.Providers.Sqlite.SqliteDatabaseProvider: SQLite connection string: "Data Source=/config/data/data/jellyfin.db;Cache=Private;Default Timeout=60;Pooling=True"
[2026-09-12 21:05:27.312 +00:00] [INF] [8] Jellyfin.Database.Providers.Sqlite.SqliteDatabaseProvider: SQLITE connection pragma command set to: 
"PRAGMA locking_mode=NORMAL;
PRAGMA journal_size_limit=134217728;
PRAGMA synchronous=1;
PRAGMA temp_store=2;
"
[2026-09-12 21:05:27.313 +00:00] [INF] [8] Jellyfin.Database.Implementations.Locking.NoLockBehavior: The database locking mode has been set to: NoLock.
[2026-09-12 21:05:27.367 +00:00] [INF] [8] Main: Prepare system for possible migrations
[2026-09-12 21:05:27.585 +00:00] [INF] [8] Emby.Server.Implementations.Plugins.PluginManager: Loaded plugin: "TMDb" "12.0.0.0"
[2026-09-12 21:05:27.586 +00:00] [INF] [8] Emby.Server.Implementations.Plugins.PluginManager: Loaded plugin: "Studio Images" "12.0.0.0"
[2026-09-12 21:05:27.587 +00:00] [INF] [8] Emby.Server.Implementations.Plugins.PluginManager: Loaded plugin: "OMDb" "12.0.0.0"
[2026-09-12 21:05:27.610 +00:00] [INF] [8] Emby.Server.Implementations.Plugins.PluginManager: Loaded plugin: "MusicBrainz" "12.0.0.0"
[2026-09-12 21:05:27.610 +00:00] [INF] [8] Emby.Server.Implementations.Plugins.PluginManager: Loaded plugin: "ListenBrainz Similarity Provider" "12.0.0.0"
[2026-09-12 21:05:27.611 +00:00] [INF] [8] Emby.Server.Implementations.Plugins.PluginManager: Loaded plugin: "AudioDB" "12.0.0.0"
[2026-09-12 21:05:27.704 +00:00] [INF] [8] Emby.Server.Implementations.Library.Search.SearchManager: Registered 0 external search providers: "". Fallback providers: "Database (priority 100)"
[2026-09-12 21:05:28.042 +00:00] [INF] [10] Main: Kestrel is listening on "all interfaces"
[2026-09-12 21:05:28.841 +00:00] [WRN] [10] Microsoft.AspNetCore.StaticFiles.StaticFileMiddleware: The WebRootPath was not found: "/run/s6-rc:s6-rc-init:nDOfNp/servicedirs/svc-jellyfin/wwwroot". Static files may be unavailable.
[2026-09-12 21:05:28.919 +00:00] [INF] [10] Emby.Server.Implementations.ApplicationHost: Running startup tasks
[2026-09-12 21:05:28.982 +00:00] [INF] [10] Emby.Server.Implementations.ScheduledTasks.TaskManager: Daily trigger for "Generate Trickplay Images" set to fire at 2026-09-13 03:00:00.000 +00:00, which is 05:54:31.0175202 from now.
[2026-09-12 21:05:28.986 +00:00] [INF] [10] Emby.Server.Implementations.ScheduledTasks.TaskManager: Daily trigger for "Extract Chapter Images" set to fire at 2026-09-13 02:00:00.000 +00:00, which is 04:54:31.0139549 from now.
[2026-09-12 21:05:29.023 +00:00] [INF] [10] MediaBrowser.MediaEncoding.Encoder.MediaEncoder: Found ffmpeg version "8.1.2"
[2026-09-12 21:05:29.054 +00:00] [INF] [10] MediaBrowser.MediaEncoding.Encoder.MediaEncoder: Available "decoders": ["libdav1d", "av1", "av1_cuvid", "av1_qsv", "h264", "h264_qsv", "h264_cuvid", "hevc", "hevc_qsv", "hevc_cuvid", "mpeg2video", "mpeg2_qsv", "mpeg2_cuvid", "mpeg4", "mpeg4_cuvid", "msmpeg4", "vc1_qsv", "vc1_cuvid", "vp8", "libvpx", "vp8_cuvid", "vp8_qsv", "vp9", "libvpx-vp9", "vp9_cuvid", "vp9_qsv", "aac", "ac3", "ac4", "dca", "flac", "mp3", "truehd"]
[2026-09-12 21:05:29.072 +00:00] [INF] [10] MediaBrowser.MediaEncoding.Encoder.MediaEncoder: Available "encoders": ["libsvtav1", "av1_nvenc", "av1_qsv", "av1_amf", "av1_vaapi", "libx264", "h264_amf", "h264_nvenc", "h264_qsv", "h264_v4l2m2m", "h264_vaapi", "libx265", "hevc_amf", "hevc_nvenc", "hevc_qsv", "hevc_vaapi", "mjpeg_qsv", "mjpeg_vaapi", "aac", "libfdk_aac", "ac3", "alac", "dca", "flac", "libmp3lame", "libopus", "truehd", "libvorbis", "srt"]
[2026-09-12 21:05:29.096 +00:00] [INF] [10] MediaBrowser.MediaEncoding.Encoder.MediaEncoder: Available filters: ["bwdif_cuda", "bwdif_opencl", "deinterlace_qsv", "deinterlace_vaapi", "flip_vulkan", "hwupload_cuda", "hwupload_vaapi", "libplacebo", "overlay_opencl", "overlay_qsv", "overlay_vaapi", "overlay_vulkan", "overlay_cuda", "procamp_vaapi", "scale_cuda", "scale_opencl", "scale_qsv", "scale_vaapi", "scale_vulkan", "tonemapx", "tonemap_cuda", "tonemap_opencl", "tonemap_vaapi", "transpose_cuda", "transpose_opencl", "transpose_vaapi", "transpose_vulkan", "vpp_qsv", "yadif_cuda", "yadif_opencl", "zscale", "alphasrc"]
[2026-09-12 21:05:29.326 +00:00] [INF] [10] MediaBrowser.MediaEncoding.Encoder.MediaEncoder: Available hwaccel types: ["cuda", "vaapi", "qsv", "drm", "opencl", "vulkan", "amf"]
[2026-09-12 21:05:32.009 +00:00] [INF] [15] Emby.Server.Implementations.ScheduledTasks.TaskManager: "Clean Transcode Directory" Completed after 0 minute(s) and 0 seconds
[2026-09-12 21:05:32.690 +00:00] [INF] [15] Emby.Server.Implementations.ScheduledTasks.TaskManager: "Update Plugins" Completed after 0 minute(s) and 0 seconds
[2026-09-12 21:05:33.675 +00:00] [INF] [10] MediaBrowser.MediaEncoding.Encoder.MediaEncoder: FFmpeg: "/usr/lib/jellyfin-ffmpeg/ffmpeg"
[2026-09-12 21:05:33.676 +00:00] [INF] [10] Emby.Server.Implementations.ApplicationHost: ServerId: "47b857da57f142768a816987a44165cd"
[2026-09-12 21:05:33.676 +00:00] [INF] [10] Emby.Server.Implementations.ApplicationHost: Core startup complete
[2026-09-12 21:05:33.676 +00:00] [INF] [10] Main: Startup complete 0:00:10.6162429
[2026-09-12 21:08:33.180 +00:00] [INF] [22] Emby.Server.Implementations.Session.SessionManager: Sending shutdown notifications
[2026-09-12 21:08:33.211 +00:00] [INF] [21] Main: Optimizing the database... This might take a while
[2026-09-12 21:08:33.264 +00:00] [INF] [21] Jellyfin.Database.Providers.Sqlite.SqliteDatabaseProvider: jellyfin.db optimized successfully!
[2026-09-12 21:08:33.302 +00:00] [INF] [21] Emby.Server.Implementations.ApplicationHost: Disposing "CoreAppHost"
[2026-09-12 21:08:33.302 +00:00] [INF] [21] Emby.Server.Implementations.ApplicationHost: Disposing "Plugin"
[2026-09-12 21:08:38.477 +00:00] [INF] [1] Emby.Server.Implementations.AppBase.BaseConfigurationManager: Setting cache path: "/config/cache"
[2026-09-12 21:08:38.789 +00:00] [INF] [8] Jellyfin.Server.ServerSetupApp.SetupServer: Kestrel is listening on "all interfaces"
[2026-09-12 21:08:38.888 +00:00] [INF] [8] Main: Jellyfin version: "12.0.0"
[2026-09-12 21:08:38.903 +00:00] [INF] [8] Main: Environment Variables: ["[JELLYFIN_LOG_DIR, /config/log]", "[JELLYFIN_DATA_DIR, /config/data]", "[JELLYFIN_CONFIG_DIR, /config]", "[JELLYFIN_CACHE_DIR, /config/cache]", "[JELLYFIN_WEB_DIR, /usr/share/jellyfin/web]"]
[2026-09-12 21:08:38.908 +00:00] [INF] [8] Main: Arguments: ["/usr/lib/jellyfin/bin/jellyfin.dll", "--ffmpeg=/usr/lib/jellyfin-ffmpeg/ffmpeg"]
[2026-09-12 21:08:38.909 +00:00] [INF] [8] Main: Operating system: "Ubuntu 26.04.1 LTS"
[2026-09-12 21:08:38.909 +00:00] [INF] [8] Main: Architecture: X64
[2026-09-12 21:08:38.913 +00:00] [INF] [8] Main: 64-Bit Process: True
[2026-09-12 21:08:38.913 +00:00] [INF] [8] Main: User Interactive: True
[2026-09-12 21:08:38.913 +00:00] [INF] [8] Main: Processor count: 4
[2026-09-12 21:08:38.913 +00:00] [INF] [8] Main: Program data path: "/config/data"
[2026-09-12 21:08:38.913 +00:00] [INF] [8] Main: Log directory path: "/config/log"
[2026-09-12 21:08:38.913 +00:00] [INF] [8] Main: Config directory path: "/config"
[2026-09-12 21:08:38.913 +00:00] [INF] [8] Main: Cache path: "/config/cache"
[2026-09-12 21:08:38.913 +00:00] [INF] [8] Main: Temp directory path: "/tmp/jellyfin"
[2026-09-12 21:08:38.913 +00:00] [INF] [8] Main: Web resources path: "/usr/share/jellyfin/web"
[2026-09-12 21:08:38.913 +00:00] [INF] [8] Main: Application directory: "/usr/lib/jellyfin/bin/"
[2026-09-12 21:08:38.924 +00:00] [INF] [8] Jellyfin.Server.Startup: Storage path `"/config/data/data"` (Fixed) successfully checked with "208.9GiB" free which is over the minimum of "2GiB".
[2026-09-12 21:08:38.925 +00:00] [INF] [8] Jellyfin.Server.Startup: Storage path `"/config/cache"` (Fixed) successfully checked with "208.9GiB" free which is over the minimum of "2GiB".
[2026-09-12 21:08:38.925 +00:00] [INF] [8] Jellyfin.Server.Startup: Storage path `"/config/data"` (Fixed) successfully checked with "208.9GiB" free which is over the minimum of "2GiB".
[2026-09-12 21:08:38.937 +00:00] [INF] [8] Emby.Server.Implementations.AppBase.BaseConfigurationManager: Setting cache path: "/config/cache"
[2026-09-12 21:08:39.291 +00:00] [WRN] [13] Microsoft.Extensions.Diagnostics.HealthChecks.DefaultHealthCheckService: Health check "StartupCheck" with status Degraded completed after 6.0343ms with message '"Server is still starting up."'
[2026-09-12 21:08:39.343 +00:00] [INF] [8] Jellyfin.Database.Providers.Sqlite.SqliteDatabaseProvider: SQLite connection string: "Data Source=/config/data/data/jellyfin.db;Cache=Private;Default Timeout=60;Pooling=True"
[2026-09-12 21:08:39.366 +00:00] [INF] [8] Jellyfin.Database.Providers.Sqlite.SqliteDatabaseProvider: SQLITE connection pragma command set to: 
"PRAGMA locking_mode=NORMAL;
PRAGMA journal_size_limit=134217728;
PRAGMA synchronous=1;
PRAGMA temp_store=2;
"
[2026-09-12 21:08:39.368 +00:00] [INF] [8] Jellyfin.Database.Implementations.Locking.NoLockBehavior: The database locking mode has been set to: NoLock.
[2026-09-12 21:08:39.430 +00:00] [INF] [8] Jellyfin.Server.Migrations.JellyfinMigrationService: Initialise Migration service.
[2026-09-12 21:08:39.431 +00:00] [INF] [8] Jellyfin.Server.Migrations.JellyfinMigrationService: System initialization detected. Seed data. Startup mode is: MediaServer
[2026-09-12 21:08:40.448 +00:00] [WRN] [7] Microsoft.Extensions.Diagnostics.HealthChecks.DefaultHealthCheckService: Health check "StartupCheck" with status Degraded completed after 0.0509ms with message '"Server is still starting up."'
[2026-09-12 21:08:41.530 +00:00] [WRN] [7] Microsoft.Extensions.Diagnostics.HealthChecks.DefaultHealthCheckService: Health check "StartupCheck" with status Degraded completed after 0.0066ms with message '"Server is still starting up."'
[2026-09-12 21:08:42.571 +00:00] [WRN] [7] Microsoft.Extensions.Diagnostics.HealthChecks.DefaultHealthCheckService: Health check "StartupCheck" with status Degraded completed after 0.0023ms with message '"Server is still starting up."'
[2026-09-12 21:08:42.812 +00:00] [INF] [8] Jellyfin.Server.Migrations.JellyfinMigrationService: Migration system initialisation completed.
[2026-09-12 21:08:42.848 +00:00] [INF] [8] Emby.Server.Implementations.AppBase.BaseConfigurationManager: Setting cache path: "/config/cache"
[2026-09-12 21:08:42.882 +00:00] [INF] [8] Emby.Server.Implementations.ApplicationHost: Loading assemblies
[2026-09-12 21:08:42.964 +00:00] [INF] [8] Jellyfin.Networking.Manager.NetworkManager: Defined LAN subnets: ["::1/128", "fe80::/10", "fc00::/7", "127.0.0.0/8", "10.0.0.0/8", "172.16.0.0/12", "192.168.0.0/16"]
[2026-09-12 21:08:42.964 +00:00] [INF] [8] Jellyfin.Networking.Manager.NetworkManager: Defined LAN exclusions: []
[2026-09-12 21:08:42.970 +00:00] [INF] [8] Jellyfin.Networking.Manager.NetworkManager: Used LAN subnets: ["::1/128", "fe80::/10", "fc00::/7", "127.0.0.0/8", "10.0.0.0/8", "172.16.0.0/12", "192.168.0.0/16"]
[2026-09-12 21:08:42.971 +00:00] [INF] [8] Jellyfin.Networking.Manager.NetworkManager: Filtered interface addresses: []
[2026-09-12 21:08:42.972 +00:00] [INF] [8] Jellyfin.Networking.Manager.NetworkManager: Bind Addresses ["::"]
[2026-09-12 21:08:42.972 +00:00] [INF] [8] Jellyfin.Networking.Manager.NetworkManager: Remote IP filter is "Allowlist"
[2026-09-12 21:08:42.972 +00:00] [INF] [8] Jellyfin.Networking.Manager.NetworkManager: Filtered subnets: []
[2026-09-12 21:08:43.135 +00:00] [INF] [8] Jellyfin.Database.Providers.Sqlite.SqliteDatabaseProvider: SQLite connection string: "Data Source=/config/data/data/jellyfin.db;Cache=Private;Default Timeout=60;Pooling=True"
[2026-09-12 21:08:43.135 +00:00] [INF] [8] Jellyfin.Database.Providers.Sqlite.SqliteDatabaseProvider: SQLITE connection pragma command set to: 
"PRAGMA locking_mode=NORMAL;
PRAGMA journal_size_limit=134217728;
PRAGMA synchronous=1;
PRAGMA temp_store=2;
"
[2026-09-12 21:08:43.136 +00:00] [INF] [8] Jellyfin.Database.Implementations.Locking.NoLockBehavior: The database locking mode has been set to: NoLock.
[2026-09-12 21:08:43.194 +00:00] [INF] [8] Main: Prepare system for possible migrations
[2026-09-12 21:08:43.446 +00:00] [INF] [8] Emby.Server.Implementations.Plugins.PluginManager: Loaded plugin: "TMDb" "12.0.0.0"
[2026-09-12 21:08:43.447 +00:00] [INF] [8] Emby.Server.Implementations.Plugins.PluginManager: Loaded plugin: "Studio Images" "12.0.0.0"
[2026-09-12 21:08:43.448 +00:00] [INF] [8] Emby.Server.Implementations.Plugins.PluginManager: Loaded plugin: "OMDb" "12.0.0.0"
[2026-09-12 21:08:43.470 +00:00] [INF] [8] Emby.Server.Implementations.Plugins.PluginManager: Loaded plugin: "MusicBrainz" "12.0.0.0"
[2026-09-12 21:08:43.470 +00:00] [INF] [8] Emby.Server.Implementations.Plugins.PluginManager: Loaded plugin: "ListenBrainz Similarity Provider" "12.0.0.0"
[2026-09-12 21:08:43.471 +00:00] [INF] [8] Emby.Server.Implementations.Plugins.PluginManager: Loaded plugin: "AudioDB" "12.0.0.0"
[2026-09-12 21:08:43.537 +00:00] [INF] [8] Emby.Server.Implementations.Library.Search.SearchManager: Registered 0 external search providers: "". Fallback providers: "Database (priority 100)"
[2026-09-12 21:08:43.884 +00:00] [INF] [13] Main: Kestrel is listening on "all interfaces"
[2026-09-12 21:08:44.893 +00:00] [WRN] [13] Microsoft.AspNetCore.StaticFiles.StaticFileMiddleware: The WebRootPath was not found: "/run/s6-rc:s6-rc-init:ClEbFK/servicedirs/svc-jellyfin/wwwroot". Static files may be unavailable.
[2026-09-12 21:08:44.985 +00:00] [INF] [13] Emby.Server.Implementations.ApplicationHost: Running startup tasks
[2026-09-12 21:08:45.055 +00:00] [INF] [13] Emby.Server.Implementations.ScheduledTasks.TaskManager: Daily trigger for "Generate Trickplay Images" set to fire at 2026-09-13 03:00:00.000 +00:00, which is 05:51:14.9445013 from now.
[2026-09-12 21:08:45.059 +00:00] [INF] [13] Emby.Server.Implementations.ScheduledTasks.TaskManager: Daily trigger for "Extract Chapter Images" set to fire at 2026-09-13 02:00:00.000 +00:00, which is 04:51:14.9405550 from now.
[2026-09-12 21:08:45.105 +00:00] [INF] [13] MediaBrowser.MediaEncoding.Encoder.MediaEncoder: Found ffmpeg version "8.1.2"
[2026-09-12 21:08:45.138 +00:00] [INF] [13] MediaBrowser.MediaEncoding.Encoder.MediaEncoder: Available "decoders": ["libdav1d", "av1", "av1_cuvid", "av1_qsv", "h264", "h264_qsv", "h264_cuvid", "hevc", "hevc_qsv", "hevc_cuvid", "mpeg2video", "mpeg2_qsv", "mpeg2_cuvid", "mpeg4", "mpeg4_cuvid", "msmpeg4", "vc1_qsv", "vc1_cuvid", "vp8", "libvpx", "vp8_cuvid", "vp8_qsv", "vp9", "libvpx-vp9", "vp9_cuvid", "vp9_qsv", "aac", "ac3", "ac4", "dca", "flac", "mp3", "truehd"]
[2026-09-12 21:08:45.155 +00:00] [INF] [13] MediaBrowser.MediaEncoding.Encoder.MediaEncoder: Available "encoders": ["libsvtav1", "av1_nvenc", "av1_qsv", "av1_amf", "av1_vaapi", "libx264", "h264_amf", "h264_nvenc", "h264_qsv", "h264_v4l2m2m", "h264_vaapi", "libx265", "hevc_amf", "hevc_nvenc", "hevc_qsv", "hevc_vaapi", "mjpeg_qsv", "mjpeg_vaapi", "aac", "libfdk_aac", "ac3", "alac", "dca", "flac", "libmp3lame", "libopus", "truehd", "libvorbis", "srt"]
[2026-09-12 21:08:45.173 +00:00] [INF] [13] MediaBrowser.MediaEncoding.Encoder.MediaEncoder: Available filters: ["bwdif_cuda", "bwdif_opencl", "deinterlace_qsv", "deinterlace_vaapi", "flip_vulkan", "hwupload_cuda", "hwupload_vaapi", "libplacebo", "overlay_opencl", "overlay_qsv", "overlay_vaapi", "overlay_vulkan", "overlay_cuda", "procamp_vaapi", "scale_cuda", "scale_opencl", "scale_qsv", "scale_vaapi", "scale_vulkan", "tonemapx", "tonemap_cuda", "tonemap_opencl", "tonemap_vaapi", "transpose_cuda", "transpose_opencl", "transpose_vaapi", "transpose_vulkan", "vpp_qsv", "yadif_cuda", "yadif_opencl", "zscale", "alphasrc"]
[2026-09-12 21:08:45.430 +00:00] [INF] [13] MediaBrowser.MediaEncoding.Encoder.MediaEncoder: Available hwaccel types: ["cuda", "vaapi", "qsv", "drm", "opencl", "vulkan", "amf"]
[2026-09-12 21:08:48.095 +00:00] [INF] [8] Emby.Server.Implementations.ScheduledTasks.TaskManager: "Clean Transcode Directory" Completed after 0 minute(s) and 0 seconds
[2026-09-12 21:08:48.712 +00:00] [INF] [7] Emby.Server.Implementations.ScheduledTasks.TaskManager: "Update Plugins" Completed after 0 minute(s) and 0 seconds
[2026-09-12 21:08:49.301 +00:00] [INF] [13] MediaBrowser.MediaEncoding.Encoder.MediaEncoder: FFmpeg: "/usr/lib/jellyfin-ffmpeg/ffmpeg"
[2026-09-12 21:08:49.302 +00:00] [INF] [13] Emby.Server.Implementations.ApplicationHost: ServerId: "47b857da57f142768a816987a44165cd"
[2026-09-12 21:08:49.302 +00:00] [INF] [13] Emby.Server.Implementations.ApplicationHost: Core startup complete
[2026-09-12 21:08:49.302 +00:00] [INF] [13] Main: Startup complete 0:00:11.1646142
[2026-09-12 21:23:33.047 +00:00] [INF] [25] Emby.Server.Implementations.Session.SessionManager: Sending shutdown notifications
[2026-09-12 21:23:33.108 +00:00] [INF] [24] Main: Optimizing the database... This might take a while
[2026-09-12 21:23:33.151 +00:00] [INF] [24] Jellyfin.Database.Providers.Sqlite.SqliteDatabaseProvider: jellyfin.db optimized successfully!
[2026-09-12 21:23:33.219 +00:00] [INF] [24] Emby.Server.Implementations.ApplicationHost: Disposing "CoreAppHost"
[2026-09-12 21:23:33.220 +00:00] [INF] [24] Emby.Server.Implementations.ApplicationHost: Disposing "Plugin"
[2026-09-12 21:23:40.896 +00:00] [INF] [1] Emby.Server.Implementations.AppBase.BaseConfigurationManager: Setting cache path: "/config/cache"
[2026-09-12 21:23:41.278 +00:00] [INF] [8] Jellyfin.Server.ServerSetupApp.SetupServer: Kestrel is listening on "all interfaces"
[2026-09-12 21:23:41.336 +00:00] [INF] [8] Main: Jellyfin version: "12.0.0"
[2026-09-12 21:23:41.345 +00:00] [INF] [8] Main: Environment Variables: ["[JELLYFIN_CONFIG_DIR, /config]", "[JELLYFIN_LOG_DIR, /config/log]", "[JELLYFIN_CACHE_DIR, /config/cache]", "[JELLYFIN_DATA_DIR, /config/data]", "[JELLYFIN_WEB_DIR, /usr/share/jellyfin/web]"]
[2026-09-12 21:23:41.350 +00:00] [INF] [8] Main: Arguments: ["/usr/lib/jellyfin/bin/jellyfin.dll", "--ffmpeg=/usr/lib/jellyfin-ffmpeg/ffmpeg"]
[2026-09-12 21:23:41.351 +00:00] [INF] [8] Main: Operating system: "Ubuntu 26.04.1 LTS"
[2026-09-12 21:23:41.351 +00:00] [INF] [8] Main: Architecture: X64
[2026-09-12 21:23:41.352 +00:00] [INF] [8] Main: 64-Bit Process: True
[2026-09-12 21:23:41.352 +00:00] [INF] [8] Main: User Interactive: True
[2026-09-12 21:23:41.352 +00:00] [INF] [8] Main: Processor count: 4
[2026-09-12 21:23:41.352 +00:00] [INF] [8] Main: Program data path: "/config/data"
[2026-09-12 21:23:41.352 +00:00] [INF] [8] Main: Log directory path: "/config/log"
[2026-09-12 21:23:41.352 +00:00] [INF] [8] Main: Config directory path: "/config"
[2026-09-12 21:23:41.352 +00:00] [INF] [8] Main: Cache path: "/config/cache"
[2026-09-12 21:23:41.352 +00:00] [INF] [8] Main: Temp directory path: "/tmp/jellyfin"
[2026-09-12 21:23:41.352 +00:00] [INF] [8] Main: Web resources path: "/usr/share/jellyfin/web"
[2026-09-12 21:23:41.352 +00:00] [INF] [8] Main: Application directory: "/usr/lib/jellyfin/bin/"
[2026-09-12 21:23:41.363 +00:00] [INF] [8] Jellyfin.Server.Startup: Storage path `"/config/data/data"` (Fixed) successfully checked with "208.9GiB" free which is over the minimum of "2GiB".
[2026-09-12 21:23:41.364 +00:00] [INF] [8] Jellyfin.Server.Startup: Storage path `"/config/cache"` (Fixed) successfully checked with "208.9GiB" free which is over the minimum of "2GiB".
[2026-09-12 21:23:41.367 +00:00] [INF] [8] Jellyfin.Server.Startup: Storage path `"/config/data"` (Fixed) successfully checked with "208.9GiB" free which is over the minimum of "2GiB".
[2026-09-12 21:23:41.371 +00:00] [INF] [8] Emby.Server.Implementations.AppBase.BaseConfigurationManager: Setting cache path: "/config/cache"
[2026-09-12 21:23:41.539 +00:00] [INF] [8] Jellyfin.Database.Providers.Sqlite.SqliteDatabaseProvider: SQLite connection string: "Data Source=/config/data/data/jellyfin.db;Cache=Private;Default Timeout=60;Pooling=True"
[2026-09-12 21:23:41.547 +00:00] [INF] [8] Jellyfin.Database.Providers.Sqlite.SqliteDatabaseProvider: SQLITE connection pragma command set to: 
"PRAGMA locking_mode=NORMAL;
PRAGMA journal_size_limit=134217728;
PRAGMA synchronous=1;
PRAGMA temp_store=2;
"
[2026-09-12 21:23:41.549 +00:00] [INF] [8] Jellyfin.Database.Implementations.Locking.NoLockBehavior: The database locking mode has been set to: NoLock.
[2026-09-12 21:23:41.595 +00:00] [INF] [8] Jellyfin.Server.Migrations.JellyfinMigrationService: Initialise Migration service.
[2026-09-12 21:23:41.596 +00:00] [INF] [8] Jellyfin.Server.Migrations.JellyfinMigrationService: System initialization detected. Seed data. Startup mode is: MediaServer
[2026-09-12 21:23:42.298 +00:00] [WRN] [7] Microsoft.Extensions.Diagnostics.HealthChecks.DefaultHealthCheckService: Health check "StartupCheck" with status Degraded completed after 0.9135ms with message '"Server is still starting up."'
[2026-09-12 21:23:43.358 +00:00] [WRN] [7] Microsoft.Extensions.Diagnostics.HealthChecks.DefaultHealthCheckService: Health check "StartupCheck" with status Degraded completed after 0.0621ms with message '"Server is still starting up."'
[2026-09-12 21:23:44.095 +00:00] [INF] [8] Jellyfin.Server.Migrations.JellyfinMigrationService: Migration system initialisation completed.
[2026-09-12 21:23:44.112 +00:00] [INF] [8] Emby.Server.Implementations.AppBase.BaseConfigurationManager: Setting cache path: "/config/cache"
[2026-09-12 21:23:44.129 +00:00] [INF] [8] Emby.Server.Implementations.ApplicationHost: Loading assemblies
[2026-09-12 21:23:44.175 +00:00] [INF] [8] Jellyfin.Networking.Manager.NetworkManager: Defined LAN subnets: ["::1/128", "fe80::/10", "fc00::/7", "127.0.0.0/8", "10.0.0.0/8", "172.16.0.0/12", "192.168.0.0/16"]
[2026-09-12 21:23:44.175 +00:00] [INF] [8] Jellyfin.Networking.Manager.NetworkManager: Defined LAN exclusions: []
[2026-09-12 21:23:44.178 +00:00] [INF] [8] Jellyfin.Networking.Manager.NetworkManager: Used LAN subnets: ["::1/128", "fe80::/10", "fc00::/7", "127.0.0.0/8", "10.0.0.0/8", "172.16.0.0/12", "192.168.0.0/16"]
[2026-09-12 21:23:44.179 +00:00] [INF] [8] Jellyfin.Networking.Manager.NetworkManager: Filtered interface addresses: []
[2026-09-12 21:23:44.180 +00:00] [INF] [8] Jellyfin.Networking.Manager.NetworkManager: Bind Addresses ["::"]
[2026-09-12 21:23:44.180 +00:00] [INF] [8] Jellyfin.Networking.Manager.NetworkManager: Remote IP filter is "Allowlist"
[2026-09-12 21:23:44.180 +00:00] [INF] [8] Jellyfin.Networking.Manager.NetworkManager: Filtered subnets: []
[2026-09-12 21:23:44.297 +00:00] [INF] [8] Jellyfin.Database.Providers.Sqlite.SqliteDatabaseProvider: SQLite connection string: "Data Source=/config/data/data/jellyfin.db;Cache=Private;Default Timeout=60;Pooling=True"
[2026-09-12 21:23:44.298 +00:00] [INF] [8] Jellyfin.Database.Providers.Sqlite.SqliteDatabaseProvider: SQLITE connection pragma command set to: 
"PRAGMA locking_mode=NORMAL;
PRAGMA journal_size_limit=134217728;
PRAGMA synchronous=1;
PRAGMA temp_store=2;
"
[2026-09-12 21:23:44.298 +00:00] [INF] [8] Jellyfin.Database.Implementations.Locking.NoLockBehavior: The database locking mode has been set to: NoLock.
[2026-09-12 21:23:44.348 +00:00] [INF] [8] Main: Prepare system for possible migrations
[2026-09-12 21:23:44.383 +00:00] [WRN] [7] Microsoft.Extensions.Diagnostics.HealthChecks.DefaultHealthCheckService: Health check "StartupCheck" with status Degraded completed after 0.0034ms with message '"Server is still starting up."'
[2026-09-12 21:23:44.542 +00:00] [INF] [8] Emby.Server.Implementations.Plugins.PluginManager: Loaded plugin: "TMDb" "12.0.0.0"
[2026-09-12 21:23:44.543 +00:00] [INF] [8] Emby.Server.Implementations.Plugins.PluginManager: Loaded plugin: "Studio Images" "12.0.0.0"
[2026-09-12 21:23:44.543 +00:00] [INF] [8] Emby.Server.Implementations.Plugins.PluginManager: Loaded plugin: "OMDb" "12.0.0.0"
[2026-09-12 21:23:44.557 +00:00] [INF] [8] Emby.Server.Implementations.Plugins.PluginManager: Loaded plugin: "MusicBrainz" "12.0.0.0"
[2026-09-12 21:23:44.557 +00:00] [INF] [8] Emby.Server.Implementations.Plugins.PluginManager: Loaded plugin: "ListenBrainz Similarity Provider" "12.0.0.0"
[2026-09-12 21:23:44.558 +00:00] [INF] [8] Emby.Server.Implementations.Plugins.PluginManager: Loaded plugin: "AudioDB" "12.0.0.0"
[2026-09-12 21:23:44.614 +00:00] [INF] [8] Emby.Server.Implementations.Library.Search.SearchManager: Registered 0 external search providers: "". Fallback providers: "Database (priority 100)"
[2026-09-12 21:23:44.898 +00:00] [INF] [7] Main: Kestrel is listening on "all interfaces"
[2026-09-12 21:23:45.782 +00:00] [WRN] [7] Microsoft.AspNetCore.StaticFiles.StaticFileMiddleware: The WebRootPath was not found: "/run/s6-rc:s6-rc-init:DabeGb/servicedirs/svc-jellyfin/wwwroot". Static files may be unavailable.
[2026-09-12 21:23:45.864 +00:00] [INF] [7] Emby.Server.Implementations.ApplicationHost: Running startup tasks
[2026-09-12 21:23:45.926 +00:00] [INF] [7] Emby.Server.Implementations.ScheduledTasks.TaskManager: Daily trigger for "Generate Trickplay Images" set to fire at 2026-09-13 03:00:00.000 +00:00, which is 05:36:14.0737875 from now.
[2026-09-12 21:23:45.929 +00:00] [INF] [7] Emby.Server.Implementations.ScheduledTasks.TaskManager: Daily trigger for "Extract Chapter Images" set to fire at 2026-09-13 02:00:00.000 +00:00, which is 04:36:14.0702367 from now.
[2026-09-12 21:23:45.968 +00:00] [INF] [7] MediaBrowser.MediaEncoding.Encoder.MediaEncoder: Found ffmpeg version "8.1.2"
[2026-09-12 21:23:46.001 +00:00] [INF] [7] MediaBrowser.MediaEncoding.Encoder.MediaEncoder: Available "decoders": ["libdav1d", "av1", "av1_cuvid", "av1_qsv", "h264", "h264_qsv", "h264_cuvid", "hevc", "hevc_qsv", "hevc_cuvid", "mpeg2video", "mpeg2_qsv", "mpeg2_cuvid", "mpeg4", "mpeg4_cuvid", "msmpeg4", "vc1_qsv", "vc1_cuvid", "vp8", "libvpx", "vp8_cuvid", "vp8_qsv", "vp9", "libvpx-vp9", "vp9_cuvid", "vp9_qsv", "aac", "ac3", "ac4", "dca", "flac", "mp3", "truehd"]
[2026-09-12 21:23:46.019 +00:00] [INF] [7] MediaBrowser.MediaEncoding.Encoder.MediaEncoder: Available "encoders": ["libsvtav1", "av1_nvenc", "av1_qsv", "av1_amf", "av1_vaapi", "libx264", "h264_amf", "h264_nvenc", "h264_qsv", "h264_v4l2m2m", "h264_vaapi", "libx265", "hevc_amf", "hevc_nvenc", "hevc_qsv", "hevc_vaapi", "mjpeg_qsv", "mjpeg_vaapi", "aac", "libfdk_aac", "ac3", "alac", "dca", "flac", "libmp3lame", "libopus", "truehd", "libvorbis", "srt"]
[2026-09-12 21:23:46.044 +00:00] [INF] [7] MediaBrowser.MediaEncoding.Encoder.MediaEncoder: Available filters: ["bwdif_cuda", "bwdif_opencl", "deinterlace_qsv", "deinterlace_vaapi", "flip_vulkan", "hwupload_cuda", "hwupload_vaapi", "libplacebo", "overlay_opencl", "overlay_qsv", "overlay_vaapi", "overlay_vulkan", "overlay_cuda", "procamp_vaapi", "scale_cuda", "scale_opencl", "scale_qsv", "scale_vaapi", "scale_vulkan", "tonemapx", "tonemap_cuda", "tonemap_opencl", "tonemap_vaapi", "transpose_cuda", "transpose_opencl", "transpose_vaapi", "transpose_vulkan", "vpp_qsv", "yadif_cuda", "yadif_opencl", "zscale", "alphasrc"]
[2026-09-12 21:23:46.261 +00:00] [INF] [7] MediaBrowser.MediaEncoding.Encoder.MediaEncoder: Available hwaccel types: ["cuda", "vaapi", "qsv", "drm", "opencl", "vulkan", "amf"]
[2026-09-12 21:23:48.956 +00:00] [INF] [19] Emby.Server.Implementations.ScheduledTasks.TaskManager: "Clean Transcode Directory" Completed after 0 minute(s) and 0 seconds
[2026-09-12 21:23:49.591 +00:00] [INF] [13] Emby.Server.Implementations.ScheduledTasks.TaskManager: "Update Plugins" Completed after 0 minute(s) and 0 seconds
[2026-09-12 21:23:50.091 +00:00] [INF] [7] MediaBrowser.MediaEncoding.Encoder.MediaEncoder: FFmpeg: "/usr/lib/jellyfin-ffmpeg/ffmpeg"
[2026-09-12 21:23:50.092 +00:00] [INF] [7] Emby.Server.Implementations.ApplicationHost: ServerId: "47b857da57f142768a816987a44165cd"
[2026-09-12 21:23:50.092 +00:00] [INF] [7] Emby.Server.Implementations.ApplicationHost: Core startup complete
[2026-09-12 21:23:50.092 +00:00] [INF] [7] Main: Startup complete 0:00:09.9203354
[2026-09-12 21:26:22.970 +00:00] [INF] [22] Emby.Server.Implementations.Session.SessionManager: Sending shutdown notifications
[2026-09-12 21:26:22.983 +00:00] [INF] [21] Main: Optimizing the database... This might take a while
[2026-09-12 21:26:23.018 +00:00] [INF] [21] Jellyfin.Database.Providers.Sqlite.SqliteDatabaseProvider: jellyfin.db optimized successfully!
[2026-09-12 21:26:23.070 +00:00] [INF] [21] Emby.Server.Implementations.ApplicationHost: Disposing "CoreAppHost"
[2026-09-12 21:26:23.070 +00:00] [INF] [21] Emby.Server.Implementations.ApplicationHost: Disposing "Plugin"
[2026-09-12 21:26:31.001 +00:00] [INF] [1] Emby.Server.Implementations.AppBase.BaseConfigurationManager: Setting cache path: "/config/cache"
[2026-09-12 21:26:31.299 +00:00] [INF] [7] Jellyfin.Server.ServerSetupApp.SetupServer: Kestrel is listening on "all interfaces"
[2026-09-12 21:26:31.342 +00:00] [INF] [7] Main: Jellyfin version: "12.0.0"
[2026-09-12 21:26:31.349 +00:00] [INF] [7] Main: Environment Variables: ["[JELLYFIN_LOG_DIR, /config/log]", "[JELLYFIN_CONFIG_DIR, /config]", "[JELLYFIN_WEB_DIR, /usr/share/jellyfin/web]", "[JELLYFIN_CACHE_DIR, /config/cache]", "[JELLYFIN_DATA_DIR, /config/data]"]
[2026-09-12 21:26:31.351 +00:00] [INF] [7] Main: Arguments: ["/usr/lib/jellyfin/bin/jellyfin.dll", "--ffmpeg=/usr/lib/jellyfin-ffmpeg/ffmpeg"]
[2026-09-12 21:26:31.352 +00:00] [INF] [7] Main: Operating system: "Ubuntu 26.04.1 LTS"
[2026-09-12 21:26:31.352 +00:00] [INF] [7] Main: Architecture: X64
[2026-09-12 21:26:31.353 +00:00] [INF] [7] Main: 64-Bit Process: True
[2026-09-12 21:26:31.353 +00:00] [INF] [7] Main: User Interactive: True
[2026-09-12 21:26:31.353 +00:00] [INF] [7] Main: Processor count: 4
[2026-09-12 21:26:31.353 +00:00] [INF] [7] Main: Program data path: "/config/data"
[2026-09-12 21:26:31.353 +00:00] [INF] [7] Main: Log directory path: "/config/log"
[2026-09-12 21:26:31.353 +00:00] [INF] [7] Main: Config directory path: "/config"
[2026-09-12 21:26:31.354 +00:00] [INF] [7] Main: Cache path: "/config/cache"
[2026-09-12 21:26:31.354 +00:00] [INF] [7] Main: Temp directory path: "/tmp/jellyfin"
[2026-09-12 21:26:31.354 +00:00] [INF] [7] Main: Web resources path: "/usr/share/jellyfin/web"
[2026-09-12 21:26:31.354 +00:00] [INF] [7] Main: Application directory: "/usr/lib/jellyfin/bin/"
[2026-09-12 21:26:31.360 +00:00] [INF] [7] Jellyfin.Server.Startup: Storage path `"/config/data/data"` (Fixed) successfully checked with "208.9GiB" free which is over the minimum of "2GiB".
[2026-09-12 21:26:31.363 +00:00] [INF] [7] Jellyfin.Server.Startup: Storage path `"/config/cache"` (Fixed) successfully checked with "208.9GiB" free which is over the minimum of "2GiB".
[2026-09-12 21:26:31.363 +00:00] [INF] [7] Jellyfin.Server.Startup: Storage path `"/config/data"` (Fixed) successfully checked with "208.9GiB" free which is over the minimum of "2GiB".
[2026-09-12 21:26:31.370 +00:00] [INF] [7] Emby.Server.Implementations.AppBase.BaseConfigurationManager: Setting cache path: "/config/cache"
[2026-09-12 21:26:31.491 +00:00] [WRN] [13] Microsoft.Extensions.Diagnostics.HealthChecks.DefaultHealthCheckService: Health check "StartupCheck" with status Degraded completed after 1.0678ms with message '"Server is still starting up."'
[2026-09-12 21:26:31.528 +00:00] [INF] [7] Jellyfin.Database.Providers.Sqlite.SqliteDatabaseProvider: SQLite connection string: "Data Source=/config/data/data/jellyfin.db;Cache=Private;Default Timeout=60;Pooling=True"
[2026-09-12 21:26:31.541 +00:00] [INF] [7] Jellyfin.Database.Providers.Sqlite.SqliteDatabaseProvider: SQLITE connection pragma command set to: 
"PRAGMA locking_mode=NORMAL;
PRAGMA journal_size_limit=134217728;
PRAGMA synchronous=1;
PRAGMA temp_store=2;
"
[2026-09-12 21:26:31.542 +00:00] [INF] [7] Jellyfin.Database.Implementations.Locking.NoLockBehavior: The database locking mode has been set to: NoLock.
[2026-09-12 21:26:31.587 +00:00] [INF] [7] Jellyfin.Server.Migrations.JellyfinMigrationService: Initialise Migration service.
[2026-09-12 21:26:31.588 +00:00] [INF] [7] Jellyfin.Server.Migrations.JellyfinMigrationService: System initialization detected. Seed data. Startup mode is: MediaServer
[2026-09-12 21:26:32.545 +00:00] [WRN] [14] Microsoft.Extensions.Diagnostics.HealthChecks.DefaultHealthCheckService: Health check "StartupCheck" with status Degraded completed after 0.051ms with message '"Server is still starting up."'
[2026-09-12 21:26:33.509 +00:00] [INF] [7] Jellyfin.Server.Migrations.JellyfinMigrationService: Migration system initialisation completed.
[2026-09-12 21:26:33.527 +00:00] [INF] [7] Emby.Server.Implementations.AppBase.BaseConfigurationManager: Setting cache path: "/config/cache"
[2026-09-12 21:26:33.563 +00:00] [INF] [7] Emby.Server.Implementations.ApplicationHost: Loading assemblies
[2026-09-12 21:26:33.631 +00:00] [WRN] [8] Microsoft.Extensions.Diagnostics.HealthChecks.DefaultHealthCheckService: Health check "StartupCheck" with status Degraded completed after 0.0049ms with message '"Server is still starting up."'
[2026-09-12 21:26:33.642 +00:00] [INF] [7] Jellyfin.Networking.Manager.NetworkManager: Defined LAN subnets: ["::1/128", "fe80::/10", "fc00::/7", "127.0.0.0/8", "10.0.0.0/8", "172.16.0.0/12", "192.168.0.0/16"]
[2026-09-12 21:26:33.642 +00:00] [INF] [7] Jellyfin.Networking.Manager.NetworkManager: Defined LAN exclusions: []
[2026-09-12 21:26:33.646 +00:00] [INF] [7] Jellyfin.Networking.Manager.NetworkManager: Used LAN subnets: ["::1/128", "fe80::/10", "fc00::/7", "127.0.0.0/8", "10.0.0.0/8", "172.16.0.0/12", "192.168.0.0/16"]
[2026-09-12 21:26:33.646 +00:00] [INF] [7] Jellyfin.Networking.Manager.NetworkManager: Filtered interface addresses: []
[2026-09-12 21:26:33.648 +00:00] [INF] [7] Jellyfin.Networking.Manager.NetworkManager: Bind Addresses ["::"]
[2026-09-12 21:26:33.649 +00:00] [INF] [7] Jellyfin.Networking.Manager.NetworkManager: Remote IP filter is "Allowlist"
[2026-09-12 21:26:33.649 +00:00] [INF] [7] Jellyfin.Networking.Manager.NetworkManager: Filtered subnets: []
[2026-09-12 21:26:33.922 +00:00] [INF] [7] Jellyfin.Database.Providers.Sqlite.SqliteDatabaseProvider: SQLite connection string: "Data Source=/config/data/data/jellyfin.db;Cache=Private;Default Timeout=60;Pooling=True"
[2026-09-12 21:26:33.923 +00:00] [INF] [7] Jellyfin.Database.Providers.Sqlite.SqliteDatabaseProvider: SQLITE connection pragma command set to: 
"PRAGMA locking_mode=NORMAL;
PRAGMA journal_size_limit=134217728;
PRAGMA synchronous=1;
PRAGMA temp_store=2;
"
[2026-09-12 21:26:33.923 +00:00] [INF] [7] Jellyfin.Database.Implementations.Locking.NoLockBehavior: The database locking mode has been set to: NoLock.
[2026-09-12 21:26:33.975 +00:00] [INF] [7] Main: Prepare system for possible migrations
[2026-09-12 21:26:34.196 +00:00] [INF] [7] Emby.Server.Implementations.Plugins.PluginManager: Loaded plugin: "TMDb" "12.0.0.0"
[2026-09-12 21:26:34.197 +00:00] [INF] [7] Emby.Server.Implementations.Plugins.PluginManager: Loaded plugin: "Studio Images" "12.0.0.0"
[2026-09-12 21:26:34.199 +00:00] [INF] [7] Emby.Server.Implementations.Plugins.PluginManager: Loaded plugin: "OMDb" "12.0.0.0"
[2026-09-12 21:26:34.218 +00:00] [INF] [7] Emby.Server.Implementations.Plugins.PluginManager: Loaded plugin: "MusicBrainz" "12.0.0.0"
[2026-09-12 21:26:34.218 +00:00] [INF] [7] Emby.Server.Implementations.Plugins.PluginManager: Loaded plugin: "ListenBrainz Similarity Provider" "12.0.0.0"
[2026-09-12 21:26:34.219 +00:00] [INF] [7] Emby.Server.Implementations.Plugins.PluginManager: Loaded plugin: "AudioDB" "12.0.0.0"
[2026-09-12 21:26:34.292 +00:00] [INF] [7] Emby.Server.Implementations.Library.Search.SearchManager: Registered 0 external search providers: "". Fallback providers: "Database (priority 100)"
[2026-09-12 21:26:34.623 +00:00] [INF] [8] Main: Kestrel is listening on "all interfaces"
[2026-09-12 21:26:35.568 +00:00] [WRN] [8] Microsoft.AspNetCore.StaticFiles.StaticFileMiddleware: The WebRootPath was not found: "/run/s6-rc:s6-rc-init:plclfO/servicedirs/svc-jellyfin/wwwroot". Static files may be unavailable.
[2026-09-12 21:26:35.643 +00:00] [INF] [8] Emby.Server.Implementations.ApplicationHost: Running startup tasks
[2026-09-12 21:26:35.732 +00:00] [INF] [8] Emby.Server.Implementations.ScheduledTasks.TaskManager: Daily trigger for "Generate Trickplay Images" set to fire at 2026-09-13 03:00:00.000 +00:00, which is 05:33:24.2674601 from now.
[2026-09-12 21:26:35.739 +00:00] [INF] [8] Emby.Server.Implementations.ScheduledTasks.TaskManager: Daily trigger for "Extract Chapter Images" set to fire at 2026-09-13 02:00:00.000 +00:00, which is 04:33:24.2603620 from now.
[2026-09-12 21:26:35.851 +00:00] [INF] [8] MediaBrowser.MediaEncoding.Encoder.MediaEncoder: Found ffmpeg version "8.1.2"
[2026-09-12 21:26:35.917 +00:00] [INF] [8] MediaBrowser.MediaEncoding.Encoder.MediaEncoder: Available "decoders": ["libdav1d", "av1", "av1_cuvid", "av1_qsv", "h264", "h264_qsv", "h264_cuvid", "hevc", "hevc_qsv", "hevc_cuvid", "mpeg2video", "mpeg2_qsv", "mpeg2_cuvid", "mpeg4", "mpeg4_cuvid", "msmpeg4", "vc1_qsv", "vc1_cuvid", "vp8", "libvpx", "vp8_cuvid", "vp8_qsv", "vp9", "libvpx-vp9", "vp9_cuvid", "vp9_qsv", "aac", "ac3", "ac4", "dca", "flac", "mp3", "truehd"]
[2026-09-12 21:26:35.935 +00:00] [INF] [8] MediaBrowser.MediaEncoding.Encoder.MediaEncoder: Available "encoders": ["libsvtav1", "av1_nvenc", "av1_qsv", "av1_amf", "av1_vaapi", "libx264", "h264_amf", "h264_nvenc", "h264_qsv", "h264_v4l2m2m", "h264_vaapi", "libx265", "hevc_amf", "hevc_nvenc", "hevc_qsv", "hevc_vaapi", "mjpeg_qsv", "mjpeg_vaapi", "aac", "libfdk_aac", "ac3", "alac", "dca", "flac", "libmp3lame", "libopus", "truehd", "libvorbis", "srt"]
[2026-09-12 21:26:35.974 +00:00] [INF] [8] MediaBrowser.MediaEncoding.Encoder.MediaEncoder: Available filters: ["bwdif_cuda", "bwdif_opencl", "deinterlace_qsv", "deinterlace_vaapi", "flip_vulkan", "hwupload_cuda", "hwupload_vaapi", "libplacebo", "overlay_opencl", "overlay_qsv", "overlay_vaapi", "overlay_vulkan", "overlay_cuda", "procamp_vaapi", "scale_cuda", "scale_opencl", "scale_qsv", "scale_vaapi", "scale_vulkan", "tonemapx", "tonemap_cuda", "tonemap_opencl", "tonemap_vaapi", "transpose_cuda", "transpose_opencl", "transpose_vaapi", "transpose_vulkan", "vpp_qsv", "yadif_cuda", "yadif_opencl", "zscale", "alphasrc"]
[2026-09-12 21:26:36.197 +00:00] [INF] [8] MediaBrowser.MediaEncoding.Encoder.MediaEncoder: Available hwaccel types: ["cuda", "vaapi", "qsv", "drm", "opencl", "vulkan", "amf"]
[2026-09-12 21:26:38.783 +00:00] [INF] [10] Emby.Server.Implementations.ScheduledTasks.TaskManager: "Clean Transcode Directory" Completed after 0 minute(s) and 0 seconds
[2026-09-12 21:26:39.386 +00:00] [INF] [7] Emby.Server.Implementations.ScheduledTasks.TaskManager: "Update Plugins" Completed after 0 minute(s) and 0 seconds
[2026-09-12 21:26:40.008 +00:00] [INF] [8] MediaBrowser.MediaEncoding.Encoder.MediaEncoder: FFmpeg: "/usr/lib/jellyfin-ffmpeg/ffmpeg"
[2026-09-12 21:26:40.009 +00:00] [INF] [8] Emby.Server.Implementations.ApplicationHost: ServerId: "47b857da57f142768a816987a44165cd"
[2026-09-12 21:26:40.009 +00:00] [INF] [8] Emby.Server.Implementations.ApplicationHost: Core startup complete
[2026-09-12 21:26:40.009 +00:00] [INF] [8] Main: Startup complete 0:00:09.5252237
[2026-09-12 21:38:30.539 +00:00] [INF] [26] Emby.Server.Implementations.Session.SessionManager: Sending shutdown notifications
[2026-09-12 21:38:30.587 +00:00] [INF] [24] Main: Optimizing the database... This might take a while
[2026-09-12 21:38:30.629 +00:00] [INF] [24] Jellyfin.Database.Providers.Sqlite.SqliteDatabaseProvider: jellyfin.db optimized successfully!
[2026-09-12 21:38:30.729 +00:00] [INF] [24] Emby.Server.Implementations.ApplicationHost: Disposing "CoreAppHost"
[2026-09-12 21:38:30.729 +00:00] [INF] [24] Emby.Server.Implementations.ApplicationHost: Disposing "Plugin"
[2026-09-12 21:44:23.840 +00:00] [INF] [1] Emby.Server.Implementations.AppBase.BaseConfigurationManager: Setting cache path: "/config/cache"
[2026-09-12 21:44:24.123 +00:00] [INF] [9] Jellyfin.Server.ServerSetupApp.SetupServer: Kestrel is listening on "all interfaces"
[2026-09-12 21:44:24.158 +00:00] [INF] [9] Main: Jellyfin version: "12.0.0"
[2026-09-12 21:44:24.162 +00:00] [INF] [9] Main: Environment Variables: ["[JELLYFIN_CACHE_DIR, /config/cache]", "[JELLYFIN_WEB_DIR, /usr/share/jellyfin/web]", "[JELLYFIN_DATA_DIR, /config/data]", "[JELLYFIN_LOG_DIR, /config/log]", "[JELLYFIN_CONFIG_DIR, /config]"]
[2026-09-12 21:44:24.165 +00:00] [INF] [9] Main: Arguments: ["/usr/lib/jellyfin/bin/jellyfin.dll", "--ffmpeg=/usr/lib/jellyfin-ffmpeg/ffmpeg"]
[2026-09-12 21:44:24.166 +00:00] [INF] [9] Main: Operating system: "Ubuntu 26.04.1 LTS"
[2026-09-12 21:44:24.166 +00:00] [INF] [9] Main: Architecture: X64
[2026-09-12 21:44:24.167 +00:00] [INF] [9] Main: 64-Bit Process: True
[2026-09-12 21:44:24.167 +00:00] [INF] [9] Main: User Interactive: True
[2026-09-12 21:44:24.167 +00:00] [INF] [9] Main: Processor count: 4
[2026-09-12 21:44:24.167 +00:00] [INF] [9] Main: Program data path: "/config/data"
[2026-09-12 21:44:24.167 +00:00] [INF] [9] Main: Log directory path: "/config/log"
[2026-09-12 21:44:24.168 +00:00] [INF] [9] Main: Config directory path: "/config"
[2026-09-12 21:44:24.168 +00:00] [INF] [9] Main: Cache path: "/config/cache"
[2026-09-12 21:44:24.168 +00:00] [INF] [9] Main: Temp directory path: "/tmp/jellyfin"
[2026-09-12 21:44:24.168 +00:00] [INF] [9] Main: Web resources path: "/usr/share/jellyfin/web"
[2026-09-12 21:44:24.168 +00:00] [INF] [9] Main: Application directory: "/usr/lib/jellyfin/bin/"
[2026-09-12 21:44:24.175 +00:00] [INF] [9] Jellyfin.Server.Startup: Storage path `"/config/data/data"` (Fixed) successfully checked with "207.7GiB" free which is over the minimum of "2GiB".
[2026-09-12 21:44:24.176 +00:00] [INF] [9] Jellyfin.Server.Startup: Storage path `"/config/cache"` (Fixed) successfully checked with "207.7GiB" free which is over the minimum of "2GiB".
[2026-09-12 21:44:24.176 +00:00] [INF] [9] Jellyfin.Server.Startup: Storage path `"/config/data"` (Fixed) successfully checked with "207.7GiB" free which is over the minimum of "2GiB".
[2026-09-12 21:44:24.180 +00:00] [INF] [9] Emby.Server.Implementations.AppBase.BaseConfigurationManager: Setting cache path: "/config/cache"
[2026-09-12 21:44:24.286 +00:00] [INF] [9] Jellyfin.Database.Providers.Sqlite.SqliteDatabaseProvider: SQLite connection string: "Data Source=/config/data/data/jellyfin.db;Cache=Private;Default Timeout=60;Pooling=True"
[2026-09-12 21:44:24.310 +00:00] [INF] [9] Jellyfin.Database.Providers.Sqlite.SqliteDatabaseProvider: SQLITE connection pragma command set to: 
"PRAGMA locking_mode=NORMAL;
PRAGMA journal_size_limit=134217728;
PRAGMA synchronous=1;
PRAGMA temp_store=2;
"
[2026-09-12 21:44:24.312 +00:00] [INF] [9] Jellyfin.Database.Implementations.Locking.NoLockBehavior: The database locking mode has been set to: NoLock.
[2026-09-12 21:44:24.369 +00:00] [INF] [9] Jellyfin.Server.Migrations.JellyfinMigrationService: Initialise Migration service.
[2026-09-12 21:44:24.370 +00:00] [INF] [9] Jellyfin.Server.Migrations.JellyfinMigrationService: System initialization detected. Seed data. Startup mode is: MediaServer
[2026-09-12 21:44:24.600 +00:00] [WRN] [14] Microsoft.Extensions.Diagnostics.HealthChecks.DefaultHealthCheckService: Health check "StartupCheck" with status Degraded completed after 1.6988ms with message '"Server is still starting up."'
[2026-09-12 21:44:25.707 +00:00] [WRN] [11] Microsoft.Extensions.Diagnostics.HealthChecks.DefaultHealthCheckService: Health check "StartupCheck" with status Degraded completed after 0.0574ms with message '"Server is still starting up."'
[2026-09-12 21:44:26.745 +00:00] [WRN] [10] Microsoft.Extensions.Diagnostics.HealthChecks.DefaultHealthCheckService: Health check "StartupCheck" with status Degraded completed after 0.0032ms with message '"Server is still starting up."'
[2026-09-12 21:44:27.298 +00:00] [INF] [9] Jellyfin.Server.Migrations.JellyfinMigrationService: Migration system initialisation completed.
[2026-09-12 21:44:27.318 +00:00] [INF] [9] Emby.Server.Implementations.AppBase.BaseConfigurationManager: Setting cache path: "/config/cache"
[2026-09-12 21:44:27.346 +00:00] [INF] [9] Emby.Server.Implementations.ApplicationHost: Loading assemblies
[2026-09-12 21:44:27.478 +00:00] [INF] [9] Jellyfin.Networking.Manager.NetworkManager: Defined LAN subnets: ["::1/128", "fe80::/10", "fc00::/7", "127.0.0.0/8", "10.0.0.0/8", "172.16.0.0/12", "192.168.0.0/16"]
[2026-09-12 21:44:27.479 +00:00] [INF] [9] Jellyfin.Networking.Manager.NetworkManager: Defined LAN exclusions: []
[2026-09-12 21:44:27.485 +00:00] [INF] [9] Jellyfin.Networking.Manager.NetworkManager: Used LAN subnets: ["::1/128", "fe80::/10", "fc00::/7", "127.0.0.0/8", "10.0.0.0/8", "172.16.0.0/12", "192.168.0.0/16"]
[2026-09-12 21:44:27.486 +00:00] [INF] [9] Jellyfin.Networking.Manager.NetworkManager: Filtered interface addresses: []
[2026-09-12 21:44:27.487 +00:00] [INF] [9] Jellyfin.Networking.Manager.NetworkManager: Bind Addresses ["::"]
[2026-09-12 21:44:27.487 +00:00] [INF] [9] Jellyfin.Networking.Manager.NetworkManager: Remote IP filter is "Allowlist"
[2026-09-12 21:44:27.487 +00:00] [INF] [9] Jellyfin.Networking.Manager.NetworkManager: Filtered subnets: []
[2026-09-12 21:44:27.776 +00:00] [WRN] [11] Microsoft.Extensions.Diagnostics.HealthChecks.DefaultHealthCheckService: Health check "StartupCheck" with status Degraded completed after 0.0016ms with message '"Server is still starting up."'
[2026-09-12 21:44:27.808 +00:00] [INF] [9] Jellyfin.Database.Providers.Sqlite.SqliteDatabaseProvider: SQLite connection string: "Data Source=/config/data/data/jellyfin.db;Cache=Private;Default Timeout=60;Pooling=True"
[2026-09-12 21:44:27.809 +00:00] [INF] [9] Jellyfin.Database.Providers.Sqlite.SqliteDatabaseProvider: SQLITE connection pragma command set to: 
"PRAGMA locking_mode=NORMAL;
PRAGMA journal_size_limit=134217728;
PRAGMA synchronous=1;
PRAGMA temp_store=2;
"
[2026-09-12 21:44:27.811 +00:00] [INF] [9] Jellyfin.Database.Implementations.Locking.NoLockBehavior: The database locking mode has been set to: NoLock.
[2026-09-12 21:44:27.933 +00:00] [INF] [9] Main: Prepare system for possible migrations
[2026-09-12 21:44:28.453 +00:00] [INF] [9] Emby.Server.Implementations.Plugins.PluginManager: Loaded plugin: "TMDb" "12.0.0.0"
[2026-09-12 21:44:28.454 +00:00] [INF] [9] Emby.Server.Implementations.Plugins.PluginManager: Loaded plugin: "Studio Images" "12.0.0.0"
[2026-09-12 21:44:28.454 +00:00] [INF] [9] Emby.Server.Implementations.Plugins.PluginManager: Loaded plugin: "OMDb" "12.0.0.0"
[2026-09-12 21:44:28.498 +00:00] [INF] [9] Emby.Server.Implementations.Plugins.PluginManager: Loaded plugin: "MusicBrainz" "12.0.0.0"
[2026-09-12 21:44:28.499 +00:00] [INF] [9] Emby.Server.Implementations.Plugins.PluginManager: Loaded plugin: "ListenBrainz Similarity Provider" "12.0.0.0"
[2026-09-12 21:44:28.502 +00:00] [INF] [9] Emby.Server.Implementations.Plugins.PluginManager: Loaded plugin: "AudioDB" "12.0.0.0"
[2026-09-12 21:44:28.645 +00:00] [INF] [9] Emby.Server.Implementations.Library.Search.SearchManager: Registered 0 external search providers: "". Fallback providers: "Database (priority 100)"
[2026-09-12 21:44:29.415 +00:00] [INF] [14] Main: Kestrel is listening on "all interfaces"
[2026-09-12 21:44:30.558 +00:00] [WRN] [14] Microsoft.AspNetCore.StaticFiles.StaticFileMiddleware: The WebRootPath was not found: "/run/s6-rc:s6-rc-init:McDBkm/servicedirs/svc-jellyfin/wwwroot". Static files may be unavailable.
[2026-09-12 21:44:30.665 +00:00] [INF] [14] Emby.Server.Implementations.ApplicationHost: Running startup tasks
[2026-09-12 21:44:30.746 +00:00] [INF] [14] Emby.Server.Implementations.ScheduledTasks.TaskManager: Daily trigger for "Generate Trickplay Images" set to fire at 2026-09-13 03:00:00.000 +00:00, which is 05:15:29.2539681 from now.
[2026-09-12 21:44:30.749 +00:00] [INF] [14] Emby.Server.Implementations.ScheduledTasks.TaskManager: Daily trigger for "Extract Chapter Images" set to fire at 2026-09-13 02:00:00.000 +00:00, which is 04:15:29.2502055 from now.
[2026-09-12 21:44:30.790 +00:00] [INF] [14] MediaBrowser.MediaEncoding.Encoder.MediaEncoder: Found ffmpeg version "8.1.2"
[2026-09-12 21:44:30.826 +00:00] [INF] [14] MediaBrowser.MediaEncoding.Encoder.MediaEncoder: Available "decoders": ["libdav1d", "av1", "av1_cuvid", "av1_qsv", "h264", "h264_qsv", "h264_cuvid", "hevc", "hevc_qsv", "hevc_cuvid", "mpeg2video", "mpeg2_qsv", "mpeg2_cuvid", "mpeg4", "mpeg4_cuvid", "msmpeg4", "vc1_qsv", "vc1_cuvid", "vp8", "libvpx", "vp8_cuvid", "vp8_qsv", "vp9", "libvpx-vp9", "vp9_cuvid", "vp9_qsv", "aac", "ac3", "ac4", "dca", "flac", "mp3", "truehd"]
[2026-09-12 21:44:30.847 +00:00] [INF] [14] MediaBrowser.MediaEncoding.Encoder.MediaEncoder: Available "encoders": ["libsvtav1", "av1_nvenc", "av1_qsv", "av1_amf", "av1_vaapi", "libx264", "h264_amf", "h264_nvenc", "h264_qsv", "h264_v4l2m2m", "h264_vaapi", "libx265", "hevc_amf", "hevc_nvenc", "hevc_qsv", "hevc_vaapi", "mjpeg_qsv", "mjpeg_vaapi", "aac", "libfdk_aac", "ac3", "alac", "dca", "flac", "libmp3lame", "libopus", "truehd", "libvorbis", "srt"]
[2026-09-12 21:44:30.875 +00:00] [INF] [14] MediaBrowser.MediaEncoding.Encoder.MediaEncoder: Available filters: ["bwdif_cuda", "bwdif_opencl", "deinterlace_qsv", "deinterlace_vaapi", "flip_vulkan", "hwupload_cuda", "hwupload_vaapi", "libplacebo", "overlay_opencl", "overlay_qsv", "overlay_vaapi", "overlay_vulkan", "overlay_cuda", "procamp_vaapi", "scale_cuda", "scale_opencl", "scale_qsv", "scale_vaapi", "scale_vulkan", "tonemapx", "tonemap_cuda", "tonemap_opencl", "tonemap_vaapi", "transpose_cuda", "transpose_opencl", "transpose_vaapi", "transpose_vulkan", "vpp_qsv", "yadif_cuda", "yadif_opencl", "zscale", "alphasrc"]
[2026-09-12 21:44:31.259 +00:00] [INF] [14] MediaBrowser.MediaEncoding.Encoder.MediaEncoder: Available hwaccel types: ["cuda", "vaapi", "qsv", "drm", "opencl", "vulkan", "amf"]
[2026-09-12 21:44:33.785 +00:00] [INF] [7] Emby.Server.Implementations.ScheduledTasks.TaskManager: "Clean Transcode Directory" Completed after 0 minute(s) and 0 seconds
[2026-09-12 21:44:34.503 +00:00] [INF] [11] Emby.Server.Implementations.ScheduledTasks.TaskManager: "Update Plugins" Completed after 0 minute(s) and 0 seconds
[2026-09-12 21:44:35.775 +00:00] [INF] [14] MediaBrowser.MediaEncoding.Encoder.MediaEncoder: FFmpeg: "/usr/lib/jellyfin-ffmpeg/ffmpeg"
[2026-09-12 21:44:35.776 +00:00] [INF] [14] Emby.Server.Implementations.ApplicationHost: ServerId: "47b857da57f142768a816987a44165cd"
[2026-09-12 21:44:35.776 +00:00] [INF] [14] Emby.Server.Implementations.ApplicationHost: Core startup complete
[2026-09-12 21:44:35.776 +00:00] [INF] [14] Main: Startup complete 0:00:12.2431262
[2026-09-12 21:58:14.035 +00:00] [INF] [35] Emby.Server.Implementations.Session.SessionManager: Sending shutdown notifications
[2026-09-12 21:58:14.054 +00:00] [INF] [33] Main: Optimizing the database... This might take a while
[2026-09-12 21:58:14.138 +00:00] [INF] [33] Jellyfin.Database.Providers.Sqlite.SqliteDatabaseProvider: jellyfin.db optimized successfully!
[2026-09-12 21:58:14.230 +00:00] [INF] [33] Emby.Server.Implementations.ApplicationHost: Disposing "CoreAppHost"
[2026-09-12 21:58:14.230 +00:00] [INF] [33] Emby.Server.Implementations.ApplicationHost: Disposing "Plugin"
[2026-09-12 21:58:22.036 +00:00] [INF] [1] Emby.Server.Implementations.AppBase.BaseConfigurationManager: Setting cache path: "/config/cache"
[2026-09-12 21:58:22.430 +00:00] [INF] [8] Jellyfin.Server.ServerSetupApp.SetupServer: Kestrel is listening on "all interfaces"
[2026-09-12 21:58:22.474 +00:00] [INF] [8] Main: Jellyfin version: "12.0.0"
[2026-09-12 21:58:22.483 +00:00] [INF] [8] Main: Environment Variables: ["[JELLYFIN_DATA_DIR, /config/data]", "[JELLYFIN_CACHE_DIR, /config/cache]", "[JELLYFIN_CONFIG_DIR, /config]", "[JELLYFIN_LOG_DIR, /config/log]", "[JELLYFIN_WEB_DIR, /usr/share/jellyfin/web]"]
[2026-09-12 21:58:22.487 +00:00] [INF] [8] Main: Arguments: ["/usr/lib/jellyfin/bin/jellyfin.dll", "--ffmpeg=/usr/lib/jellyfin-ffmpeg/ffmpeg"]
[2026-09-12 21:58:22.487 +00:00] [INF] [8] Main: Operating system: "Ubuntu 26.04.1 LTS"
[2026-09-12 21:58:22.488 +00:00] [INF] [8] Main: Architecture: X64
[2026-09-12 21:58:22.489 +00:00] [INF] [8] Main: 64-Bit Process: True
[2026-09-12 21:58:22.489 +00:00] [INF] [8] Main: User Interactive: True
[2026-09-12 21:58:22.489 +00:00] [INF] [8] Main: Processor count: 4
[2026-09-12 21:58:22.489 +00:00] [INF] [8] Main: Program data path: "/config/data"
[2026-09-12 21:58:22.489 +00:00] [INF] [8] Main: Log directory path: "/config/log"
[2026-09-12 21:58:22.489 +00:00] [INF] [8] Main: Config directory path: "/config"
[2026-09-12 21:58:22.489 +00:00] [INF] [8] Main: Cache path: "/config/cache"
[2026-09-12 21:58:22.490 +00:00] [INF] [8] Main: Temp directory path: "/tmp/jellyfin"
[2026-09-12 21:58:22.490 +00:00] [INF] [8] Main: Web resources path: "/usr/share/jellyfin/web"
[2026-09-12 21:58:22.490 +00:00] [INF] [8] Main: Application directory: "/usr/lib/jellyfin/bin/"
[2026-09-12 21:58:22.495 +00:00] [INF] [8] Jellyfin.Server.Startup: Storage path `"/config/data/data"` (Fixed) successfully checked with "206.6GiB" free which is over the minimum of "2GiB".
[2026-09-12 21:58:22.495 +00:00] [INF] [8] Jellyfin.Server.Startup: Storage path `"/config/cache"` (Fixed) successfully checked with "206.6GiB" free which is over the minimum of "2GiB".
[2026-09-12 21:58:22.496 +00:00] [INF] [8] Jellyfin.Server.Startup: Storage path `"/config/data"` (Fixed) successfully checked with "206.6GiB" free which is over the minimum of "2GiB".
[2026-09-12 21:58:22.500 +00:00] [INF] [8] Emby.Server.Implementations.AppBase.BaseConfigurationManager: Setting cache path: "/config/cache"
[2026-09-12 21:58:22.581 +00:00] [INF] [8] Jellyfin.Database.Providers.Sqlite.SqliteDatabaseProvider: SQLite connection string: "Data Source=/config/data/data/jellyfin.db;Cache=Private;Default Timeout=60;Pooling=True"
[2026-09-12 21:58:22.589 +00:00] [INF] [8] Jellyfin.Database.Providers.Sqlite.SqliteDatabaseProvider: SQLITE connection pragma command set to: 
"PRAGMA locking_mode=NORMAL;
PRAGMA journal_size_limit=134217728;
PRAGMA synchronous=1;
PRAGMA temp_store=2;
"
[2026-09-12 21:58:22.591 +00:00] [INF] [8] Jellyfin.Database.Implementations.Locking.NoLockBehavior: The database locking mode has been set to: NoLock.
[2026-09-12 21:58:22.648 +00:00] [INF] [8] Jellyfin.Server.Migrations.JellyfinMigrationService: Initialise Migration service.
[2026-09-12 21:58:22.649 +00:00] [INF] [8] Jellyfin.Server.Migrations.JellyfinMigrationService: System initialization detected. Seed data. Startup mode is: MediaServer
[2026-09-12 21:58:23.628 +00:00] [WRN] [7] Microsoft.Extensions.Diagnostics.HealthChecks.DefaultHealthCheckService: Health check "StartupCheck" with status Degraded completed after 3.3142ms with message '"Server is still starting up."'
[2026-09-12 21:58:24.976 +00:00] [WRN] [11] Microsoft.Extensions.Diagnostics.HealthChecks.DefaultHealthCheckService: Health check "StartupCheck" with status Degraded completed after 0.0555ms with message '"Server is still starting up."'
[2026-09-12 21:58:26.021 +00:00] [WRN] [13] Microsoft.Extensions.Diagnostics.HealthChecks.DefaultHealthCheckService: Health check "StartupCheck" with status Degraded completed after 0.0044ms with message '"Server is still starting up."'
[2026-09-12 21:58:26.789 +00:00] [INF] [8] Jellyfin.Server.Migrations.JellyfinMigrationService: Migration system initialisation completed.
[2026-09-12 21:58:26.828 +00:00] [INF] [8] Emby.Server.Implementations.AppBase.BaseConfigurationManager: Setting cache path: "/config/cache"
[2026-09-12 21:58:26.868 +00:00] [INF] [8] Emby.Server.Implementations.ApplicationHost: Loading assemblies
[2026-09-12 21:58:26.975 +00:00] [INF] [8] Jellyfin.Networking.Manager.NetworkManager: Defined LAN subnets: ["::1/128", "fe80::/10", "fc00::/7", "127.0.0.0/8", "10.0.0.0/8", "172.16.0.0/12", "192.168.0.0/16"]
[2026-09-12 21:58:26.976 +00:00] [INF] [8] Jellyfin.Networking.Manager.NetworkManager: Defined LAN exclusions: []
[2026-09-12 21:58:26.982 +00:00] [INF] [8] Jellyfin.Networking.Manager.NetworkManager: Used LAN subnets: ["::1/128", "fe80::/10", "fc00::/7", "127.0.0.0/8", "10.0.0.0/8", "172.16.0.0/12", "192.168.0.0/16"]
[2026-09-12 21:58:26.983 +00:00] [INF] [8] Jellyfin.Networking.Manager.NetworkManager: Filtered interface addresses: []
[2026-09-12 21:58:26.985 +00:00] [INF] [8] Jellyfin.Networking.Manager.NetworkManager: Bind Addresses ["::"]
[2026-09-12 21:58:26.985 +00:00] [INF] [8] Jellyfin.Networking.Manager.NetworkManager: Remote IP filter is "Allowlist"
[2026-09-12 21:58:26.985 +00:00] [INF] [8] Jellyfin.Networking.Manager.NetworkManager: Filtered subnets: []
[2026-09-12 21:58:27.063 +00:00] [WRN] [7] Microsoft.Extensions.Diagnostics.HealthChecks.DefaultHealthCheckService: Health check "StartupCheck" with status Degraded completed after 0.0026ms with message '"Server is still starting up."'
[2026-09-12 21:58:27.260 +00:00] [INF] [8] Jellyfin.Database.Providers.Sqlite.SqliteDatabaseProvider: SQLite connection string: "Data Source=/config/data/data/jellyfin.db;Cache=Private;Default Timeout=60;Pooling=True"
[2026-09-12 21:58:27.263 +00:00] [INF] [8] Jellyfin.Database.Providers.Sqlite.SqliteDatabaseProvider: SQLITE connection pragma command set to: 
"PRAGMA locking_mode=NORMAL;
PRAGMA journal_size_limit=134217728;
PRAGMA synchronous=1;
PRAGMA temp_store=2;
"
[2026-09-12 21:58:27.264 +00:00] [INF] [8] Jellyfin.Database.Implementations.Locking.NoLockBehavior: The database locking mode has been set to: NoLock.
[2026-09-12 21:58:27.430 +00:00] [INF] [8] Main: Prepare system for possible migrations
[2026-09-12 21:58:27.789 +00:00] [INF] [8] Emby.Server.Implementations.Plugins.PluginManager: Loaded plugin: "TMDb" "12.0.0.0"
[2026-09-12 21:58:27.790 +00:00] [INF] [8] Emby.Server.Implementations.Plugins.PluginManager: Loaded plugin: "Studio Images" "12.0.0.0"
[2026-09-12 21:58:27.791 +00:00] [INF] [8] Emby.Server.Implementations.Plugins.PluginManager: Loaded plugin: "OMDb" "12.0.0.0"
[2026-09-12 21:58:27.808 +00:00] [INF] [8] Emby.Server.Implementations.Plugins.PluginManager: Loaded plugin: "MusicBrainz" "12.0.0.0"
[2026-09-12 21:58:27.809 +00:00] [INF] [8] Emby.Server.Implementations.Plugins.PluginManager: Loaded plugin: "ListenBrainz Similarity Provider" "12.0.0.0"
[2026-09-12 21:58:27.809 +00:00] [INF] [8] Emby.Server.Implementations.Plugins.PluginManager: Loaded plugin: "AudioDB" "12.0.0.0"
[2026-09-12 21:58:27.878 +00:00] [INF] [8] Emby.Server.Implementations.Library.Search.SearchManager: Registered 0 external search providers: "". Fallback providers: "Database (priority 100)"
[2026-09-12 21:58:28.308 +00:00] [INF] [14] Main: Kestrel is listening on "all interfaces"
[2026-09-12 21:58:29.638 +00:00] [WRN] [14] Microsoft.AspNetCore.StaticFiles.StaticFileMiddleware: The WebRootPath was not found: "/run/s6-rc:s6-rc-init:lhdmdH/servicedirs/svc-jellyfin/wwwroot". Static files may be unavailable.
[2026-09-12 21:58:29.724 +00:00] [INF] [14] Emby.Server.Implementations.ApplicationHost: Running startup tasks
[2026-09-12 21:58:29.798 +00:00] [INF] [14] Emby.Server.Implementations.ScheduledTasks.TaskManager: Daily trigger for "Generate Trickplay Images" set to fire at 2026-09-13 03:00:00.000 +00:00, which is 05:01:30.2019492 from now.
[2026-09-12 21:58:29.802 +00:00] [INF] [14] Emby.Server.Implementations.ScheduledTasks.TaskManager: Daily trigger for "Extract Chapter Images" set to fire at 2026-09-13 02:00:00.000 +00:00, which is 04:01:30.1975148 from now.
[2026-09-12 21:58:29.853 +00:00] [INF] [14] MediaBrowser.MediaEncoding.Encoder.MediaEncoder: Found ffmpeg version "8.1.2"
[2026-09-12 21:58:29.891 +00:00] [INF] [14] MediaBrowser.MediaEncoding.Encoder.MediaEncoder: Available "decoders": ["libdav1d", "av1", "av1_cuvid", "av1_qsv", "h264", "h264_qsv", "h264_cuvid", "hevc", "hevc_qsv", "hevc_cuvid", "mpeg2video", "mpeg2_qsv", "mpeg2_cuvid", "mpeg4", "mpeg4_cuvid", "msmpeg4", "vc1_qsv", "vc1_cuvid", "vp8", "libvpx", "vp8_cuvid", "vp8_qsv", "vp9", "libvpx-vp9", "vp9_cuvid", "vp9_qsv", "aac", "ac3", "ac4", "dca", "flac", "mp3", "truehd"]
[2026-09-12 21:58:29.911 +00:00] [INF] [14] MediaBrowser.MediaEncoding.Encoder.MediaEncoder: Available "encoders": ["libsvtav1", "av1_nvenc", "av1_qsv", "av1_amf", "av1_vaapi", "libx264", "h264_amf", "h264_nvenc", "h264_qsv", "h264_v4l2m2m", "h264_vaapi", "libx265", "hevc_amf", "hevc_nvenc", "hevc_qsv", "hevc_vaapi", "mjpeg_qsv", "mjpeg_vaapi", "aac", "libfdk_aac", "ac3", "alac", "dca", "flac", "libmp3lame", "libopus", "truehd", "libvorbis", "srt"]
[2026-09-12 21:58:29.931 +00:00] [INF] [14] MediaBrowser.MediaEncoding.Encoder.MediaEncoder: Available filters: ["bwdif_cuda", "bwdif_opencl", "deinterlace_qsv", "deinterlace_vaapi", "flip_vulkan", "hwupload_cuda", "hwupload_vaapi", "libplacebo", "overlay_opencl", "overlay_qsv", "overlay_vaapi", "overlay_vulkan", "overlay_cuda", "procamp_vaapi", "scale_cuda", "scale_opencl", "scale_qsv", "scale_vaapi", "scale_vulkan", "tonemapx", "tonemap_cuda", "tonemap_opencl", "tonemap_vaapi", "transpose_cuda", "transpose_opencl", "transpose_vaapi", "transpose_vulkan", "vpp_qsv", "yadif_cuda", "yadif_opencl", "zscale", "alphasrc"]
[2026-09-12 21:58:30.202 +00:00] [INF] [14] MediaBrowser.MediaEncoding.Encoder.MediaEncoder: Available hwaccel types: ["cuda", "vaapi", "qsv", "drm", "opencl", "vulkan", "amf"]
[2026-09-12 21:58:32.834 +00:00] [INF] [13] Emby.Server.Implementations.ScheduledTasks.TaskManager: "Clean Transcode Directory" Completed after 0 minute(s) and 0 seconds
[2026-09-12 21:58:33.708 +00:00] [INF] [13] Emby.Server.Implementations.ScheduledTasks.TaskManager: "Update Plugins" Completed after 0 minute(s) and 0 seconds
[2026-09-12 21:58:34.679 +00:00] [INF] [14] MediaBrowser.MediaEncoding.Encoder.MediaEncoder: FFmpeg: "/usr/lib/jellyfin-ffmpeg/ffmpeg"
[2026-09-12 21:58:34.680 +00:00] [INF] [14] Emby.Server.Implementations.ApplicationHost: ServerId: "47b857da57f142768a816987a44165cd"
[2026-09-12 21:58:34.680 +00:00] [INF] [14] Emby.Server.Implementations.ApplicationHost: Core startup complete
[2026-09-12 21:58:34.680 +00:00] [INF] [14] Main: Startup complete 0:00:13.1679116
[2026-09-12 22:31:35.156 +00:00] [INF] [38] Jellyfin.Api.Auth.CustomAuthenticationHandler: "CustomAuthentication" was not authenticated. Failure message: "Invalid token."
[2026-09-12 22:31:35.167 +00:00] [WRN] [38] Jellyfin.Networking.Manager.NetworkManager: "::ffff:192.168.0.43": Only loopback "::1" returned, using that as bind address.
[2026-09-12 22:31:35.312 +00:00] [WRN] [32] Jellyfin.Networking.Manager.NetworkManager: "::ffff:192.168.0.43": Only loopback "::1" returned, using that as bind address.
[2026-09-12 22:31:41.269 +00:00] [WRN] [35] Jellyfin.Networking.Manager.NetworkManager: "::ffff:192.168.0.43": Only loopback "::1" returned, using that as bind address.
[2026-09-12 22:31:42.004 +00:00] [WRN] [32] Jellyfin.Networking.Manager.NetworkManager: "::ffff:192.168.0.43": Only loopback "::1" returned, using that as bind address.
[2026-09-12 22:31:42.073 +00:00] [WRN] [34] Jellyfin.Networking.Manager.NetworkManager: "::ffff:192.168.0.43": Only loopback "::1" returned, using that as bind address.
[2026-09-12 22:31:42.090 +00:00] [WRN] [32] Jellyfin.Networking.Manager.NetworkManager: "::ffff:192.168.0.43": Only loopback "::1" returned, using that as bind address.
[2026-09-12 22:31:42.097 +00:00] [ERR] [35] Jellyfin.Api.Middleware.ExceptionMiddleware: Error processing request: "Token is required". URL "GET" "/socket".
[2026-09-12 22:31:42.129 +00:00] [WRN] [34] Jellyfin.Networking.Manager.NetworkManager: "::ffff:192.168.0.43": Only loopback "::1" returned, using that as bind address.
[2026-09-12 22:31:42.176 +00:00] [WRN] [32] Jellyfin.Networking.Manager.NetworkManager: "::ffff:192.168.0.43": Only loopback "::1" returned, using that as bind address.
[2026-09-12 22:31:43.138 +00:00] [ERR] [31] Jellyfin.Api.Middleware.ExceptionMiddleware: Error processing request: "Token is required". URL "GET" "/socket".
[2026-09-12 22:31:45.510 +00:00] [ERR] [35] Jellyfin.Api.Middleware.ExceptionMiddleware: Error processing request: "Token is required". URL "GET" "/socket".
[2026-09-12 22:31:48.488 +00:00] [ERR] [40] Jellyfin.Api.Middleware.ExceptionMiddleware: Error processing request: "Token is required". URL "GET" "/socket".
[2026-09-12 22:31:51.885 +00:00] [ERR] [31] Jellyfin.Api.Middleware.ExceptionMiddleware: Error processing request: "Token is required". URL "GET" "/socket".
[2026-09-12 22:31:56.969 +00:00] [ERR] [34] Jellyfin.Api.Middleware.ExceptionMiddleware: Error processing request: "Token is required". URL "GET" "/socket".
[2026-09-12 22:31:57.479 +00:00] [INF] [34] Emby.Server.Implementations.AppBase.BaseConfigurationManager: Saving system configuration
[2026-09-12 22:31:57.480 +00:00] [INF] [34] Emby.Server.Implementations.AppBase.BaseConfigurationManager: Setting cache path: "/config/cache"
[2026-09-12 22:31:57.533 +00:00] [WRN] [40] Jellyfin.Networking.Manager.NetworkManager: "::ffff:192.168.0.43": Only loopback "::1" returned, using that as bind address.
[2026-09-12 22:31:57.579 +00:00] [WRN] [31] Jellyfin.Server.Implementations.Users.UserManager: No users, creating one with username "abc"
[2026-09-12 22:31:57.848 +00:00] [WRN] [31] Microsoft.EntityFrameworkCore.Query: The query uses the 'First'/'FirstOrDefault' operator without 'OrderBy' and filter operators. This may lead to unpredictable results.
[2026-09-12 22:32:04.586 +00:00] [ERR] [31] Jellyfin.Api.Middleware.ExceptionMiddleware: Error processing request: "Token is required". URL "GET" "/socket".
[2026-09-12 22:32:15.996 +00:00] [ERR] [40] Jellyfin.Api.Middleware.ExceptionMiddleware: Error processing request: "Token is required". URL "GET" "/socket".
[2026-09-12 22:32:24.970 +00:00] [WRN] [35] Jellyfin.Networking.Manager.NetworkManager: "::ffff:192.168.0.43": Only loopback "::1" returned, using that as bind address.
[2026-09-12 22:32:25.076 +00:00] [ERR] [35] Jellyfin.Api.Middleware.ExceptionMiddleware: Error processing request: "Token is required". URL "GET" "/socket".
[2026-09-12 22:32:34.483 +00:00] [ERR] [31] Jellyfin.Api.Middleware.ExceptionMiddleware: Error processing request: "Token is required". URL "GET" "/socket".
[2026-09-12 22:32:50.718 +00:00] [ERR] [31] Jellyfin.Api.Middleware.ExceptionMiddleware: Error processing request: "Token is required". URL "GET" "/socket".
[2026-09-12 22:33:12.952 +00:00] [ERR] [35] Jellyfin.Api.Middleware.ExceptionMiddleware: Error processing request: "Token is required". URL "GET" "/socket".
[2026-09-12 22:33:32.025 +00:00] [WRN] [29] MediaBrowser.Controller.Entities.BaseItem: Library folder "/data/tvshows" is inaccessible or empty, skipping
[2026-09-12 22:33:32.027 +00:00] [WRN] [29] MediaBrowser.Controller.Entities.BaseItem: Library folder "/config/data/data/playlists" is inaccessible or empty, skipping
[2026-09-12 22:33:44.975 +00:00] [ERR] [27] Jellyfin.Api.Middleware.ExceptionMiddleware: Error processing request: "Token is required". URL "GET" "/socket".
[2026-09-12 22:34:22.891 +00:00] [WRN] [27] MediaBrowser.Controller.Entities.BaseItem: Library folder "/data/movies" is inaccessible or empty, skipping
[2026-09-12 22:34:22.892 +00:00] [WRN] [27] MediaBrowser.Controller.Entities.BaseItem: Library folder "/data/tvshows" is inaccessible or empty, skipping
[2026-09-12 22:34:22.892 +00:00] [WRN] [27] MediaBrowser.Controller.Entities.BaseItem: Library folder "/config/data/data/playlists" is inaccessible or empty, skipping
[2026-09-12 22:34:31.130 +00:00] [WRN] [39] Jellyfin.Networking.Manager.NetworkManager: "::ffff:192.168.0.43": Only loopback "::1" returned, using that as bind address.
[2026-09-12 22:34:32.522 +00:00] [ERR] [27] Jellyfin.Api.Middleware.ExceptionMiddleware: Error processing request: "Token is required". URL "GET" "/socket".
[2026-09-12 22:34:34.548 +00:00] [INF] [38] Emby.Server.Implementations.AppBase.BaseConfigurationManager: Saving system configuration
[2026-09-12 22:34:34.548 +00:00] [INF] [38] Emby.Server.Implementations.AppBase.BaseConfigurationManager: Setting cache path: "/config/cache"
[2026-09-12 22:34:34.590 +00:00] [WRN] [37] Jellyfin.Networking.Manager.NetworkManager: "::ffff:192.168.0.43": Only loopback "::1" returned, using that as bind address.
[2026-09-12 22:34:47.866 +00:00] [INF] [37] Jellyfin.Networking.Manager.NetworkManager: Defined LAN subnets: ["::1/128", "fe80::/10", "fc00::/7", "127.0.0.0/8", "10.0.0.0/8", "172.16.0.0/12", "192.168.0.0/16"]
[2026-09-12 22:34:47.866 +00:00] [INF] [37] Jellyfin.Networking.Manager.NetworkManager: Defined LAN exclusions: []
[2026-09-12 22:34:47.866 +00:00] [INF] [37] Jellyfin.Networking.Manager.NetworkManager: Used LAN subnets: ["::1/128", "fe80::/10", "fc00::/7", "127.0.0.0/8", "10.0.0.0/8", "172.16.0.0/12", "192.168.0.0/16"]
[2026-09-12 22:34:47.866 +00:00] [INF] [37] Jellyfin.Networking.Manager.NetworkManager: Filtered interface addresses: []
[2026-09-12 22:34:47.867 +00:00] [INF] [37] Jellyfin.Networking.Manager.NetworkManager: Bind Addresses ["::"]
[2026-09-12 22:34:47.867 +00:00] [INF] [37] Jellyfin.Networking.Manager.NetworkManager: Remote IP filter is "Allowlist"
[2026-09-12 22:34:47.867 +00:00] [INF] [37] Jellyfin.Networking.Manager.NetworkManager: Filtered subnets: []
[2026-09-12 22:34:47.912 +00:00] [WRN] [27] Jellyfin.Networking.Manager.NetworkManager: "::ffff:192.168.0.43": Only loopback "::1" returned, using that as bind address.
[2026-09-12 22:34:49.733 +00:00] [INF] [27] Emby.Server.Implementations.AppBase.BaseConfigurationManager: Saving system configuration
[2026-09-12 22:34:49.734 +00:00] [INF] [27] Emby.Server.Implementations.AppBase.BaseConfigurationManager: Setting cache path: "/config/cache"
[2026-09-12 22:34:49.741 +00:00] [INF] [37] Emby.Server.Implementations.Library.LibraryManager: Validating media library
[2026-09-12 22:34:49.748 +00:00] [WRN] [37] MediaBrowser.Controller.Entities.BaseItem: Library folder "/data/movies" is inaccessible or empty, skipping
[2026-09-12 22:34:49.748 +00:00] [WRN] [37] MediaBrowser.Controller.Entities.BaseItem: Library folder "/data/tvshows" is inaccessible or empty, skipping
[2026-09-12 22:34:49.748 +00:00] [WRN] [37] MediaBrowser.Controller.Entities.BaseItem: Library folder "/config/data/data/playlists" is inaccessible or empty, skipping
[2026-09-12 22:34:49.775 +00:00] [WRN] [39] MediaBrowser.Controller.Entities.BaseItem: Library folder "/data/movies" is inaccessible or empty, skipping
[2026-09-12 22:34:49.775 +00:00] [WRN] [39] MediaBrowser.Controller.Entities.BaseItem: Library folder "/data/tvshows" is inaccessible or empty, skipping
[2026-09-12 22:34:49.775 +00:00] [WRN] [39] MediaBrowser.Controller.Entities.BaseItem: Library folder "/config/data/data/playlists" is inaccessible or empty, skipping
[2026-09-12 22:34:49.779 +00:00] [INF] [39] Emby.Server.Implementations.Library.LibraryManager: Running 8 post-scan task(s)
[2026-09-12 22:34:49.779 +00:00] [INF] [39] Emby.Server.Implementations.Library.LibraryManager: Running post-scan task 1/8: "SplashscreenPostScanTask"
[2026-09-12 22:34:49.816 +00:00] [INF] [39] Emby.Server.Implementations.Library.LibraryManager: Post-scan task "SplashscreenPostScanTask" completed after 0 minute(s) and 0 seconds
[2026-09-12 22:34:49.816 +00:00] [INF] [39] Emby.Server.Implementations.Library.LibraryManager: Running post-scan task 2/8: "ArtistsPostScanTask"
[2026-09-12 22:34:49.860 +00:00] [INF] [39] Emby.Server.Implementations.Library.Validators.ArtistsValidator: Refreshed metadata for 0 new artists out of 0 total
[2026-09-12 22:34:49.905 +00:00] [INF] [39] Emby.Server.Implementations.Library.LibraryManager: Post-scan task "ArtistsPostScanTask" completed after 0 minute(s) and 0 seconds
[2026-09-12 22:34:49.905 +00:00] [INF] [39] Emby.Server.Implementations.Library.LibraryManager: Running post-scan task 3/8: "CollectionPosterVerifyPostScanTask"
[2026-09-12 22:34:49.915 +00:00] [INF] [39] Emby.Server.Implementations.Library.LibraryManager: Post-scan task "CollectionPosterVerifyPostScanTask" completed after 0 minute(s) and 0 seconds
[2026-09-12 22:34:49.915 +00:00] [INF] [39] Emby.Server.Implementations.Library.LibraryManager: Running post-scan task 4/8: "CollectionPostScanTask"
[2026-09-12 22:34:49.917 +00:00] [INF] [39] Emby.Server.Implementations.Library.LibraryManager: Post-scan task "CollectionPostScanTask" completed after 0 minute(s) and 0 seconds
[2026-09-12 22:34:49.917 +00:00] [INF] [39] Emby.Server.Implementations.Library.LibraryManager: Running post-scan task 5/8: "GenresPostScanTask"
[2026-09-12 22:34:49.969 +00:00] [INF] [39] Emby.Server.Implementations.Library.Validators.GenresValidator: Refreshed metadata for 0 new genres out of 0 total
[2026-09-12 22:34:50.016 +00:00] [INF] [39] Emby.Server.Implementations.Library.LibraryManager: Post-scan task "GenresPostScanTask" completed after 0 minute(s) and 0 seconds
[2026-09-12 22:34:50.016 +00:00] [INF] [39] Emby.Server.Implementations.Library.LibraryManager: Running post-scan task 6/8: "MusicGenresPostScanTask"
[2026-09-12 22:34:50.021 +00:00] [INF] [39] Emby.Server.Implementations.Library.Validators.MusicGenresValidator: Refreshed metadata for 0 new music genres out of 0 total
[2026-09-12 22:34:50.021 +00:00] [INF] [39] Emby.Server.Implementations.Library.LibraryManager: Post-scan task "MusicGenresPostScanTask" completed after 0 minute(s) and 0 seconds
[2026-09-12 22:34:50.021 +00:00] [INF] [39] Emby.Server.Implementations.Library.LibraryManager: Running post-scan task 7/8: "StudiosPostScanTask"
[2026-09-12 22:34:50.027 +00:00] [INF] [39] Emby.Server.Implementations.Library.Validators.StudiosValidator: Refreshed metadata for 0 new studios out of 0 total
[2026-09-12 22:34:50.074 +00:00] [INF] [39] Emby.Server.Implementations.Library.LibraryManager: Post-scan task "StudiosPostScanTask" completed after 0 minute(s) and 0 seconds
[2026-09-12 22:34:50.074 +00:00] [INF] [39] Emby.Server.Implementations.Library.LibraryManager: Running post-scan task 8/8: "CleanDatabaseScheduledTask"
[2026-09-12 22:34:50.141 +00:00] [INF] [39] Emby.Server.Implementations.Library.LibraryManager: Post-scan task "CleanDatabaseScheduledTask" completed after 0 minute(s) and 0 seconds
[2026-09-12 22:34:50.141 +00:00] [INF] [39] Emby.Server.Implementations.Library.LibraryManager: All post-scan tasks completed after 0 minute(s) and 0 seconds
[2026-09-12 22:34:50.148 +00:00] [INF] [39] Emby.Server.Implementations.ScheduledTasks.TaskManager: "Scan Media Library" Completed after 0 minute(s) and 0 seconds
[2026-09-12 22:34:50.517 +00:00] [WRN] [39] Jellyfin.Networking.Manager.NetworkManager: "::ffff:192.168.0.43": Only loopback "::1" returned, using that as bind address.
[2026-09-12 22:34:50.698 +00:00] [WRN] [38] Jellyfin.Networking.Manager.NetworkManager: "::ffff:192.168.0.43": Only loopback "::1" returned, using that as bind address.
[2026-09-12 22:34:50.710 +00:00] [WRN] [39] Jellyfin.Networking.Manager.NetworkManager: "::ffff:192.168.0.43": Only loopback "::1" returned, using that as bind address.
[2026-09-12 22:34:50.821 +00:00] [INF] [39] Jellyfin.Api.Auth.CustomAuthenticationHandler: "CustomAuthentication" was not authenticated. Failure message: "Invalid token."
[2026-09-12 22:34:59.732 +00:00] [INF] [39] Jellyfin.Server.Implementations.Users.UserManager: Authentication request for "admin" has succeeded.
[2026-09-12 22:34:59.733 +00:00] [INF] [39] Emby.Server.Implementations.Session.SessionManager: Current/Max sessions for user "admin": 0/0
[2026-09-12 22:34:59.734 +00:00] [INF] [39] Emby.Server.Implementations.Session.SessionManager: Creating new access token for user 8c63ca3e-f2b7-40be-9586-b23d2e47a171
[2026-09-12 22:35:00.362 +00:00] [WRN] [36] Jellyfin.Networking.Manager.NetworkManager: "::ffff:192.168.0.43": Only loopback "::1" returned, using that as bind address.
[2026-09-12 22:35:32.553 +00:00] [INF] [27] Emby.Server.Implementations.HttpServer.WebSocketManager: WS "::ffff:192.168.0.43" request
[2026-09-12 22:35:32.574 +00:00] [INF] [35] Emby.Server.Implementations.HttpServer.WebSocketManager: WS "::ffff:192.168.0.43" request
[2026-09-12 22:36:32.563 +00:00] [INF] [35] Emby.Server.Implementations.Session.SessionWebSocketListener: Lost 1 WebSockets.
[2026-09-12 22:37:46.017 +00:00] [WRN] [7] Jellyfin.Networking.Manager.NetworkManager: "::ffff:192.168.0.43": Only loopback "::1" returned, using that as bind address.
[2026-09-12 22:37:46.883 +00:00] [INF] [32] Emby.Server.Implementations.HttpServer.WebSocketManager: WS "::ffff:192.168.0.43" closed
[2026-09-12 22:37:47.033 +00:00] [INF] [26] Emby.Server.Implementations.HttpServer.WebSocketManager: WS "::ffff:192.168.0.43" closed
[2026-09-12 22:37:48.899 +00:00] [WRN] [8] Jellyfin.Networking.Manager.NetworkManager: "::ffff:192.168.0.43": Only loopback "::1" returned, using that as bind address.
[2026-09-12 22:37:48.954 +00:00] [WRN] [32] Jellyfin.Networking.Manager.NetworkManager: "::ffff:192.168.0.43": Only loopback "::1" returned, using that as bind address.
[2026-09-12 22:37:48.983 +00:00] [WRN] [32] Jellyfin.Networking.Manager.NetworkManager: "::ffff:192.168.0.43": Only loopback "::1" returned, using that as bind address.
[2026-09-12 22:37:49.019 +00:00] [INF] [26] Emby.Server.Implementations.HttpServer.WebSocketManager: WS "::ffff:192.168.0.43" request
[2026-09-12 22:37:49.831 +00:00] [INF] [11] Emby.Server.Implementations.HttpServer.WebSocketManager: WS "::ffff:192.168.0.43" closed
[2026-09-12 22:39:46.716 +00:00] [WRN] [13] Jellyfin.Networking.Manager.NetworkManager: "::ffff:192.168.0.43": Only loopback "::1" returned, using that as bind address.
[2026-09-12 22:39:46.843 +00:00] [WRN] [13] Jellyfin.Networking.Manager.NetworkManager: "::ffff:192.168.0.43": Only loopback "::1" returned, using that as bind address.
[2026-09-12 22:39:46.868 +00:00] [WRN] [13] Jellyfin.Networking.Manager.NetworkManager: "::ffff:192.168.0.43": Only loopback "::1" returned, using that as bind address.
[2026-09-12 22:39:46.896 +00:00] [INF] [24] Emby.Server.Implementations.HttpServer.WebSocketManager: WS "::ffff:192.168.0.43" request
[2026-09-12 22:39:47.085 +00:00] [WRN] [18] Jellyfin.Networking.Manager.NetworkManager: "::ffff:192.168.0.43": Only loopback "::1" returned, using that as bind address.
[2026-09-12 22:41:33.387 +00:00] [INF] [25] Emby.Server.Implementations.Session.SessionManager: Sending shutdown notifications
[2026-09-12 22:41:33.431 +00:00] [INF] [33] Emby.Server.Implementations.HttpServer.WebSocketManager: WS "::ffff:192.168.0.43" closed
[2026-09-12 22:41:33.529 +00:00] [INF] [32] Main: Optimizing the database... This might take a while
[2026-09-12 22:41:33.629 +00:00] [INF] [32] Jellyfin.Database.Providers.Sqlite.SqliteDatabaseProvider: jellyfin.db optimized successfully!
[2026-09-12 22:41:33.691 +00:00] [INF] [32] Emby.Server.Implementations.ApplicationHost: Disposing "CoreAppHost"
[2026-09-12 22:41:33.691 +00:00] [INF] [32] Emby.Server.Implementations.ApplicationHost: Disposing "Plugin"
[2026-09-12 22:41:40.756 +00:00] [INF] [1] Emby.Server.Implementations.AppBase.BaseConfigurationManager: Setting cache path: "/config/cache"
[2026-09-12 22:41:41.672 +00:00] [INF] [8] Jellyfin.Server.ServerSetupApp.SetupServer: Kestrel is listening on "all interfaces"
[2026-09-12 22:41:41.770 +00:00] [INF] [8] Main: Jellyfin version: "12.0.0"
[2026-09-12 22:41:41.793 +00:00] [INF] [8] Main: Environment Variables: ["[JELLYFIN_DATA_DIR, /config/data]", "[JELLYFIN_LOG_DIR, /config/log]", "[JELLYFIN_WEB_DIR, /usr/share/jellyfin/web]", "[JELLYFIN_CONFIG_DIR, /config]", "[JELLYFIN_CACHE_DIR, /config/cache]"]
[2026-09-12 22:41:41.808 +00:00] [INF] [8] Main: Arguments: ["/usr/lib/jellyfin/bin/jellyfin.dll", "--ffmpeg=/usr/lib/jellyfin-ffmpeg/ffmpeg"]
[2026-09-12 22:41:41.809 +00:00] [INF] [8] Main: Operating system: "Ubuntu 26.04.1 LTS"
[2026-09-12 22:41:41.809 +00:00] [INF] [8] Main: Architecture: X64
[2026-09-12 22:41:41.822 +00:00] [INF] [8] Main: 64-Bit Process: True
[2026-09-12 22:41:41.822 +00:00] [INF] [8] Main: User Interactive: True
[2026-09-12 22:41:41.822 +00:00] [INF] [8] Main: Processor count: 4
[2026-09-12 22:41:41.822 +00:00] [INF] [8] Main: Program data path: "/config/data"
[2026-09-12 22:41:41.822 +00:00] [INF] [8] Main: Log directory path: "/config/log"
[2026-09-12 22:41:41.822 +00:00] [INF] [8] Main: Config directory path: "/config"
[2026-09-12 22:41:41.823 +00:00] [INF] [8] Main: Cache path: "/config/cache"
[2026-09-12 22:41:41.823 +00:00] [INF] [8] Main: Temp directory path: "/tmp/jellyfin"
[2026-09-12 22:41:41.823 +00:00] [INF] [8] Main: Web resources path: "/usr/share/jellyfin/web"
[2026-09-12 22:41:41.823 +00:00] [INF] [8] Main: Application directory: "/usr/lib/jellyfin/bin/"
[2026-09-12 22:41:41.840 +00:00] [INF] [8] Jellyfin.Server.Startup: Storage path `"/config/data/data"` (Fixed) successfully checked with "206.7GiB" free which is over the minimum of "2GiB".
[2026-09-12 22:41:41.841 +00:00] [INF] [8] Jellyfin.Server.Startup: Storage path `"/config/cache"` (Fixed) successfully checked with "206.7GiB" free which is over the minimum of "2GiB".
[2026-09-12 22:41:41.841 +00:00] [INF] [8] Jellyfin.Server.Startup: Storage path `"/config/data"` (Fixed) successfully checked with "206.7GiB" free which is over the minimum of "2GiB".
[2026-09-12 22:41:41.853 +00:00] [INF] [8] Emby.Server.Implementations.AppBase.BaseConfigurationManager: Setting cache path: "/config/cache"
[2026-09-12 22:41:41.955 +00:00] [INF] [8] Jellyfin.Database.Providers.Sqlite.SqliteDatabaseProvider: SQLite connection string: "Data Source=/config/data/data/jellyfin.db;Cache=Private;Default Timeout=60;Pooling=True"
[2026-09-12 22:41:41.965 +00:00] [INF] [8] Jellyfin.Database.Providers.Sqlite.SqliteDatabaseProvider: SQLITE connection pragma command set to: 
"PRAGMA locking_mode=NORMAL;
PRAGMA journal_size_limit=134217728;
PRAGMA synchronous=1;
PRAGMA temp_store=2;
"
[2026-09-12 22:41:41.968 +00:00] [INF] [8] Jellyfin.Database.Implementations.Locking.NoLockBehavior: The database locking mode has been set to: NoLock.
[2026-09-12 22:41:42.017 +00:00] [INF] [8] Jellyfin.Server.Migrations.JellyfinMigrationService: Initialise Migration service.
[2026-09-12 22:41:42.832 +00:00] [WRN] [7] Microsoft.Extensions.Diagnostics.HealthChecks.DefaultHealthCheckService: Health check "StartupCheck" with status Degraded completed after 0.956ms with message '"Server is still starting up."'
[2026-09-12 22:41:43.934 +00:00] [WRN] [10] Microsoft.Extensions.Diagnostics.HealthChecks.DefaultHealthCheckService: Health check "StartupCheck" with status Degraded completed after 0.0514ms with message '"Server is still starting up."'
[2026-09-12 22:41:45.001 +00:00] [WRN] [14] Microsoft.Extensions.Diagnostics.HealthChecks.DefaultHealthCheckService: Health check "StartupCheck" with status Degraded completed after 0.0029ms with message '"Server is still starting up."'
[2026-09-12 22:41:45.046 +00:00] [INF] [8] Emby.Server.Implementations.AppBase.BaseConfigurationManager: Setting cache path: "/config/cache"
[2026-09-12 22:41:45.064 +00:00] [INF] [8] Emby.Server.Implementations.ApplicationHost: Loading assemblies
[2026-09-12 22:41:45.155 +00:00] [INF] [8] Jellyfin.Networking.Manager.NetworkManager: Defined LAN subnets: ["::1/128", "fe80::/10", "fc00::/7", "127.0.0.0/8", "10.0.0.0/8", "172.16.0.0/12", "192.168.0.0/16"]
[2026-09-12 22:41:45.156 +00:00] [INF] [8] Jellyfin.Networking.Manager.NetworkManager: Defined LAN exclusions: []
[2026-09-12 22:41:45.165 +00:00] [INF] [8] Jellyfin.Networking.Manager.NetworkManager: Used LAN subnets: ["::1/128", "fe80::/10", "fc00::/7", "127.0.0.0/8", "10.0.0.0/8", "172.16.0.0/12", "192.168.0.0/16"]
[2026-09-12 22:41:45.166 +00:00] [INF] [8] Jellyfin.Networking.Manager.NetworkManager: Filtered interface addresses: []
[2026-09-12 22:41:45.167 +00:00] [INF] [8] Jellyfin.Networking.Manager.NetworkManager: Bind Addresses ["::"]
[2026-09-12 22:41:45.167 +00:00] [INF] [8] Jellyfin.Networking.Manager.NetworkManager: Remote IP filter is "Allowlist"
[2026-09-12 22:41:45.167 +00:00] [INF] [8] Jellyfin.Networking.Manager.NetworkManager: Filtered subnets: []
[2026-09-12 22:41:45.337 +00:00] [INF] [8] Jellyfin.Database.Providers.Sqlite.SqliteDatabaseProvider: SQLite connection string: "Data Source=/config/data/data/jellyfin.db;Cache=Private;Default Timeout=60;Pooling=True"
[2026-09-12 22:41:45.338 +00:00] [INF] [8] Jellyfin.Database.Providers.Sqlite.SqliteDatabaseProvider: SQLITE connection pragma command set to: 
"PRAGMA locking_mode=NORMAL;
PRAGMA journal_size_limit=134217728;
PRAGMA synchronous=1;
PRAGMA temp_store=2;
"
[2026-09-12 22:41:45.338 +00:00] [INF] [8] Jellyfin.Database.Implementations.Locking.NoLockBehavior: The database locking mode has been set to: NoLock.
[2026-09-12 22:41:45.464 +00:00] [INF] [8] Main: Prepare system for possible migrations
[2026-09-12 22:41:45.778 +00:00] [INF] [8] Emby.Server.Implementations.Plugins.PluginManager: Loaded plugin: "TMDb" "12.0.0.0"
[2026-09-12 22:41:45.780 +00:00] [INF] [8] Emby.Server.Implementations.Plugins.PluginManager: Loaded plugin: "Studio Images" "12.0.0.0"
[2026-09-12 22:41:45.783 +00:00] [INF] [8] Emby.Server.Implementations.Plugins.PluginManager: Loaded plugin: "OMDb" "12.0.0.0"
[2026-09-12 22:41:45.802 +00:00] [INF] [8] Emby.Server.Implementations.Plugins.PluginManager: Loaded plugin: "MusicBrainz" "12.0.0.0"
[2026-09-12 22:41:45.802 +00:00] [INF] [8] Emby.Server.Implementations.Plugins.PluginManager: Loaded plugin: "ListenBrainz Similarity Provider" "12.0.0.0"
[2026-09-12 22:41:45.803 +00:00] [INF] [8] Emby.Server.Implementations.Plugins.PluginManager: Loaded plugin: "AudioDB" "12.0.0.0"
[2026-09-12 22:41:45.882 +00:00] [INF] [8] Emby.Server.Implementations.Library.Search.SearchManager: Registered 0 external search providers: "". Fallback providers: "Database (priority 100)"
[2026-09-12 22:41:46.753 +00:00] [INF] [10] Main: Kestrel is listening on "all interfaces"
[2026-09-12 22:41:48.455 +00:00] [WRN] [10] Microsoft.AspNetCore.StaticFiles.StaticFileMiddleware: The WebRootPath was not found: "/run/s6-rc:s6-rc-init:oDhKdf/servicedirs/svc-jellyfin/wwwroot". Static files may be unavailable.
[2026-09-12 22:41:48.569 +00:00] [INF] [10] Emby.Server.Implementations.ApplicationHost: Running startup tasks
[2026-09-12 22:41:48.597 +00:00] [INF] [10] Emby.Server.Implementations.ScheduledTasks.TaskManager: Daily trigger for "Generate Trickplay Images" set to fire at 2026-09-13 03:00:00.000 +00:00, which is 04:18:11.4030454 from now.
[2026-09-12 22:41:48.601 +00:00] [INF] [10] Emby.Server.Implementations.ScheduledTasks.TaskManager: Daily trigger for "Extract Chapter Images" set to fire at 2026-09-13 02:00:00.000 +00:00, which is 03:18:11.3981297 from now.
[2026-09-12 22:41:48.723 +00:00] [INF] [10] MediaBrowser.MediaEncoding.Encoder.MediaEncoder: Found ffmpeg version "8.1.2"
[2026-09-12 22:41:48.960 +00:00] [INF] [10] MediaBrowser.MediaEncoding.Encoder.MediaEncoder: Available "decoders": ["libdav1d", "av1", "av1_cuvid", "av1_qsv", "h264", "h264_qsv", "h264_cuvid", "hevc", "hevc_qsv", "hevc_cuvid", "mpeg2video", "mpeg2_qsv", "mpeg2_cuvid", "mpeg4", "mpeg4_cuvid", "msmpeg4", "vc1_qsv", "vc1_cuvid", "vp8", "libvpx", "vp8_cuvid", "vp8_qsv", "vp9", "libvpx-vp9", "vp9_cuvid", "vp9_qsv", "aac", "ac3", "ac4", "dca", "flac", "mp3", "truehd"]
[2026-09-12 22:41:48.994 +00:00] [INF] [10] MediaBrowser.MediaEncoding.Encoder.MediaEncoder: Available "encoders": ["libsvtav1", "av1_nvenc", "av1_qsv", "av1_amf", "av1_vaapi", "libx264", "h264_amf", "h264_nvenc", "h264_qsv", "h264_v4l2m2m", "h264_vaapi", "libx265", "hevc_amf", "hevc_nvenc", "hevc_qsv", "hevc_vaapi", "mjpeg_qsv", "mjpeg_vaapi", "aac", "libfdk_aac", "ac3", "alac", "dca", "flac", "libmp3lame", "libopus", "truehd", "libvorbis", "srt"]
[2026-09-12 22:41:49.045 +00:00] [INF] [10] MediaBrowser.MediaEncoding.Encoder.MediaEncoder: Available filters: ["bwdif_cuda", "bwdif_opencl", "deinterlace_qsv", "deinterlace_vaapi", "flip_vulkan", "hwupload_cuda", "hwupload_vaapi", "libplacebo", "overlay_opencl", "overlay_qsv", "overlay_vaapi", "overlay_vulkan", "overlay_cuda", "procamp_vaapi", "scale_cuda", "scale_opencl", "scale_qsv", "scale_vaapi", "scale_vulkan", "tonemapx", "tonemap_cuda", "tonemap_opencl", "tonemap_vaapi", "transpose_cuda", "transpose_opencl", "transpose_vaapi", "transpose_vulkan", "vpp_qsv", "yadif_cuda", "yadif_opencl", "zscale", "alphasrc"]
[2026-09-12 22:41:49.919 +00:00] [INF] [10] MediaBrowser.MediaEncoding.Encoder.MediaEncoder: Available hwaccel types: ["cuda", "vaapi", "qsv", "drm", "opencl", "vulkan", "amf"]
[2026-09-12 22:41:51.647 +00:00] [INF] [14] Emby.Server.Implementations.ScheduledTasks.TaskManager: "Clean Transcode Directory" Completed after 0 minute(s) and 0 seconds
[2026-09-12 22:41:52.360 +00:00] [INF] [14] Emby.Server.Implementations.ScheduledTasks.TaskManager: "Update Plugins" Completed after 0 minute(s) and 0 seconds
[2026-09-12 22:41:55.553 +00:00] [INF] [10] MediaBrowser.MediaEncoding.Encoder.MediaEncoder: FFmpeg: "/usr/lib/jellyfin-ffmpeg/ffmpeg"
[2026-09-12 22:41:55.553 +00:00] [INF] [10] Emby.Server.Implementations.ApplicationHost: ServerId: "47b857da57f142768a816987a44165cd"
[2026-09-12 22:41:55.554 +00:00] [INF] [10] Emby.Server.Implementations.ApplicationHost: Core startup complete
[2026-09-12 22:41:55.554 +00:00] [INF] [10] Main: Startup complete 0:00:15.7075927
[2026-09-12 22:42:02.572 +00:00] [WRN] [15] Jellyfin.Networking.Manager.NetworkManager: "::ffff:192.168.0.43": Only loopback "::1" returned, using that as bind address.
[2026-09-12 22:42:02.628 +00:00] [WRN] [10] Jellyfin.Networking.Manager.NetworkManager: "::ffff:192.168.0.43": Only loopback "::1" returned, using that as bind address.
[2026-09-12 22:42:02.671 +00:00] [WRN] [10] Jellyfin.Networking.Manager.NetworkManager: "::ffff:192.168.0.43": Only loopback "::1" returned, using that as bind address.
[2026-09-12 22:42:02.729 +00:00] [INF] [10] Emby.Server.Implementations.HttpServer.WebSocketManager: WS "::ffff:192.168.0.43" request
[2026-09-12 22:42:03.148 +00:00] [WRN] [15] Jellyfin.Networking.Manager.NetworkManager: "::ffff:192.168.0.43": Only loopback "::1" returned, using that as bind address.
[2026-09-12 22:42:40.842 +00:00] [WRN] [18] Jellyfin.Api.Middleware.IPBasedAccessValidationMiddleware: Blocking request to "%2fUsers%2fAuthenticateByName" by "172.60.0.3" due to IP filtering rule, reason: RejectDueToRemoteAccessDisabled
[2026-09-12 22:42:40.847 +00:00] [WRN] [15] Jellyfin.Api.Middleware.IPBasedAccessValidationMiddleware: Blocking request to "%2fUsers%2fAuthenticateByName" by "172.60.0.3" due to IP filtering rule, reason: RejectDueToRemoteAccessDisabled
[2026-09-12 22:43:05.321 +00:00] [WRN] [23] Jellyfin.Networking.Manager.NetworkManager: "::ffff:192.168.0.43": Only loopback "::1" returned, using that as bind address.
[2026-09-12 22:43:14.917 +00:00] [WRN] [18] Jellyfin.Api.Middleware.IPBasedAccessValidationMiddleware: Blocking request to "%2fUsers%2fAuthenticateByName" by "172.60.0.3" due to IP filtering rule, reason: RejectDueToRemoteAccessDisabled
[2026-09-12 22:43:14.920 +00:00] [WRN] [23] Jellyfin.Api.Middleware.IPBasedAccessValidationMiddleware: Blocking request to "%2fUsers%2fAuthenticateByName" by "172.60.0.3" due to IP filtering rule, reason: RejectDueToRemoteAccessDisabled
[2026-09-12 22:43:21.366 +00:00] [INF] [23] Emby.Server.Implementations.HttpServer.WebSocketManager: WS "::ffff:192.168.0.43" closed
[2026-09-12 22:43:58.314 +00:00] [WRN] [23] Jellyfin.Api.Middleware.IPBasedAccessValidationMiddleware: Blocking request to "%2fUsers%2fAuthenticateByName" by "172.60.0.3" due to IP filtering rule, reason: RejectDueToRemoteAccessDisabled
[2026-09-12 22:43:58.317 +00:00] [WRN] [23] Jellyfin.Api.Middleware.IPBasedAccessValidationMiddleware: Blocking request to "%2fUsers%2fAuthenticateByName" by "172.60.0.3" due to IP filtering rule, reason: RejectDueToRemoteAccessDisabled
[2026-09-12 22:44:09.367 +00:00] [WRN] [18] Jellyfin.Networking.Manager.NetworkManager: "::ffff:192.168.0.43": Only loopback "::1" returned, using that as bind address.
[2026-09-12 22:44:09.525 +00:00] [WRN] [23] Jellyfin.Networking.Manager.NetworkManager: "::ffff:192.168.0.43": Only loopback "::1" returned, using that as bind address.
[2026-09-12 22:44:09.553 +00:00] [WRN] [23] Jellyfin.Networking.Manager.NetworkManager: "::ffff:192.168.0.43": Only loopback "::1" returned, using that as bind address.
[2026-09-12 22:44:09.579 +00:00] [INF] [26] Emby.Server.Implementations.HttpServer.WebSocketManager: WS "::ffff:192.168.0.43" request
[2026-09-12 22:44:09.767 +00:00] [WRN] [18] Jellyfin.Networking.Manager.NetworkManager: "::ffff:192.168.0.43": Only loopback "::1" returned, using that as bind address.
[2026-09-12 22:44:42.094 +00:00] [WRN] [27] Jellyfin.Api.Middleware.IPBasedAccessValidationMiddleware: Blocking request to "%2fUsers%2fAuthenticateByName" by "172.60.0.3" due to IP filtering rule, reason: RejectDueToRemoteAccessDisabled
[2026-09-12 22:44:42.097 +00:00] [WRN] [23] Jellyfin.Api.Middleware.IPBasedAccessValidationMiddleware: Blocking request to "%2fUsers%2fAuthenticateByName" by "172.60.0.3" due to IP filtering rule, reason: RejectDueToRemoteAccessDisabled
[2026-09-12 22:48:03.679 +00:00] [INF] [29] Emby.Server.Implementations.Session.SessionManager: Sending shutdown notifications
[2026-09-12 22:48:03.714 +00:00] [INF] [30] Emby.Server.Implementations.HttpServer.WebSocketManager: WS "::ffff:192.168.0.43" closed
[2026-09-12 22:48:03.726 +00:00] [INF] [30] Main: Optimizing the database... This might take a while
[2026-09-12 22:48:03.804 +00:00] [INF] [30] Jellyfin.Database.Providers.Sqlite.SqliteDatabaseProvider: jellyfin.db optimized successfully!
[2026-09-12 22:48:03.899 +00:00] [INF] [30] Emby.Server.Implementations.ApplicationHost: Disposing "CoreAppHost"
[2026-09-12 22:48:03.899 +00:00] [INF] [30] Emby.Server.Implementations.ApplicationHost: Disposing "Plugin"
[2026-09-12 22:51:23.428 +00:00] [INF] [1] Emby.Server.Implementations.AppBase.BaseConfigurationManager: Setting cache path: "/config/cache"
[2026-09-12 22:51:24.176 +00:00] [INF] [10] Jellyfin.Server.ServerSetupApp.SetupServer: Kestrel is listening on "all interfaces"
[2026-09-12 22:51:24.283 +00:00] [INF] [10] Main: Jellyfin version: "12.0.0"
[2026-09-12 22:51:24.297 +00:00] [INF] [10] Main: Environment Variables: ["[JELLYFIN_CONFIG_DIR, /config]", "[JELLYFIN_CACHE_DIR, /config/cache]", "[JELLYFIN_DATA_DIR, /config/data]", "[JELLYFIN_LOG_DIR, /config/log]", "[JELLYFIN_WEB_DIR, /usr/share/jellyfin/web]"]
[2026-09-12 22:51:24.303 +00:00] [INF] [10] Main: Arguments: ["/usr/lib/jellyfin/bin/jellyfin.dll", "--ffmpeg=/usr/lib/jellyfin-ffmpeg/ffmpeg"]
[2026-09-12 22:51:24.303 +00:00] [INF] [10] Main: Operating system: "Ubuntu 26.04.1 LTS"
[2026-09-12 22:51:24.303 +00:00] [INF] [10] Main: Architecture: X64
[2026-09-12 22:51:24.304 +00:00] [INF] [10] Main: 64-Bit Process: True
[2026-09-12 22:51:24.304 +00:00] [INF] [10] Main: User Interactive: True
[2026-09-12 22:51:24.304 +00:00] [INF] [10] Main: Processor count: 4
[2026-09-12 22:51:24.304 +00:00] [INF] [10] Main: Program data path: "/config/data"
[2026-09-12 22:51:24.304 +00:00] [INF] [10] Main: Log directory path: "/config/log"
[2026-09-12 22:51:24.304 +00:00] [INF] [10] Main: Config directory path: "/config"
[2026-09-12 22:51:24.304 +00:00] [INF] [10] Main: Cache path: "/config/cache"
[2026-09-12 22:51:24.305 +00:00] [INF] [10] Main: Temp directory path: "/tmp/jellyfin"
[2026-09-12 22:51:24.305 +00:00] [INF] [10] Main: Web resources path: "/usr/share/jellyfin/web"
[2026-09-12 22:51:24.305 +00:00] [INF] [10] Main: Application directory: "/usr/lib/jellyfin/bin/"
[2026-09-12 22:51:24.313 +00:00] [INF] [10] Jellyfin.Server.Startup: Storage path `"/config/data/data"` (Fixed) successfully checked with "206.6GiB" free which is over the minimum of "2GiB".
[2026-09-12 22:51:24.314 +00:00] [INF] [10] Jellyfin.Server.Startup: Storage path `"/config/cache"` (Fixed) successfully checked with "206.6GiB" free which is over the minimum of "2GiB".
[2026-09-12 22:51:24.314 +00:00] [INF] [10] Jellyfin.Server.Startup: Storage path `"/config/data"` (Fixed) successfully checked with "206.6GiB" free which is over the minimum of "2GiB".
[2026-09-12 22:51:24.341 +00:00] [INF] [10] Emby.Server.Implementations.AppBase.BaseConfigurationManager: Setting cache path: "/config/cache"
[2026-09-12 22:51:24.839 +00:00] [INF] [10] Jellyfin.Database.Providers.Sqlite.SqliteDatabaseProvider: SQLite connection string: "Data Source=/config/data/data/jellyfin.db;Cache=Private;Default Timeout=60;Pooling=True"
[2026-09-12 22:51:24.852 +00:00] [WRN] [7] Microsoft.Extensions.Diagnostics.HealthChecks.DefaultHealthCheckService: Health check "StartupCheck" with status Degraded completed after 6.9805ms with message '"Server is still starting up."'
[2026-09-12 22:51:24.859 +00:00] [INF] [10] Jellyfin.Database.Providers.Sqlite.SqliteDatabaseProvider: SQLITE connection pragma command set to: 
"PRAGMA locking_mode=NORMAL;
PRAGMA journal_size_limit=134217728;
PRAGMA synchronous=1;
PRAGMA temp_store=2;
"
[2026-09-12 22:51:24.861 +00:00] [INF] [10] Jellyfin.Database.Implementations.Locking.NoLockBehavior: The database locking mode has been set to: NoLock.
[2026-09-12 22:51:25.015 +00:00] [INF] [10] Jellyfin.Server.Migrations.JellyfinMigrationService: Initialise Migration service.
[2026-09-12 22:51:26.110 +00:00] [WRN] [8] Microsoft.Extensions.Diagnostics.HealthChecks.DefaultHealthCheckService: Health check "StartupCheck" with status Degraded completed after 0.0581ms with message '"Server is still starting up."'
[2026-09-12 22:51:27.220 +00:00] [WRN] [14] Microsoft.Extensions.Diagnostics.HealthChecks.DefaultHealthCheckService: Health check "StartupCheck" with status Degraded completed after 0.004ms with message '"Server is still starting up."'
[2026-09-12 22:51:28.290 +00:00] [WRN] [13] Microsoft.Extensions.Diagnostics.HealthChecks.DefaultHealthCheckService: Health check "StartupCheck" with status Degraded completed after 0.002ms with message '"Server is still starting up."'
[2026-09-12 22:51:29.048 +00:00] [INF] [10] Emby.Server.Implementations.AppBase.BaseConfigurationManager: Setting cache path: "/config/cache"
[2026-09-12 22:51:29.070 +00:00] [INF] [10] Emby.Server.Implementations.ApplicationHost: Loading assemblies
[2026-09-12 22:51:29.145 +00:00] [INF] [10] Jellyfin.Networking.Manager.NetworkManager: Defined LAN subnets: ["::1/128", "fe80::/10", "fc00::/7", "127.0.0.0/8", "10.0.0.0/8", "172.16.0.0/12", "192.168.0.0/16"]
[2026-09-12 22:51:29.145 +00:00] [INF] [10] Jellyfin.Networking.Manager.NetworkManager: Defined LAN exclusions: []
[2026-09-12 22:51:29.148 +00:00] [INF] [10] Jellyfin.Networking.Manager.NetworkManager: Used LAN subnets: ["::1/128", "fe80::/10", "fc00::/7", "127.0.0.0/8", "10.0.0.0/8", "172.16.0.0/12", "192.168.0.0/16"]
[2026-09-12 22:51:29.149 +00:00] [INF] [10] Jellyfin.Networking.Manager.NetworkManager: Filtered interface addresses: []
[2026-09-12 22:51:29.151 +00:00] [INF] [10] Jellyfin.Networking.Manager.NetworkManager: Bind Addresses ["::"]
[2026-09-12 22:51:29.151 +00:00] [INF] [10] Jellyfin.Networking.Manager.NetworkManager: Remote IP filter is "Allowlist"
[2026-09-12 22:51:29.151 +00:00] [INF] [10] Jellyfin.Networking.Manager.NetworkManager: Filtered subnets: []
[2026-09-12 22:51:29.287 +00:00] [INF] [10] Jellyfin.Database.Providers.Sqlite.SqliteDatabaseProvider: SQLite connection string: "Data Source=/config/data/data/jellyfin.db;Cache=Private;Default Timeout=60;Pooling=True"
[2026-09-12 22:51:29.287 +00:00] [INF] [10] Jellyfin.Database.Providers.Sqlite.SqliteDatabaseProvider: SQLITE connection pragma command set to: 
"PRAGMA locking_mode=NORMAL;
PRAGMA journal_size_limit=134217728;
PRAGMA synchronous=1;
PRAGMA temp_store=2;
"
[2026-09-12 22:51:29.288 +00:00] [INF] [10] Jellyfin.Database.Implementations.Locking.NoLockBehavior: The database locking mode has been set to: NoLock.
[2026-09-12 22:51:29.320 +00:00] [WRN] [14] Microsoft.Extensions.Diagnostics.HealthChecks.DefaultHealthCheckService: Health check "StartupCheck" with status Degraded completed after 0.0036ms with message '"Server is still starting up."'
[2026-09-12 22:51:29.374 +00:00] [INF] [10] Main: Prepare system for possible migrations
[2026-09-12 22:51:29.794 +00:00] [INF] [10] Emby.Server.Implementations.Plugins.PluginManager: Loaded plugin: "TMDb" "12.0.0.0"
[2026-09-12 22:51:29.795 +00:00] [INF] [10] Emby.Server.Implementations.Plugins.PluginManager: Loaded plugin: "Studio Images" "12.0.0.0"
[2026-09-12 22:51:29.796 +00:00] [INF] [10] Emby.Server.Implementations.Plugins.PluginManager: Loaded plugin: "OMDb" "12.0.0.0"
[2026-09-12 22:51:29.813 +00:00] [INF] [10] Emby.Server.Implementations.Plugins.PluginManager: Loaded plugin: "MusicBrainz" "12.0.0.0"
[2026-09-12 22:51:29.813 +00:00] [INF] [10] Emby.Server.Implementations.Plugins.PluginManager: Loaded plugin: "ListenBrainz Similarity Provider" "12.0.0.0"
[2026-09-12 22:51:29.814 +00:00] [INF] [10] Emby.Server.Implementations.Plugins.PluginManager: Loaded plugin: "AudioDB" "12.0.0.0"
[2026-09-12 22:51:29.888 +00:00] [INF] [10] Emby.Server.Implementations.Library.Search.SearchManager: Registered 0 external search providers: "". Fallback providers: "Database (priority 100)"
[2026-09-12 22:51:30.780 +00:00] [INF] [13] Main: Kestrel is listening on "all interfaces"
[2026-09-12 22:51:32.574 +00:00] [WRN] [13] Microsoft.AspNetCore.StaticFiles.StaticFileMiddleware: The WebRootPath was not found: "/run/s6-rc:s6-rc-init:IehddO/servicedirs/svc-jellyfin/wwwroot". Static files may be unavailable.
[2026-09-12 22:51:32.617 +00:00] [INF] [13] Emby.Server.Implementations.ApplicationHost: Running startup tasks
[2026-09-12 22:51:32.631 +00:00] [INF] [13] Emby.Server.Implementations.ScheduledTasks.TaskManager: Daily trigger for "Generate Trickplay Images" set to fire at 2026-09-13 03:00:00.000 +00:00, which is 04:08:27.3682851 from now.
[2026-09-12 22:51:32.636 +00:00] [INF] [13] Emby.Server.Implementations.ScheduledTasks.TaskManager: Daily trigger for "Extract Chapter Images" set to fire at 2026-09-13 02:00:00.000 +00:00, which is 03:08:27.3637100 from now.
[2026-09-12 22:51:32.678 +00:00] [INF] [13] MediaBrowser.MediaEncoding.Encoder.MediaEncoder: Found ffmpeg version "8.1.2"
[2026-09-12 22:51:32.713 +00:00] [INF] [13] MediaBrowser.MediaEncoding.Encoder.MediaEncoder: Available "decoders": ["libdav1d", "av1", "av1_cuvid", "av1_qsv", "h264", "h264_qsv", "h264_cuvid", "hevc", "hevc_qsv", "hevc_cuvid", "mpeg2video", "mpeg2_qsv", "mpeg2_cuvid", "mpeg4", "mpeg4_cuvid", "msmpeg4", "vc1_qsv", "vc1_cuvid", "vp8", "libvpx", "vp8_cuvid", "vp8_qsv", "vp9", "libvpx-vp9", "vp9_cuvid", "vp9_qsv", "aac", "ac3", "ac4", "dca", "flac", "mp3", "truehd"]
[2026-09-12 22:51:32.730 +00:00] [INF] [13] MediaBrowser.MediaEncoding.Encoder.MediaEncoder: Available "encoders": ["libsvtav1", "av1_nvenc", "av1_qsv", "av1_amf", "av1_vaapi", "libx264", "h264_amf", "h264_nvenc", "h264_qsv", "h264_v4l2m2m", "h264_vaapi", "libx265", "hevc_amf", "hevc_nvenc", "hevc_qsv", "hevc_vaapi", "mjpeg_qsv", "mjpeg_vaapi", "aac", "libfdk_aac", "ac3", "alac", "dca", "flac", "libmp3lame", "libopus", "truehd", "libvorbis", "srt"]
[2026-09-12 22:51:32.756 +00:00] [INF] [13] MediaBrowser.MediaEncoding.Encoder.MediaEncoder: Available filters: ["bwdif_cuda", "bwdif_opencl", "deinterlace_qsv", "deinterlace_vaapi", "flip_vulkan", "hwupload_cuda", "hwupload_vaapi", "libplacebo", "overlay_opencl", "overlay_qsv", "overlay_vaapi", "overlay_vulkan", "overlay_cuda", "procamp_vaapi", "scale_cuda", "scale_opencl", "scale_qsv", "scale_vaapi", "scale_vulkan", "tonemapx", "tonemap_cuda", "tonemap_opencl", "tonemap_vaapi", "transpose_cuda", "transpose_opencl", "transpose_vaapi", "transpose_vulkan", "vpp_qsv", "yadif_cuda", "yadif_opencl", "zscale", "alphasrc"]
[2026-09-12 22:51:33.193 +00:00] [INF] [13] MediaBrowser.MediaEncoding.Encoder.MediaEncoder: Available hwaccel types: ["cuda", "vaapi", "qsv", "drm", "opencl", "vulkan", "amf"]
[2026-09-12 22:51:35.766 +00:00] [INF] [8] Emby.Server.Implementations.ScheduledTasks.TaskManager: "Clean Transcode Directory" Completed after 0 minute(s) and 0 seconds
[2026-09-12 22:51:36.817 +00:00] [INF] [8] Emby.Server.Implementations.ScheduledTasks.TaskManager: "Update Plugins" Completed after 0 minute(s) and 1 seconds
[2026-09-12 22:51:39.104 +00:00] [INF] [13] MediaBrowser.MediaEncoding.Encoder.MediaEncoder: FFmpeg: "/usr/lib/jellyfin-ffmpeg/ffmpeg"
[2026-09-12 22:51:39.105 +00:00] [INF] [13] Emby.Server.Implementations.ApplicationHost: ServerId: "47b857da57f142768a816987a44165cd"
[2026-09-12 22:51:39.105 +00:00] [INF] [13] Emby.Server.Implementations.ApplicationHost: Core startup complete
[2026-09-12 22:51:39.105 +00:00] [INF] [13] Main: Startup complete 0:00:16.4134264
[2026-09-12 22:52:12.188 +00:00] [WRN] [8] Jellyfin.Api.Middleware.IPBasedAccessValidationMiddleware: Blocking request to "%2fUsers%2fAuthenticateByName" by "172.60.0.3" due to IP filtering rule, reason: RejectDueToRemoteAccessDisabled
[2026-09-12 22:52:12.194 +00:00] [WRN] [7] Jellyfin.Api.Middleware.IPBasedAccessValidationMiddleware: Blocking request to "%2fUsers%2fAuthenticateByName" by "172.60.0.3" due to IP filtering rule, reason: RejectDueToRemoteAccessDisabled
[2026-09-12 22:52:18.676 +00:00] [WRN] [7] Jellyfin.Api.Middleware.IPBasedAccessValidationMiddleware: Blocking request to "%2fUsers%2fAuthenticateByName" by "172.60.0.1" due to IP filtering rule, reason: RejectDueToRemoteAccessDisabled
[2026-09-12 22:52:18.680 +00:00] [WRN] [21] Jellyfin.Api.Middleware.IPBasedAccessValidationMiddleware: Blocking request to "%2fUsers%2fAuthenticateByName" by "172.60.0.1" due to IP filtering rule, reason: RejectDueToRemoteAccessDisabled
[2026-09-12 22:52:29.825 +00:00] [INF] [8] Emby.Server.Implementations.HttpServer.WebSocketManager: WS "::ffff:192.168.0.43" request
[2026-09-12 22:52:41.165 +00:00] [WRN] [22] Jellyfin.Api.Middleware.IPBasedAccessValidationMiddleware: Blocking request to "%2fUsers%2fAuthenticateByName" by "172.60.0.1" due to IP filtering rule, reason: RejectDueToRemoteAccessDisabled
[2026-09-12 22:52:41.168 +00:00] [WRN] [22] Jellyfin.Api.Middleware.IPBasedAccessValidationMiddleware: Blocking request to "%2fUsers%2fAuthenticateByName" by "172.60.0.1" due to IP filtering rule, reason: RejectDueToRemoteAccessDisabled
[2026-09-12 22:53:30.623 +00:00] [WRN] [22] Jellyfin.Networking.Manager.NetworkManager: "::ffff:192.168.0.43": Only loopback "::1" returned, using that as bind address.
[2026-09-12 22:54:50.555 +00:00] [WRN] [27] Jellyfin.Networking.Manager.NetworkManager: "::ffff:192.168.0.43": Only loopback "::1" returned, using that as bind address.
[2026-09-12 22:56:44.296 +00:00] [WRN] [28] Jellyfin.Api.Middleware.IPBasedAccessValidationMiddleware: Blocking request to "%2fUsers%2fAuthenticateByName" by "172.60.0.1" due to IP filtering rule, reason: RejectDueToRemoteAccessDisabled
[2026-09-12 22:56:44.299 +00:00] [WRN] [29] Jellyfin.Api.Middleware.IPBasedAccessValidationMiddleware: Blocking request to "%2fUsers%2fAuthenticateByName" by "172.60.0.1" due to IP filtering rule, reason: RejectDueToRemoteAccessDisabled
[2026-09-12 22:57:02.955 +00:00] [WRN] [29] Jellyfin.Networking.Manager.NetworkManager: "::ffff:192.168.0.43": Only loopback "::1" returned, using that as bind address.
[2026-09-12 22:58:09.128 +00:00] [WRN] [20] Jellyfin.Networking.Manager.NetworkManager: "::ffff:192.168.0.43": Only loopback "::1" returned, using that as bind address.
[2026-09-12 23:01:30.524 +00:00] [WRN] [35] Jellyfin.Api.Middleware.IPBasedAccessValidationMiddleware: Blocking request to "%2fUsers%2fAuthenticateByName" by "172.60.0.1" due to IP filtering rule, reason: RejectDueToRemoteAccessDisabled
[2026-09-12 23:01:30.530 +00:00] [WRN] [26] Jellyfin.Api.Middleware.IPBasedAccessValidationMiddleware: Blocking request to "%2fUsers%2fAuthenticateByName" by "172.60.0.1" due to IP filtering rule, reason: RejectDueToRemoteAccessDisabled
[2026-09-12 23:01:35.330 +00:00] [WRN] [35] Jellyfin.Api.Middleware.IPBasedAccessValidationMiddleware: Blocking request to "%2fUsers%2fAuthenticateByName" by "172.60.0.3" due to IP filtering rule, reason: RejectDueToRemoteAccessDisabled
[2026-09-12 23:01:35.332 +00:00] [WRN] [35] Jellyfin.Api.Middleware.IPBasedAccessValidationMiddleware: Blocking request to "%2fUsers%2fAuthenticateByName" by "172.60.0.3" due to IP filtering rule, reason: RejectDueToRemoteAccessDisabled
[2026-09-12 23:01:51.151 +00:00] [WRN] [35] Jellyfin.Api.Middleware.IPBasedAccessValidationMiddleware: Blocking request to "%2fUsers%2fAuthenticateByName" by "172.60.0.3" due to IP filtering rule, reason: RejectDueToRemoteAccessDisabled
[2026-09-12 23:01:51.153 +00:00] [WRN] [38] Jellyfin.Api.Middleware.IPBasedAccessValidationMiddleware: Blocking request to "%2fUsers%2fAuthenticateByName" by "172.60.0.3" due to IP filtering rule, reason: RejectDueToRemoteAccessDisabled
[2026-09-12 23:02:13.748 +00:00] [WRN] [38] Jellyfin.Api.Middleware.IPBasedAccessValidationMiddleware: Blocking request to "%2fUsers%2fAuthenticateByName" by "172.60.0.1" due to IP filtering rule, reason: RejectDueToRemoteAccessDisabled
[2026-09-12 23:02:13.751 +00:00] [WRN] [34] Jellyfin.Api.Middleware.IPBasedAccessValidationMiddleware: Blocking request to "%2fUsers%2fAuthenticateByName" by "172.60.0.1" due to IP filtering rule, reason: RejectDueToRemoteAccessDisabled
[2026-09-12 23:03:04.717 +00:00] [INF] [40] Emby.Server.Implementations.Session.SessionManager: Sending shutdown notifications
[2026-09-12 23:03:04.765 +00:00] [INF] [34] Emby.Server.Implementations.HttpServer.WebSocketManager: WS "::ffff:192.168.0.43" closed
[2026-09-12 23:03:04.820 +00:00] [INF] [39] Main: Optimizing the database... This might take a while
[2026-09-12 23:03:04.906 +00:00] [INF] [39] Jellyfin.Database.Providers.Sqlite.SqliteDatabaseProvider: jellyfin.db optimized successfully!
[2026-09-12 23:03:04.978 +00:00] [INF] [39] Emby.Server.Implementations.ApplicationHost: Disposing "CoreAppHost"
[2026-09-12 23:03:04.978 +00:00] [INF] [39] Emby.Server.Implementations.ApplicationHost: Disposing "Plugin"
[2026-09-12 23:03:49.215 +00:00] [INF] [1] Emby.Server.Implementations.AppBase.BaseConfigurationManager: Setting cache path: "/config/cache"
[2026-09-12 23:03:49.553 +00:00] [INF] [8] Jellyfin.Server.ServerSetupApp.SetupServer: Kestrel is listening on "all interfaces"
[2026-09-12 23:03:49.628 +00:00] [INF] [8] Main: Jellyfin version: "12.0.0"
[2026-09-12 23:03:49.642 +00:00] [INF] [8] Main: Environment Variables: ["[JELLYFIN_WEB_DIR, /usr/share/jellyfin/web]", "[JELLYFIN_CONFIG_DIR, /config]", "[JELLYFIN_LOG_DIR, /config/log]", "[JELLYFIN_DATA_DIR, /config/data]", "[JELLYFIN_CACHE_DIR, /config/cache]"]
[2026-09-12 23:03:49.648 +00:00] [INF] [8] Main: Arguments: ["/usr/lib/jellyfin/bin/jellyfin.dll", "--ffmpeg=/usr/lib/jellyfin-ffmpeg/ffmpeg"]
[2026-09-12 23:03:49.649 +00:00] [INF] [8] Main: Operating system: "Ubuntu 26.04.1 LTS"
[2026-09-12 23:03:49.651 +00:00] [INF] [8] Main: Architecture: X64
[2026-09-12 23:03:49.651 +00:00] [INF] [8] Main: 64-Bit Process: True
[2026-09-12 23:03:49.651 +00:00] [INF] [8] Main: User Interactive: True
[2026-09-12 23:03:49.652 +00:00] [INF] [8] Main: Processor count: 4
[2026-09-12 23:03:49.652 +00:00] [INF] [8] Main: Program data path: "/config/data"
[2026-09-12 23:03:49.652 +00:00] [INF] [8] Main: Log directory path: "/config/log"
[2026-09-12 23:03:49.652 +00:00] [INF] [8] Main: Config directory path: "/config"
[2026-09-12 23:03:49.652 +00:00] [INF] [8] Main: Cache path: "/config/cache"
[2026-09-12 23:03:49.652 +00:00] [INF] [8] Main: Temp directory path: "/tmp/jellyfin"
[2026-09-12 23:03:49.653 +00:00] [INF] [8] Main: Web resources path: "/usr/share/jellyfin/web"
[2026-09-12 23:03:49.653 +00:00] [INF] [8] Main: Application directory: "/usr/lib/jellyfin/bin/"
[2026-09-12 23:03:49.663 +00:00] [INF] [8] Jellyfin.Server.Startup: Storage path `"/config/data/data"` (Fixed) successfully checked with "206.6GiB" free which is over the minimum of "2GiB".
[2026-09-12 23:03:49.665 +00:00] [INF] [8] Jellyfin.Server.Startup: Storage path `"/config/cache"` (Fixed) successfully checked with "206.6GiB" free which is over the minimum of "2GiB".
[2026-09-12 23:03:49.666 +00:00] [INF] [8] Jellyfin.Server.Startup: Storage path `"/config/data"` (Fixed) successfully checked with "206.6GiB" free which is over the minimum of "2GiB".
[2026-09-12 23:03:49.675 +00:00] [INF] [8] Emby.Server.Implementations.AppBase.BaseConfigurationManager: Setting cache path: "/config/cache"
[2026-09-12 23:03:49.950 +00:00] [INF] [8] Jellyfin.Database.Providers.Sqlite.SqliteDatabaseProvider: SQLite connection string: "Data Source=/config/data/data/jellyfin.db;Cache=Private;Default Timeout=60;Pooling=True"
[2026-09-12 23:03:49.994 +00:00] [INF] [8] Jellyfin.Database.Providers.Sqlite.SqliteDatabaseProvider: SQLITE connection pragma command set to: 
"PRAGMA locking_mode=NORMAL;
PRAGMA journal_size_limit=134217728;
PRAGMA synchronous=1;
PRAGMA temp_store=2;
"
[2026-09-12 23:03:49.999 +00:00] [INF] [8] Jellyfin.Database.Implementations.Locking.NoLockBehavior: The database locking mode has been set to: NoLock.
[2026-09-12 23:03:50.094 +00:00] [WRN] [7] Microsoft.Extensions.Diagnostics.HealthChecks.DefaultHealthCheckService: Health check "StartupCheck" with status Degraded completed after 1.1105ms with message '"Server is still starting up."'
[2026-09-12 23:03:50.150 +00:00] [INF] [8] Jellyfin.Server.Migrations.JellyfinMigrationService: Initialise Migration service.
[2026-09-12 23:03:51.187 +00:00] [WRN] [7] Microsoft.Extensions.Diagnostics.HealthChecks.DefaultHealthCheckService: Health check "StartupCheck" with status Degraded completed after 0.1136ms with message '"Server is still starting up."'
[2026-09-12 23:03:52.256 +00:00] [WRN] [7] Microsoft.Extensions.Diagnostics.HealthChecks.DefaultHealthCheckService: Health check "StartupCheck" with status Degraded completed after 0.0061ms with message '"Server is still starting up."'
[2026-09-12 23:03:52.423 +00:00] [INF] [8] Emby.Server.Implementations.AppBase.BaseConfigurationManager: Setting cache path: "/config/cache"
[2026-09-12 23:03:52.455 +00:00] [INF] [8] Emby.Server.Implementations.ApplicationHost: Loading assemblies
[2026-09-12 23:03:52.529 +00:00] [INF] [8] Jellyfin.Networking.Manager.NetworkManager: Defined LAN subnets: ["::1/128", "fe80::/10", "fc00::/7", "127.0.0.0/8", "10.0.0.0/8", "172.16.0.0/12", "192.168.0.0/16"]
[2026-09-12 23:03:52.529 +00:00] [INF] [8] Jellyfin.Networking.Manager.NetworkManager: Defined LAN exclusions: []
[2026-09-12 23:03:52.532 +00:00] [INF] [8] Jellyfin.Networking.Manager.NetworkManager: Used LAN subnets: ["::1/128", "fe80::/10", "fc00::/7", "127.0.0.0/8", "10.0.0.0/8", "172.16.0.0/12", "192.168.0.0/16"]
[2026-09-12 23:03:52.533 +00:00] [INF] [8] Jellyfin.Networking.Manager.NetworkManager: Filtered interface addresses: []
[2026-09-12 23:03:52.534 +00:00] [INF] [8] Jellyfin.Networking.Manager.NetworkManager: Bind Addresses ["::"]
[2026-09-12 23:03:52.535 +00:00] [INF] [8] Jellyfin.Networking.Manager.NetworkManager: Remote IP filter is "Allowlist"
[2026-09-12 23:03:52.535 +00:00] [INF] [8] Jellyfin.Networking.Manager.NetworkManager: Filtered subnets: []
[2026-09-12 23:03:52.713 +00:00] [INF] [8] Jellyfin.Database.Providers.Sqlite.SqliteDatabaseProvider: SQLite connection string: "Data Source=/config/data/data/jellyfin.db;Cache=Private;Default Timeout=60;Pooling=True"
[2026-09-12 23:03:52.713 +00:00] [INF] [8] Jellyfin.Database.Providers.Sqlite.SqliteDatabaseProvider: SQLITE connection pragma command set to: 
"PRAGMA locking_mode=NORMAL;
PRAGMA journal_size_limit=134217728;
PRAGMA synchronous=1;
PRAGMA temp_store=2;
"
[2026-09-12 23:03:52.714 +00:00] [INF] [8] Jellyfin.Database.Implementations.Locking.NoLockBehavior: The database locking mode has been set to: NoLock.
[2026-09-12 23:03:52.804 +00:00] [INF] [8] Main: Prepare system for possible migrations
[2026-09-12 23:03:53.111 +00:00] [INF] [8] Emby.Server.Implementations.Plugins.PluginManager: Loaded plugin: "TMDb" "12.0.0.0"
[2026-09-12 23:03:53.114 +00:00] [INF] [8] Emby.Server.Implementations.Plugins.PluginManager: Loaded plugin: "Studio Images" "12.0.0.0"
[2026-09-12 23:03:53.115 +00:00] [INF] [8] Emby.Server.Implementations.Plugins.PluginManager: Loaded plugin: "OMDb" "12.0.0.0"
[2026-09-12 23:03:53.184 +00:00] [INF] [8] Emby.Server.Implementations.Plugins.PluginManager: Loaded plugin: "MusicBrainz" "12.0.0.0"
[2026-09-12 23:03:53.184 +00:00] [INF] [8] Emby.Server.Implementations.Plugins.PluginManager: Loaded plugin: "ListenBrainz Similarity Provider" "12.0.0.0"
[2026-09-12 23:03:53.184 +00:00] [INF] [8] Emby.Server.Implementations.Plugins.PluginManager: Loaded plugin: "AudioDB" "12.0.0.0"
[2026-09-12 23:03:53.317 +00:00] [INF] [8] Emby.Server.Implementations.Library.Search.SearchManager: Registered 0 external search providers: "". Fallback providers: "Database (priority 100)"
[2026-09-12 23:03:53.317 +00:00] [WRN] [7] Microsoft.Extensions.Diagnostics.HealthChecks.DefaultHealthCheckService: Health check "StartupCheck" with status Degraded completed after 0.0022ms with message '"Server is still starting up."'
[2026-09-12 23:03:54.521 +00:00] [INF] [14] Main: Kestrel is listening on "all interfaces"
[2026-09-12 23:03:56.403 +00:00] [WRN] [14] Microsoft.AspNetCore.StaticFiles.StaticFileMiddleware: The WebRootPath was not found: "/run/s6-rc:s6-rc-init:AnoJkE/servicedirs/svc-jellyfin/wwwroot". Static files may be unavailable.
[2026-09-12 23:03:56.471 +00:00] [INF] [14] Emby.Server.Implementations.ApplicationHost: Running startup tasks
[2026-09-12 23:03:56.491 +00:00] [INF] [14] Emby.Server.Implementations.ScheduledTasks.TaskManager: Daily trigger for "Generate Trickplay Images" set to fire at 2026-09-13 03:00:00.000 +00:00, which is 03:56:03.5088516 from now.
[2026-09-12 23:03:56.496 +00:00] [INF] [14] Emby.Server.Implementations.ScheduledTasks.TaskManager: Daily trigger for "Extract Chapter Images" set to fire at 2026-09-13 02:00:00.000 +00:00, which is 02:56:03.5034443 from now.
[2026-09-12 23:03:56.552 +00:00] [INF] [14] MediaBrowser.MediaEncoding.Encoder.MediaEncoder: Found ffmpeg version "8.1.2"
[2026-09-12 23:03:56.656 +00:00] [INF] [14] MediaBrowser.MediaEncoding.Encoder.MediaEncoder: Available "decoders": ["libdav1d", "av1", "av1_cuvid", "av1_qsv", "h264", "h264_qsv", "h264_cuvid", "hevc", "hevc_qsv", "hevc_cuvid", "mpeg2video", "mpeg2_qsv", "mpeg2_cuvid", "mpeg4", "mpeg4_cuvid", "msmpeg4", "vc1_qsv", "vc1_cuvid", "vp8", "libvpx", "vp8_cuvid", "vp8_qsv", "vp9", "libvpx-vp9", "vp9_cuvid", "vp9_qsv", "aac", "ac3", "ac4", "dca", "flac", "mp3", "truehd"]
[2026-09-12 23:03:56.677 +00:00] [INF] [14] MediaBrowser.MediaEncoding.Encoder.MediaEncoder: Available "encoders": ["libsvtav1", "av1_nvenc", "av1_qsv", "av1_amf", "av1_vaapi", "libx264", "h264_amf", "h264_nvenc", "h264_qsv", "h264_v4l2m2m", "h264_vaapi", "libx265", "hevc_amf", "hevc_nvenc", "hevc_qsv", "hevc_vaapi", "mjpeg_qsv", "mjpeg_vaapi", "aac", "libfdk_aac", "ac3", "alac", "dca", "flac", "libmp3lame", "libopus", "truehd", "libvorbis", "srt"]
[2026-09-12 23:03:56.735 +00:00] [INF] [14] MediaBrowser.MediaEncoding.Encoder.MediaEncoder: Available filters: ["bwdif_cuda", "bwdif_opencl", "deinterlace_qsv", "deinterlace_vaapi", "flip_vulkan", "hwupload_cuda", "hwupload_vaapi", "libplacebo", "overlay_opencl", "overlay_qsv", "overlay_vaapi", "overlay_vulkan", "overlay_cuda", "procamp_vaapi", "scale_cuda", "scale_opencl", "scale_qsv", "scale_vaapi", "scale_vulkan", "tonemapx", "tonemap_cuda", "tonemap_opencl", "tonemap_vaapi", "transpose_cuda", "transpose_opencl", "transpose_vaapi", "transpose_vulkan", "vpp_qsv", "yadif_cuda", "yadif_opencl", "zscale", "alphasrc"]
[2026-09-12 23:03:57.167 +00:00] [INF] [14] MediaBrowser.MediaEncoding.Encoder.MediaEncoder: Available hwaccel types: ["cuda", "vaapi", "qsv", "drm", "opencl", "vulkan", "amf"]
[2026-09-12 23:03:59.812 +00:00] [INF] [8] Emby.Server.Implementations.ScheduledTasks.TaskManager: "Clean Transcode Directory" Completed after 0 minute(s) and 0 seconds
[2026-09-12 23:04:01.320 +00:00] [ERR] [13] Jellyfin.Api.Middleware.ExceptionMiddleware: Error processing request: "The operation was canceled". URL "GET" "/QuickConnect/Enabled".
[2026-09-12 23:04:01.339 +00:00] [ERR] [25] Jellyfin.Api.Middleware.ExceptionMiddleware: Error processing request: "The operation was canceled". URL "GET" "/Backup".
[2026-09-12 23:04:01.351 +00:00] [ERR] [21] Jellyfin.Api.Middleware.ExceptionMiddleware: Error processing request: "The operation was canceled". URL "GET" "/ScheduledTasks".
[2026-09-12 23:04:01.354 +00:00] [ERR] [22] Jellyfin.Api.Middleware.ExceptionMiddleware: Error processing request: "The operation was canceled". URL "GET" "/web/ConfigurationPages".
[2026-09-12 23:04:01.439 +00:00] [ERR] [8] Jellyfin.Api.Middleware.ExceptionMiddleware: Error processing request: "The operation was canceled". URL "GET" "/System/Info".
[2026-09-12 23:04:02.178 +00:00] [INF] [7] Emby.Server.Implementations.HttpServer.WebSocketManager: WS "::ffff:192.168.0.43" request
[2026-09-12 23:04:02.418 +00:00] [INF] [24] Emby.Server.Implementations.ScheduledTasks.TaskManager: "Update Plugins" Completed after 0 minute(s) and 2 seconds
[2026-09-12 23:04:03.334 +00:00] [WRN] [7] Emby.Server.Implementations.HttpServer.WebSocketConnection: WS "192.168.0.43" error receiving data: "The remote party closed the WebSocket connection without completing the close handshake."
[2026-09-12 23:04:03.348 +00:00] [INF] [7] Emby.Server.Implementations.HttpServer.WebSocketManager: WS "::ffff:192.168.0.43" closed
[2026-09-12 23:04:05.786 +00:00] [INF] [14] MediaBrowser.MediaEncoding.Encoder.MediaEncoder: FFmpeg: "/usr/lib/jellyfin-ffmpeg/ffmpeg"
[2026-09-12 23:04:05.786 +00:00] [INF] [14] Emby.Server.Implementations.ApplicationHost: ServerId: "47b857da57f142768a816987a44165cd"
[2026-09-12 23:04:05.786 +00:00] [INF] [14] Emby.Server.Implementations.ApplicationHost: Core startup complete
[2026-09-12 23:04:05.786 +00:00] [INF] [14] Main: Startup complete 0:00:16.8740723
[2026-09-12 23:07:35.362 +00:00] [WRN] [7] Jellyfin.Api.Middleware.IPBasedAccessValidationMiddleware: Blocking request to "%2fUsers%2fAuthenticateByName" by "172.60.0.1" due to IP filtering rule, reason: RejectDueToRemoteAccessDisabled
[2026-09-12 23:07:35.368 +00:00] [WRN] [38] Jellyfin.Api.Middleware.IPBasedAccessValidationMiddleware: Blocking request to "%2fUsers%2fAuthenticateByName" by "172.60.0.1" due to IP filtering rule, reason: RejectDueToRemoteAccessDisabled
[2026-09-12 23:08:19.010 +00:00] [INF] [39] Emby.Server.Implementations.Session.SessionManager: Sending shutdown notifications
[2026-09-12 23:08:19.051 +00:00] [INF] [37] Main: Optimizing the database... This might take a while
[2026-09-12 23:08:19.153 +00:00] [INF] [37] Jellyfin.Database.Providers.Sqlite.SqliteDatabaseProvider: jellyfin.db optimized successfully!
[2026-09-12 23:08:19.201 +00:00] [INF] [37] Emby.Server.Implementations.ApplicationHost: Disposing "CoreAppHost"
[2026-09-12 23:08:19.202 +00:00] [INF] [37] Emby.Server.Implementations.ApplicationHost: Disposing "Plugin"
[2026-09-12 23:08:35.203 +00:00] [INF] [1] Emby.Server.Implementations.AppBase.BaseConfigurationManager: Setting cache path: "/config/cache"
[2026-09-12 23:08:36.430 +00:00] [INF] [8] Jellyfin.Server.ServerSetupApp.SetupServer: Kestrel is listening on "all interfaces"
[2026-09-12 23:08:36.539 +00:00] [INF] [8] Main: Jellyfin version: "12.0.0"
[2026-09-12 23:08:36.552 +00:00] [INF] [8] Main: Environment Variables: ["[JELLYFIN_CONFIG_DIR, /config]", "[JELLYFIN_DATA_DIR, /config/data]", "[JELLYFIN_LOG_DIR, /config/log]", "[JELLYFIN_CACHE_DIR, /config/cache]", "[JELLYFIN_WEB_DIR, /usr/share/jellyfin/web]"]
[2026-09-12 23:08:36.559 +00:00] [INF] [8] Main: Arguments: ["/usr/lib/jellyfin/bin/jellyfin.dll", "--ffmpeg=/usr/lib/jellyfin-ffmpeg/ffmpeg"]
[2026-09-12 23:08:36.560 +00:00] [INF] [8] Main: Operating system: "Ubuntu 26.04.1 LTS"
[2026-09-12 23:08:36.560 +00:00] [INF] [8] Main: Architecture: X64
[2026-09-12 23:08:36.561 +00:00] [INF] [8] Main: 64-Bit Process: True
[2026-09-12 23:08:36.562 +00:00] [INF] [8] Main: User Interactive: True
[2026-09-12 23:08:36.565 +00:00] [INF] [8] Main: Processor count: 4
[2026-09-12 23:08:36.566 +00:00] [INF] [8] Main: Program data path: "/config/data"
[2026-09-12 23:08:36.566 +00:00] [INF] [8] Main: Log directory path: "/config/log"
[2026-09-12 23:08:36.566 +00:00] [INF] [8] Main: Config directory path: "/config"
[2026-09-12 23:08:36.566 +00:00] [INF] [8] Main: Cache path: "/config/cache"
[2026-09-12 23:08:36.567 +00:00] [INF] [8] Main: Temp directory path: "/tmp/jellyfin"
[2026-09-12 23:08:36.567 +00:00] [INF] [8] Main: Web resources path: "/usr/share/jellyfin/web"
[2026-09-12 23:08:36.567 +00:00] [INF] [8] Main: Application directory: "/usr/lib/jellyfin/bin/"
[2026-09-12 23:08:36.577 +00:00] [INF] [8] Jellyfin.Server.Startup: Storage path `"/config/data/data"` (Fixed) successfully checked with "206.6GiB" free which is over the minimum of "2GiB".
[2026-09-12 23:08:36.578 +00:00] [INF] [8] Jellyfin.Server.Startup: Storage path `"/config/cache"` (Fixed) successfully checked with "206.6GiB" free which is over the minimum of "2GiB".
[2026-09-12 23:08:36.578 +00:00] [INF] [8] Jellyfin.Server.Startup: Storage path `"/config/data"` (Fixed) successfully checked with "206.6GiB" free which is over the minimum of "2GiB".
[2026-09-12 23:08:36.600 +00:00] [INF] [8] Emby.Server.Implementations.AppBase.BaseConfigurationManager: Setting cache path: "/config/cache"
[2026-09-12 23:08:37.014 +00:00] [WRN] [10] Microsoft.Extensions.Diagnostics.HealthChecks.DefaultHealthCheckService: Health check "StartupCheck" with status Degraded completed after 32.1164ms with message '"Server is still starting up."'
[2026-09-12 23:08:37.053 +00:00] [INF] [8] Jellyfin.Database.Providers.Sqlite.SqliteDatabaseProvider: SQLite connection string: "Data Source=/config/data/data/jellyfin.db;Cache=Private;Default Timeout=60;Pooling=True"
[2026-09-12 23:08:37.093 +00:00] [INF] [8] Jellyfin.Database.Providers.Sqlite.SqliteDatabaseProvider: SQLITE connection pragma command set to: 
"PRAGMA locking_mode=NORMAL;
PRAGMA journal_size_limit=134217728;
PRAGMA synchronous=1;
PRAGMA temp_store=2;
"
[2026-09-12 23:08:37.104 +00:00] [INF] [8] Jellyfin.Database.Implementations.Locking.NoLockBehavior: The database locking mode has been set to: NoLock.
[2026-09-12 23:08:37.201 +00:00] [INF] [8] Jellyfin.Server.Migrations.JellyfinMigrationService: Initialise Migration service.
[2026-09-12 23:08:38.156 +00:00] [WRN] [10] Microsoft.Extensions.Diagnostics.HealthChecks.DefaultHealthCheckService: Health check "StartupCheck" with status Degraded completed after 0.0766ms with message '"Server is still starting up."'
[2026-09-12 23:08:39.211 +00:00] [WRN] [10] Microsoft.Extensions.Diagnostics.HealthChecks.DefaultHealthCheckService: Health check "StartupCheck" with status Degraded completed after 0.0033ms with message '"Server is still starting up."'
[2026-09-12 23:08:39.435 +00:00] [INF] [8] Emby.Server.Implementations.AppBase.BaseConfigurationManager: Setting cache path: "/config/cache"
[2026-09-12 23:08:39.466 +00:00] [INF] [8] Emby.Server.Implementations.ApplicationHost: Loading assemblies
[2026-09-12 23:08:39.600 +00:00] [INF] [8] Jellyfin.Networking.Manager.NetworkManager: Defined LAN subnets: ["::1/128", "fe80::/10", "fc00::/7", "127.0.0.0/8", "10.0.0.0/8", "172.16.0.0/12", "192.168.0.0/16"]
[2026-09-12 23:08:39.601 +00:00] [INF] [8] Jellyfin.Networking.Manager.NetworkManager: Defined LAN exclusions: []
[2026-09-12 23:08:39.604 +00:00] [INF] [8] Jellyfin.Networking.Manager.NetworkManager: Used LAN subnets: ["::1/128", "fe80::/10", "fc00::/7", "127.0.0.0/8", "10.0.0.0/8", "172.16.0.0/12", "192.168.0.0/16"]
[2026-09-12 23:08:39.605 +00:00] [INF] [8] Jellyfin.Networking.Manager.NetworkManager: Filtered interface addresses: []
[2026-09-12 23:08:39.607 +00:00] [INF] [8] Jellyfin.Networking.Manager.NetworkManager: Bind Addresses ["::"]
[2026-09-12 23:08:39.607 +00:00] [INF] [8] Jellyfin.Networking.Manager.NetworkManager: Remote IP filter is "Allowlist"
[2026-09-12 23:08:39.607 +00:00] [INF] [8] Jellyfin.Networking.Manager.NetworkManager: Filtered subnets: []
[2026-09-12 23:08:39.757 +00:00] [INF] [8] Jellyfin.Database.Providers.Sqlite.SqliteDatabaseProvider: SQLite connection string: "Data Source=/config/data/data/jellyfin.db;Cache=Private;Default Timeout=60;Pooling=True"
[2026-09-12 23:08:39.757 +00:00] [INF] [8] Jellyfin.Database.Providers.Sqlite.SqliteDatabaseProvider: SQLITE connection pragma command set to: 
"PRAGMA locking_mode=NORMAL;
PRAGMA journal_size_limit=134217728;
PRAGMA synchronous=1;
PRAGMA temp_store=2;
"
[2026-09-12 23:08:39.758 +00:00] [INF] [8] Jellyfin.Database.Implementations.Locking.NoLockBehavior: The database locking mode has been set to: NoLock.
[2026-09-12 23:08:39.821 +00:00] [INF] [8] Main: Prepare system for possible migrations
[2026-09-12 23:08:40.237 +00:00] [INF] [8] Emby.Server.Implementations.Plugins.PluginManager: Loaded plugin: "TMDb" "12.0.0.0"
[2026-09-12 23:08:40.248 +00:00] [INF] [8] Emby.Server.Implementations.Plugins.PluginManager: Loaded plugin: "Studio Images" "12.0.0.0"
[2026-09-12 23:08:40.248 +00:00] [INF] [8] Emby.Server.Implementations.Plugins.PluginManager: Loaded plugin: "OMDb" "12.0.0.0"
[2026-09-12 23:08:40.267 +00:00] [WRN] [10] Microsoft.Extensions.Diagnostics.HealthChecks.DefaultHealthCheckService: Health check "StartupCheck" with status Degraded completed after 0.0019ms with message '"Server is still starting up."'
[2026-09-12 23:08:40.308 +00:00] [INF] [8] Emby.Server.Implementations.Plugins.PluginManager: Loaded plugin: "MusicBrainz" "12.0.0.0"
[2026-09-12 23:08:40.308 +00:00] [INF] [8] Emby.Server.Implementations.Plugins.PluginManager: Loaded plugin: "ListenBrainz Similarity Provider" "12.0.0.0"
[2026-09-12 23:08:40.309 +00:00] [INF] [8] Emby.Server.Implementations.Plugins.PluginManager: Loaded plugin: "AudioDB" "12.0.0.0"
[2026-09-12 23:08:40.407 +00:00] [INF] [8] Emby.Server.Implementations.Library.Search.SearchManager: Registered 0 external search providers: "". Fallback providers: "Database (priority 100)"
[2026-09-12 23:08:40.920 +00:00] [INF] [8] Main: Kestrel is listening on "all interfaces"
[2026-09-12 23:08:42.199 +00:00] [WRN] [8] Microsoft.AspNetCore.StaticFiles.StaticFileMiddleware: The WebRootPath was not found: "/run/s6-rc:s6-rc-init:CbFAGI/servicedirs/svc-jellyfin/wwwroot". Static files may be unavailable.
[2026-09-12 23:08:42.280 +00:00] [INF] [8] Emby.Server.Implementations.ApplicationHost: Running startup tasks
[2026-09-12 23:08:42.295 +00:00] [INF] [8] Emby.Server.Implementations.ScheduledTasks.TaskManager: Daily trigger for "Generate Trickplay Images" set to fire at 2026-09-13 03:00:00.000 +00:00, which is 03:51:17.7047286 from now.
[2026-09-12 23:08:42.299 +00:00] [INF] [8] Emby.Server.Implementations.ScheduledTasks.TaskManager: Daily trigger for "Extract Chapter Images" set to fire at 2026-09-13 02:00:00.000 +00:00, which is 02:51:17.7001299 from now.
[2026-09-12 23:08:42.397 +00:00] [INF] [8] MediaBrowser.MediaEncoding.Encoder.MediaEncoder: Found ffmpeg version "8.1.2"
[2026-09-12 23:08:42.538 +00:00] [INF] [8] MediaBrowser.MediaEncoding.Encoder.MediaEncoder: Available "decoders": ["libdav1d", "av1", "av1_cuvid", "av1_qsv", "h264", "h264_qsv", "h264_cuvid", "hevc", "hevc_qsv", "hevc_cuvid", "mpeg2video", "mpeg2_qsv", "mpeg2_cuvid", "mpeg4", "mpeg4_cuvid", "msmpeg4", "vc1_qsv", "vc1_cuvid", "vp8", "libvpx", "vp8_cuvid", "vp8_qsv", "vp9", "libvpx-vp9", "vp9_cuvid", "vp9_qsv", "aac", "ac3", "ac4", "dca", "flac", "mp3", "truehd"]
[2026-09-12 23:08:42.633 +00:00] [INF] [8] MediaBrowser.MediaEncoding.Encoder.MediaEncoder: Available "encoders": ["libsvtav1", "av1_nvenc", "av1_qsv", "av1_amf", "av1_vaapi", "libx264", "h264_amf", "h264_nvenc", "h264_qsv", "h264_v4l2m2m", "h264_vaapi", "libx265", "hevc_amf", "hevc_nvenc", "hevc_qsv", "hevc_vaapi", "mjpeg_qsv", "mjpeg_vaapi", "aac", "libfdk_aac", "ac3", "alac", "dca", "flac", "libmp3lame", "libopus", "truehd", "libvorbis", "srt"]
[2026-09-12 23:08:42.654 +00:00] [INF] [8] MediaBrowser.MediaEncoding.Encoder.MediaEncoder: Available filters: ["bwdif_cuda", "bwdif_opencl", "deinterlace_qsv", "deinterlace_vaapi", "flip_vulkan", "hwupload_cuda", "hwupload_vaapi", "libplacebo", "overlay_opencl", "overlay_qsv", "overlay_vaapi", "overlay_vulkan", "overlay_cuda", "procamp_vaapi", "scale_cuda", "scale_opencl", "scale_qsv", "scale_vaapi", "scale_vulkan", "tonemapx", "tonemap_cuda", "tonemap_opencl", "tonemap_vaapi", "transpose_cuda", "transpose_opencl", "transpose_vaapi", "transpose_vulkan", "vpp_qsv", "yadif_cuda", "yadif_opencl", "zscale", "alphasrc"]
[2026-09-12 23:08:42.908 +00:00] [INF] [8] MediaBrowser.MediaEncoding.Encoder.MediaEncoder: Available hwaccel types: ["cuda", "vaapi", "qsv", "drm", "opencl", "vulkan", "amf"]
[2026-09-12 23:08:45.332 +00:00] [INF] [10] Emby.Server.Implementations.ScheduledTasks.TaskManager: "Clean Transcode Directory" Completed after 0 minute(s) and 0 seconds
[2026-09-12 23:08:46.000 +00:00] [INF] [15] Emby.Server.Implementations.ScheduledTasks.TaskManager: "Update Plugins" Completed after 0 minute(s) and 0 seconds
[2026-09-12 23:08:46.925 +00:00] [INF] [8] MediaBrowser.MediaEncoding.Encoder.MediaEncoder: FFmpeg: "/usr/lib/jellyfin-ffmpeg/ffmpeg"
[2026-09-12 23:08:46.926 +00:00] [INF] [8] Emby.Server.Implementations.ApplicationHost: ServerId: "47b857da57f142768a816987a44165cd"
[2026-09-12 23:08:46.926 +00:00] [INF] [8] Emby.Server.Implementations.ApplicationHost: Core startup complete
[2026-09-12 23:08:46.926 +00:00] [INF] [8] Main: Startup complete 0:00:13.1808768
[2026-09-12 23:09:49.830 +00:00] [WRN] [18] Jellyfin.Networking.Manager.NetworkManager: "::ffff:192.168.0.43": Only loopback "::1" returned, using that as bind address.
[2026-09-12 23:09:49.894 +00:00] [WRN] [18] Jellyfin.Networking.Manager.NetworkManager: "::ffff:192.168.0.43": Only loopback "::1" returned, using that as bind address.
[2026-09-12 23:09:49.949 +00:00] [INF] [20] Emby.Server.Implementations.HttpServer.WebSocketManager: WS "::ffff:192.168.0.43" request
[2026-09-12 23:09:49.993 +00:00] [WRN] [10] Jellyfin.Networking.Manager.NetworkManager: "::ffff:192.168.0.43": Only loopback "::1" returned, using that as bind address.
[2026-09-12 23:09:51.300 +00:00] [INF] [8] Emby.Server.Implementations.HttpServer.WebSocketManager: WS "::ffff:192.168.0.43" closed
[2026-09-12 23:09:51.867 +00:00] [WRN] [18] Jellyfin.Networking.Manager.NetworkManager: "::ffff:192.168.0.43": Only loopback "::1" returned, using that as bind address.
[2026-09-12 23:09:51.945 +00:00] [WRN] [8] Jellyfin.Networking.Manager.NetworkManager: "::ffff:192.168.0.43": Only loopback "::1" returned, using that as bind address.
[2026-09-12 23:09:51.981 +00:00] [WRN] [8] Jellyfin.Networking.Manager.NetworkManager: "::ffff:192.168.0.43": Only loopback "::1" returned, using that as bind address.
[2026-09-12 23:09:52.015 +00:00] [INF] [8] Emby.Server.Implementations.HttpServer.WebSocketManager: WS "::ffff:192.168.0.43" request
[2026-09-12 23:09:59.671 +00:00] [INF] [20] Emby.Server.Implementations.HttpServer.WebSocketManager: WS "::ffff:192.168.0.43" closed
[2026-09-12 23:10:00.396 +00:00] [WRN] [20] Jellyfin.Networking.Manager.NetworkManager: "::ffff:192.168.0.43": Only loopback "::1" returned, using that as bind address.
[2026-09-12 23:10:00.562 +00:00] [WRN] [18] Jellyfin.Networking.Manager.NetworkManager: "::ffff:192.168.0.43": Only loopback "::1" returned, using that as bind address.
[2026-09-12 23:10:00.599 +00:00] [WRN] [18] Jellyfin.Networking.Manager.NetworkManager: "::ffff:192.168.0.43": Only loopback "::1" returned, using that as bind address.
[2026-09-12 23:10:00.661 +00:00] [INF] [18] Emby.Server.Implementations.HttpServer.WebSocketManager: WS "::ffff:192.168.0.43" request
[2026-09-12 23:10:00.837 +00:00] [WRN] [21] Jellyfin.Networking.Manager.NetworkManager: "::ffff:192.168.0.43": Only loopback "::1" returned, using that as bind address.
[2026-09-12 23:10:37.868 +00:00] [INF] [28] Emby.Server.Implementations.HttpServer.WebSocketManager: WS "::ffff:192.168.0.43" closed
[2026-09-12 23:10:38.317 +00:00] [WRN] [8] Jellyfin.Networking.Manager.NetworkManager: "::ffff:192.168.0.43": Only loopback "::1" returned, using that as bind address.
[2026-09-12 23:10:38.707 +00:00] [WRN] [31] Jellyfin.Networking.Manager.NetworkManager: "::ffff:192.168.0.43": Only loopback "::1" returned, using that as bind address.
[2026-09-12 23:10:38.864 +00:00] [WRN] [30] Jellyfin.Networking.Manager.NetworkManager: "::ffff:192.168.0.43": Only loopback "::1" returned, using that as bind address.
[2026-09-12 23:10:38.880 +00:00] [WRN] [30] Jellyfin.Networking.Manager.NetworkManager: "::ffff:192.168.0.43": Only loopback "::1" returned, using that as bind address.
[2026-09-12 23:10:38.883 +00:00] [ERR] [8] Jellyfin.Api.Middleware.ExceptionMiddleware: Error processing request: "Token is required". URL "GET" "/socket".
[2026-09-12 23:10:38.993 +00:00] [INF] [27] Jellyfin.Api.Auth.CustomAuthenticationHandler: "CustomAuthentication" was not authenticated. Failure message: "Invalid token."
[2026-09-12 23:10:39.936 +00:00] [ERR] [26] Jellyfin.Api.Middleware.ExceptionMiddleware: Error processing request: "Token is required". URL "GET" "/socket".
[2026-09-12 23:10:41.462 +00:00] [ERR] [27] Jellyfin.Api.Middleware.ExceptionMiddleware: Error processing request: "Token is required". URL "GET" "/socket".
[2026-09-12 23:10:42.265 +00:00] [INF] [28] Jellyfin.Server.Implementations.Users.UserManager: Authentication request for "admin" has succeeded.
[2026-09-12 23:10:42.266 +00:00] [INF] [28] Emby.Server.Implementations.Session.SessionManager: Current/Max sessions for user "admin": 0/0
[2026-09-12 23:10:42.267 +00:00] [INF] [28] Emby.Server.Implementations.Session.SessionManager: Creating new access token for user 8c63ca3e-f2b7-40be-9586-b23d2e47a171
[2026-09-12 23:10:42.347 +00:00] [INF] [28] Emby.Server.Implementations.HttpServer.WebSocketManager: WS "::ffff:192.168.0.43" request
[2026-09-12 23:10:42.511 +00:00] [WRN] [27] Jellyfin.Networking.Manager.NetworkManager: "::ffff:192.168.0.43": Only loopback "::1" returned, using that as bind address.
[2026-09-12 23:11:58.026 +00:00] [WRN] [29] Jellyfin.Api.Middleware.IPBasedAccessValidationMiddleware: Blocking request to "%2fUsers%2fAuthenticateByName" by "172.60.0.2" due to IP filtering rule, reason: RejectDueToRemoteAccessDisabled
[2026-09-12 23:11:58.030 +00:00] [WRN] [32] Jellyfin.Api.Middleware.IPBasedAccessValidationMiddleware: Blocking request to "%2fUsers%2fAuthenticateByName" by "172.60.0.2" due to IP filtering rule, reason: RejectDueToRemoteAccessDisabled
[2026-09-12 23:12:26.403 +00:00] [WRN] [31] Jellyfin.Networking.Manager.NetworkManager: "::ffff:192.168.0.43": Only loopback "::1" returned, using that as bind address.
[2026-09-12 23:13:52.750 +00:00] [WRN] [40] Jellyfin.Networking.Manager.NetworkManager: "::ffff:192.168.0.43": Only loopback "::1" returned, using that as bind address.
[2026-09-12 23:17:12.798 +00:00] [INF] [43] Emby.Server.Implementations.Session.SessionManager: Sending shutdown notifications
[2026-09-12 23:17:12.885 +00:00] [INF] [41] Emby.Server.Implementations.HttpServer.WebSocketManager: WS "::ffff:192.168.0.43" closed
[2026-09-12 23:17:12.905 +00:00] [INF] [37] Main: Optimizing the database... This might take a while
[2026-09-12 23:17:12.975 +00:00] [INF] [37] Jellyfin.Database.Providers.Sqlite.SqliteDatabaseProvider: jellyfin.db optimized successfully!
[2026-09-12 23:17:13.066 +00:00] [INF] [37] Emby.Server.Implementations.ApplicationHost: Disposing "CoreAppHost"
[2026-09-12 23:17:13.066 +00:00] [INF] [37] Emby.Server.Implementations.ApplicationHost: Disposing "Plugin"
[2026-09-12 23:17:51.808 +00:00] [INF] [1] Emby.Server.Implementations.AppBase.BaseConfigurationManager: Setting cache path: "/config/cache"
[2026-09-12 23:17:52.581 +00:00] [INF] [7] Jellyfin.Server.ServerSetupApp.SetupServer: Kestrel is listening on "all interfaces"
[2026-09-12 23:17:52.787 +00:00] [INF] [7] Main: Jellyfin version: "12.0.0"
[2026-09-12 23:17:52.805 +00:00] [INF] [7] Main: Environment Variables: ["[JELLYFIN_LOG_DIR, /config/log]", "[JELLYFIN_CACHE_DIR, /config/cache]", "[JELLYFIN_CONFIG_DIR, /config]", "[JELLYFIN_WEB_DIR, /usr/share/jellyfin/web]", "[JELLYFIN_DATA_DIR, /config/data]"]
[2026-09-12 23:17:52.811 +00:00] [INF] [7] Main: Arguments: ["/usr/lib/jellyfin/bin/jellyfin.dll", "--ffmpeg=/usr/lib/jellyfin-ffmpeg/ffmpeg"]
[2026-09-12 23:17:52.814 +00:00] [INF] [7] Main: Operating system: "Ubuntu 26.04.1 LTS"
[2026-09-12 23:17:52.814 +00:00] [INF] [7] Main: Architecture: X64
[2026-09-12 23:17:52.815 +00:00] [INF] [7] Main: 64-Bit Process: True
[2026-09-12 23:17:52.815 +00:00] [INF] [7] Main: User Interactive: True
[2026-09-12 23:17:52.815 +00:00] [INF] [7] Main: Processor count: 4
[2026-09-12 23:17:52.815 +00:00] [INF] [7] Main: Program data path: "/config/data"
[2026-09-12 23:17:52.815 +00:00] [INF] [7] Main: Log directory path: "/config/log"
[2026-09-12 23:17:52.815 +00:00] [INF] [7] Main: Config directory path: "/config"
[2026-09-12 23:17:52.815 +00:00] [INF] [7] Main: Cache path: "/config/cache"
[2026-09-12 23:17:52.816 +00:00] [INF] [7] Main: Temp directory path: "/tmp/jellyfin"
[2026-09-12 23:17:52.816 +00:00] [INF] [7] Main: Web resources path: "/usr/share/jellyfin/web"
[2026-09-12 23:17:52.816 +00:00] [INF] [7] Main: Application directory: "/usr/lib/jellyfin/bin/"
[2026-09-12 23:17:52.827 +00:00] [INF] [7] Jellyfin.Server.Startup: Storage path `"/config/data/data"` (Fixed) successfully checked with "204.7GiB" free which is over the minimum of "2GiB".
[2026-09-12 23:17:52.829 +00:00] [INF] [7] Jellyfin.Server.Startup: Storage path `"/config/cache"` (Fixed) successfully checked with "204.7GiB" free which is over the minimum of "2GiB".
[2026-09-12 23:17:52.830 +00:00] [INF] [7] Jellyfin.Server.Startup: Storage path `"/config/data"` (Fixed) successfully checked with "204.7GiB" free which is over the minimum of "2GiB".
[2026-09-12 23:17:52.860 +00:00] [INF] [7] Emby.Server.Implementations.AppBase.BaseConfigurationManager: Setting cache path: "/config/cache"
[2026-09-12 23:17:53.195 +00:00] [INF] [7] Jellyfin.Database.Providers.Sqlite.SqliteDatabaseProvider: SQLite connection string: "Data Source=/config/data/data/jellyfin.db;Cache=Private;Default Timeout=60;Pooling=True"
[2026-09-12 23:17:53.203 +00:00] [INF] [7] Jellyfin.Database.Providers.Sqlite.SqliteDatabaseProvider: SQLITE connection pragma command set to: 
"PRAGMA locking_mode=NORMAL;
PRAGMA journal_size_limit=134217728;
PRAGMA synchronous=1;
PRAGMA temp_store=2;
"
[2026-09-12 23:17:53.205 +00:00] [INF] [7] Jellyfin.Database.Implementations.Locking.NoLockBehavior: The database locking mode has been set to: NoLock.
[2026-09-12 23:17:53.251 +00:00] [INF] [7] Jellyfin.Server.Migrations.JellyfinMigrationService: Initialise Migration service.
[2026-09-12 23:17:54.023 +00:00] [WRN] [13] Microsoft.Extensions.Diagnostics.HealthChecks.DefaultHealthCheckService: Health check "StartupCheck" with status Degraded completed after 1.0077ms with message '"Server is still starting up."'
[2026-09-12 23:17:55.103 +00:00] [WRN] [11] Microsoft.Extensions.Diagnostics.HealthChecks.DefaultHealthCheckService: Health check "StartupCheck" with status Degraded completed after 0.0826ms with message '"Server is still starting up."'
[2026-09-12 23:17:55.620 +00:00] [INF] [7] Emby.Server.Implementations.AppBase.BaseConfigurationManager: Setting cache path: "/config/cache"
[2026-09-12 23:17:55.650 +00:00] [INF] [7] Emby.Server.Implementations.ApplicationHost: Loading assemblies
[2026-09-12 23:17:55.732 +00:00] [INF] [7] Jellyfin.Networking.Manager.NetworkManager: Defined LAN subnets: ["::1/128", "fe80::/10", "fc00::/7", "127.0.0.0/8", "10.0.0.0/8", "172.16.0.0/12", "192.168.0.0/16"]
[2026-09-12 23:17:55.732 +00:00] [INF] [7] Jellyfin.Networking.Manager.NetworkManager: Defined LAN exclusions: []
[2026-09-12 23:17:55.735 +00:00] [INF] [7] Jellyfin.Networking.Manager.NetworkManager: Used LAN subnets: ["::1/128", "fe80::/10", "fc00::/7", "127.0.0.0/8", "10.0.0.0/8", "172.16.0.0/12", "192.168.0.0/16"]
[2026-09-12 23:17:55.736 +00:00] [INF] [7] Jellyfin.Networking.Manager.NetworkManager: Filtered interface addresses: []
[2026-09-12 23:17:55.737 +00:00] [INF] [7] Jellyfin.Networking.Manager.NetworkManager: Bind Addresses ["::"]
[2026-09-12 23:17:55.737 +00:00] [INF] [7] Jellyfin.Networking.Manager.NetworkManager: Remote IP filter is "Allowlist"
[2026-09-12 23:17:55.737 +00:00] [INF] [7] Jellyfin.Networking.Manager.NetworkManager: Filtered subnets: []
[2026-09-12 23:17:55.909 +00:00] [INF] [7] Jellyfin.Database.Providers.Sqlite.SqliteDatabaseProvider: SQLite connection string: "Data Source=/config/data/data/jellyfin.db;Cache=Private;Default Timeout=60;Pooling=True"
[2026-09-12 23:17:55.909 +00:00] [INF] [7] Jellyfin.Database.Providers.Sqlite.SqliteDatabaseProvider: SQLITE connection pragma command set to: 
"PRAGMA locking_mode=NORMAL;
PRAGMA journal_size_limit=134217728;
PRAGMA synchronous=1;
PRAGMA temp_store=2;
"
[2026-09-12 23:17:55.910 +00:00] [INF] [7] Jellyfin.Database.Implementations.Locking.NoLockBehavior: The database locking mode has been set to: NoLock.
[2026-09-12 23:17:55.982 +00:00] [INF] [7] Main: Prepare system for possible migrations
[2026-09-12 23:17:56.123 +00:00] [WRN] [8] Microsoft.Extensions.Diagnostics.HealthChecks.DefaultHealthCheckService: Health check "StartupCheck" with status Degraded completed after 0.0024ms with message '"Server is still starting up."'
[2026-09-12 23:17:56.285 +00:00] [INF] [7] Emby.Server.Implementations.Plugins.PluginManager: Loaded plugin: "TMDb" "12.0.0.0"
[2026-09-12 23:17:56.288 +00:00] [INF] [7] Emby.Server.Implementations.Plugins.PluginManager: Loaded plugin: "Studio Images" "12.0.0.0"
[2026-09-12 23:17:56.289 +00:00] [INF] [7] Emby.Server.Implementations.Plugins.PluginManager: Loaded plugin: "OMDb" "12.0.0.0"
[2026-09-12 23:17:56.311 +00:00] [INF] [7] Emby.Server.Implementations.Plugins.PluginManager: Loaded plugin: "MusicBrainz" "12.0.0.0"
[2026-09-12 23:17:56.312 +00:00] [INF] [7] Emby.Server.Implementations.Plugins.PluginManager: Loaded plugin: "ListenBrainz Similarity Provider" "12.0.0.0"
[2026-09-12 23:17:56.313 +00:00] [INF] [7] Emby.Server.Implementations.Plugins.PluginManager: Loaded plugin: "AudioDB" "12.0.0.0"
[2026-09-12 23:17:56.387 +00:00] [INF] [7] Emby.Server.Implementations.Library.Search.SearchManager: Registered 0 external search providers: "". Fallback providers: "Database (priority 100)"
[2026-09-12 23:17:57.008 +00:00] [INF] [11] Main: Kestrel is listening on "all interfaces"
[2026-09-12 23:17:58.902 +00:00] [WRN] [11] Microsoft.AspNetCore.StaticFiles.StaticFileMiddleware: The WebRootPath was not found: "/run/s6-rc:s6-rc-init:JhDHkN/servicedirs/svc-jellyfin/wwwroot". Static files may be unavailable.
[2026-09-12 23:17:58.953 +00:00] [INF] [11] Emby.Server.Implementations.ApplicationHost: Running startup tasks
[2026-09-12 23:17:58.968 +00:00] [INF] [11] Emby.Server.Implementations.ScheduledTasks.TaskManager: Daily trigger for "Generate Trickplay Images" set to fire at 2026-09-13 03:00:00.000 +00:00, which is 03:42:01.0320975 from now.
[2026-09-12 23:17:58.972 +00:00] [INF] [11] Emby.Server.Implementations.ScheduledTasks.TaskManager: Daily trigger for "Extract Chapter Images" set to fire at 2026-09-13 02:00:00.000 +00:00, which is 02:42:01.0276175 from now.
[2026-09-12 23:17:59.079 +00:00] [INF] [11] MediaBrowser.MediaEncoding.Encoder.MediaEncoder: Found ffmpeg version "8.1.2"
[2026-09-12 23:17:59.117 +00:00] [INF] [11] MediaBrowser.MediaEncoding.Encoder.MediaEncoder: Available "decoders": ["libdav1d", "av1", "av1_cuvid", "av1_qsv", "h264", "h264_qsv", "h264_cuvid", "hevc", "hevc_qsv", "hevc_cuvid", "mpeg2video", "mpeg2_qsv", "mpeg2_cuvid", "mpeg4", "mpeg4_cuvid", "msmpeg4", "vc1_qsv", "vc1_cuvid", "vp8", "libvpx", "vp8_cuvid", "vp8_qsv", "vp9", "libvpx-vp9", "vp9_cuvid", "vp9_qsv", "aac", "ac3", "ac4", "dca", "flac", "mp3", "truehd"]
[2026-09-12 23:17:59.138 +00:00] [INF] [11] MediaBrowser.MediaEncoding.Encoder.MediaEncoder: Available "encoders": ["libsvtav1", "av1_nvenc", "av1_qsv", "av1_amf", "av1_vaapi", "libx264", "h264_amf", "h264_nvenc", "h264_qsv", "h264_v4l2m2m", "h264_vaapi", "libx265", "hevc_amf", "hevc_nvenc", "hevc_qsv", "hevc_vaapi", "mjpeg_qsv", "mjpeg_vaapi", "aac", "libfdk_aac", "ac3", "alac", "dca", "flac", "libmp3lame", "libopus", "truehd", "libvorbis", "srt"]
[2026-09-12 23:17:59.167 +00:00] [INF] [11] MediaBrowser.MediaEncoding.Encoder.MediaEncoder: Available filters: ["bwdif_cuda", "bwdif_opencl", "deinterlace_qsv", "deinterlace_vaapi", "flip_vulkan", "hwupload_cuda", "hwupload_vaapi", "libplacebo", "overlay_opencl", "overlay_qsv", "overlay_vaapi", "overlay_vulkan", "overlay_cuda", "procamp_vaapi", "scale_cuda", "scale_opencl", "scale_qsv", "scale_vaapi", "scale_vulkan", "tonemapx", "tonemap_cuda", "tonemap_opencl", "tonemap_vaapi", "transpose_cuda", "transpose_opencl", "transpose_vaapi", "transpose_vulkan", "vpp_qsv", "yadif_cuda", "yadif_opencl", "zscale", "alphasrc"]
[2026-09-12 23:17:59.465 +00:00] [INF] [11] MediaBrowser.MediaEncoding.Encoder.MediaEncoder: Available hwaccel types: ["cuda", "vaapi", "qsv", "drm", "opencl", "vulkan", "amf"]
[2026-09-12 23:18:02.002 +00:00] [INF] [7] Emby.Server.Implementations.ScheduledTasks.TaskManager: "Clean Transcode Directory" Completed after 0 minute(s) and 0 seconds
[2026-09-12 23:18:02.678 +00:00] [INF] [13] Emby.Server.Implementations.ScheduledTasks.TaskManager: "Update Plugins" Completed after 0 minute(s) and 0 seconds
[2026-09-12 23:18:03.779 +00:00] [INF] [11] MediaBrowser.MediaEncoding.Encoder.MediaEncoder: FFmpeg: "/usr/lib/jellyfin-ffmpeg/ffmpeg"
[2026-09-12 23:18:03.780 +00:00] [INF] [11] Emby.Server.Implementations.ApplicationHost: ServerId: "47b857da57f142768a816987a44165cd"
[2026-09-12 23:18:03.780 +00:00] [INF] [11] Emby.Server.Implementations.ApplicationHost: Core startup complete
[2026-09-12 23:18:03.780 +00:00] [INF] [11] Main: Startup complete 0:00:12.7796869
[2026-09-12 23:18:08.079 +00:00] [INF] [15] Emby.Server.Implementations.HttpServer.WebSocketManager: WS "::ffff:192.168.0.43" request
[2026-09-12 23:21:29.295 +00:00] [INF] [27] Emby.Server.Implementations.Session.SessionManager: Sending shutdown notifications
[2026-09-12 23:21:29.348 +00:00] [INF] [22] Emby.Server.Implementations.HttpServer.WebSocketManager: WS "::ffff:192.168.0.43" closed
[2026-09-12 23:21:29.396 +00:00] [INF] [23] Main: Optimizing the database... This might take a while
[2026-09-12 23:21:29.466 +00:00] [INF] [23] Jellyfin.Database.Providers.Sqlite.SqliteDatabaseProvider: jellyfin.db optimized successfully!
[2026-09-12 23:21:29.554 +00:00] [INF] [23] Emby.Server.Implementations.ApplicationHost: Disposing "CoreAppHost"
[2026-09-12 23:21:29.555 +00:00] [INF] [23] Emby.Server.Implementations.ApplicationHost: Disposing "Plugin"
[2026-09-12 23:21:59.726 +00:00] [INF] [1] Emby.Server.Implementations.AppBase.BaseConfigurationManager: Setting cache path: "/config/cache"
[2026-09-12 23:22:00.074 +00:00] [INF] [8] Jellyfin.Server.ServerSetupApp.SetupServer: Kestrel is listening on "all interfaces"
[2026-09-12 23:22:00.129 +00:00] [INF] [8] Main: Jellyfin version: "12.0.0"
[2026-09-12 23:22:00.139 +00:00] [INF] [8] Main: Environment Variables: ["[JELLYFIN_WEB_DIR, /usr/share/jellyfin/web]", "[JELLYFIN_DATA_DIR, /config/data]", "[JELLYFIN_LOG_DIR, /config/log]", "[JELLYFIN_CONFIG_DIR, /config]", "[JELLYFIN_CACHE_DIR, /config/cache]"]
[2026-09-12 23:22:00.142 +00:00] [INF] [8] Main: Arguments: ["/usr/lib/jellyfin/bin/jellyfin.dll", "--ffmpeg=/usr/lib/jellyfin-ffmpeg/ffmpeg"]
[2026-09-12 23:22:00.143 +00:00] [INF] [8] Main: Operating system: "Ubuntu 26.04.1 LTS"
[2026-09-12 23:22:00.143 +00:00] [INF] [8] Main: Architecture: X64
[2026-09-12 23:22:00.147 +00:00] [INF] [8] Main: 64-Bit Process: True
[2026-09-12 23:22:00.147 +00:00] [INF] [8] Main: User Interactive: True
[2026-09-12 23:22:00.147 +00:00] [INF] [8] Main: Processor count: 4
[2026-09-12 23:22:00.147 +00:00] [INF] [8] Main: Program data path: "/config/data"
[2026-09-12 23:22:00.147 +00:00] [INF] [8] Main: Log directory path: "/config/log"
[2026-09-12 23:22:00.148 +00:00] [INF] [8] Main: Config directory path: "/config"
[2026-09-12 23:22:00.148 +00:00] [INF] [8] Main: Cache path: "/config/cache"
[2026-09-12 23:22:00.148 +00:00] [INF] [8] Main: Temp directory path: "/tmp/jellyfin"
[2026-09-12 23:22:00.148 +00:00] [INF] [8] Main: Web resources path: "/usr/share/jellyfin/web"
[2026-09-12 23:22:00.148 +00:00] [INF] [8] Main: Application directory: "/usr/lib/jellyfin/bin/"
[2026-09-12 23:22:00.154 +00:00] [INF] [8] Jellyfin.Server.Startup: Storage path `"/config/data/data"` (Fixed) successfully checked with "204.7GiB" free which is over the minimum of "2GiB".
[2026-09-12 23:22:00.155 +00:00] [INF] [8] Jellyfin.Server.Startup: Storage path `"/config/cache"` (Fixed) successfully checked with "204.7GiB" free which is over the minimum of "2GiB".
[2026-09-12 23:22:00.155 +00:00] [INF] [8] Jellyfin.Server.Startup: Storage path `"/config/data"` (Fixed) successfully checked with "204.7GiB" free which is over the minimum of "2GiB".
[2026-09-12 23:22:00.161 +00:00] [INF] [8] Emby.Server.Implementations.AppBase.BaseConfigurationManager: Setting cache path: "/config/cache"
[2026-09-12 23:22:00.324 +00:00] [INF] [8] Jellyfin.Database.Providers.Sqlite.SqliteDatabaseProvider: SQLite connection string: "Data Source=/config/data/data/jellyfin.db;Cache=Private;Default Timeout=60;Pooling=True"
[2026-09-12 23:22:00.350 +00:00] [INF] [8] Jellyfin.Database.Providers.Sqlite.SqliteDatabaseProvider: SQLITE connection pragma command set to: 
"PRAGMA locking_mode=NORMAL;
PRAGMA journal_size_limit=134217728;
PRAGMA synchronous=1;
PRAGMA temp_store=2;
"
[2026-09-12 23:22:00.352 +00:00] [INF] [8] Jellyfin.Database.Implementations.Locking.NoLockBehavior: The database locking mode has been set to: NoLock.
[2026-09-12 23:22:00.498 +00:00] [INF] [8] Jellyfin.Server.Migrations.JellyfinMigrationService: Initialise Migration service.
[2026-09-12 23:22:01.210 +00:00] [WRN] [7] Microsoft.Extensions.Diagnostics.HealthChecks.DefaultHealthCheckService: Health check "StartupCheck" with status Degraded completed after 0.9837ms with message '"Server is still starting up."'
[2026-09-12 23:22:02.394 +00:00] [WRN] [7] Microsoft.Extensions.Diagnostics.HealthChecks.DefaultHealthCheckService: Health check "StartupCheck" with status Degraded completed after 0.0892ms with message '"Server is still starting up."'
[2026-09-12 23:22:03.459 +00:00] [WRN] [13] Microsoft.Extensions.Diagnostics.HealthChecks.DefaultHealthCheckService: Health check "StartupCheck" with status Degraded completed after 0.0037ms with message '"Server is still starting up."'
[2026-09-12 23:22:03.794 +00:00] [INF] [8] Emby.Server.Implementations.AppBase.BaseConfigurationManager: Setting cache path: "/config/cache"
[2026-09-12 23:22:03.813 +00:00] [INF] [8] Emby.Server.Implementations.ApplicationHost: Loading assemblies
[2026-09-12 23:22:03.871 +00:00] [INF] [8] Jellyfin.Networking.Manager.NetworkManager: Defined LAN subnets: ["::1/128", "fe80::/10", "fc00::/7", "127.0.0.0/8", "10.0.0.0/8", "172.16.0.0/12", "192.168.0.0/16"]
[2026-09-12 23:22:03.872 +00:00] [INF] [8] Jellyfin.Networking.Manager.NetworkManager: Defined LAN exclusions: []
[2026-09-12 23:22:03.874 +00:00] [INF] [8] Jellyfin.Networking.Manager.NetworkManager: Used LAN subnets: ["::1/128", "fe80::/10", "fc00::/7", "127.0.0.0/8", "10.0.0.0/8", "172.16.0.0/12", "192.168.0.0/16"]
[2026-09-12 23:22:03.875 +00:00] [INF] [8] Jellyfin.Networking.Manager.NetworkManager: Filtered interface addresses: []
[2026-09-12 23:22:03.876 +00:00] [INF] [8] Jellyfin.Networking.Manager.NetworkManager: Bind Addresses ["::"]
[2026-09-12 23:22:03.876 +00:00] [INF] [8] Jellyfin.Networking.Manager.NetworkManager: Remote IP filter is "Allowlist"
[2026-09-12 23:22:03.877 +00:00] [INF] [8] Jellyfin.Networking.Manager.NetworkManager: Filtered subnets: []
[2026-09-12 23:22:04.084 +00:00] [INF] [8] Jellyfin.Database.Providers.Sqlite.SqliteDatabaseProvider: SQLite connection string: "Data Source=/config/data/data/jellyfin.db;Cache=Private;Default Timeout=60;Pooling=True"
[2026-09-12 23:22:04.085 +00:00] [INF] [8] Jellyfin.Database.Providers.Sqlite.SqliteDatabaseProvider: SQLITE connection pragma command set to: 
"PRAGMA locking_mode=NORMAL;
PRAGMA journal_size_limit=134217728;
PRAGMA synchronous=1;
PRAGMA temp_store=2;
"
[2026-09-12 23:22:04.086 +00:00] [INF] [8] Jellyfin.Database.Implementations.Locking.NoLockBehavior: The database locking mode has been set to: NoLock.
[2026-09-12 23:22:04.209 +00:00] [INF] [8] Main: Prepare system for possible migrations
[2026-09-12 23:22:04.482 +00:00] [WRN] [10] Microsoft.Extensions.Diagnostics.HealthChecks.DefaultHealthCheckService: Health check "StartupCheck" with status Degraded completed after 0.0019ms with message '"Server is still starting up."'
[2026-09-12 23:22:04.625 +00:00] [INF] [8] Emby.Server.Implementations.Plugins.PluginManager: Loaded plugin: "TMDb" "12.0.0.0"
[2026-09-12 23:22:04.626 +00:00] [INF] [8] Emby.Server.Implementations.Plugins.PluginManager: Loaded plugin: "Studio Images" "12.0.0.0"
[2026-09-12 23:22:04.627 +00:00] [INF] [8] Emby.Server.Implementations.Plugins.PluginManager: Loaded plugin: "OMDb" "12.0.0.0"
[2026-09-12 23:22:04.648 +00:00] [INF] [8] Emby.Server.Implementations.Plugins.PluginManager: Loaded plugin: "MusicBrainz" "12.0.0.0"
[2026-09-12 23:22:04.648 +00:00] [INF] [8] Emby.Server.Implementations.Plugins.PluginManager: Loaded plugin: "ListenBrainz Similarity Provider" "12.0.0.0"
[2026-09-12 23:22:04.649 +00:00] [INF] [8] Emby.Server.Implementations.Plugins.PluginManager: Loaded plugin: "AudioDB" "12.0.0.0"
[2026-09-12 23:22:04.712 +00:00] [INF] [8] Emby.Server.Implementations.Library.Search.SearchManager: Registered 0 external search providers: "". Fallback providers: "Database (priority 100)"
[2026-09-12 23:22:05.240 +00:00] [INF] [7] Main: Kestrel is listening on "all interfaces"
[2026-09-12 23:22:06.254 +00:00] [WRN] [7] Microsoft.AspNetCore.StaticFiles.StaticFileMiddleware: The WebRootPath was not found: "/run/s6-rc:s6-rc-init:gAgJho/servicedirs/svc-jellyfin/wwwroot". Static files may be unavailable.
[2026-09-12 23:22:06.308 +00:00] [INF] [7] Emby.Server.Implementations.ApplicationHost: Running startup tasks
[2026-09-12 23:22:06.324 +00:00] [INF] [7] Emby.Server.Implementations.ScheduledTasks.TaskManager: Daily trigger for "Generate Trickplay Images" set to fire at 2026-09-13 03:00:00.000 +00:00, which is 03:37:53.6754217 from now.
[2026-09-12 23:22:06.329 +00:00] [INF] [7] Emby.Server.Implementations.ScheduledTasks.TaskManager: Daily trigger for "Extract Chapter Images" set to fire at 2026-09-13 02:00:00.000 +00:00, which is 02:37:53.6705825 from now.
[2026-09-12 23:22:06.417 +00:00] [INF] [7] MediaBrowser.MediaEncoding.Encoder.MediaEncoder: Found ffmpeg version "8.1.2"
[2026-09-12 23:22:06.456 +00:00] [INF] [7] MediaBrowser.MediaEncoding.Encoder.MediaEncoder: Available "decoders": ["libdav1d", "av1", "av1_cuvid", "av1_qsv", "h264", "h264_qsv", "h264_cuvid", "hevc", "hevc_qsv", "hevc_cuvid", "mpeg2video", "mpeg2_qsv", "mpeg2_cuvid", "mpeg4", "mpeg4_cuvid", "msmpeg4", "vc1_qsv", "vc1_cuvid", "vp8", "libvpx", "vp8_cuvid", "vp8_qsv", "vp9", "libvpx-vp9", "vp9_cuvid", "vp9_qsv", "aac", "ac3", "ac4", "dca", "flac", "mp3", "truehd"]
[2026-09-12 23:22:06.477 +00:00] [INF] [7] MediaBrowser.MediaEncoding.Encoder.MediaEncoder: Available "encoders": ["libsvtav1", "av1_nvenc", "av1_qsv", "av1_amf", "av1_vaapi", "libx264", "h264_amf", "h264_nvenc", "h264_qsv", "h264_v4l2m2m", "h264_vaapi", "libx265", "hevc_amf", "hevc_nvenc", "hevc_qsv", "hevc_vaapi", "mjpeg_qsv", "mjpeg_vaapi", "aac", "libfdk_aac", "ac3", "alac", "dca", "flac", "libmp3lame", "libopus", "truehd", "libvorbis", "srt"]
[2026-09-12 23:22:06.507 +00:00] [INF] [7] MediaBrowser.MediaEncoding.Encoder.MediaEncoder: Available filters: ["bwdif_cuda", "bwdif_opencl", "deinterlace_qsv", "deinterlace_vaapi", "flip_vulkan", "hwupload_cuda", "hwupload_vaapi", "libplacebo", "overlay_opencl", "overlay_qsv", "overlay_vaapi", "overlay_vulkan", "overlay_cuda", "procamp_vaapi", "scale_cuda", "scale_opencl", "scale_qsv", "scale_vaapi", "scale_vulkan", "tonemapx", "tonemap_cuda", "tonemap_opencl", "tonemap_vaapi", "transpose_cuda", "transpose_opencl", "transpose_vaapi", "transpose_vulkan", "vpp_qsv", "yadif_cuda", "yadif_opencl", "zscale", "alphasrc"]
[2026-09-12 23:22:06.816 +00:00] [INF] [7] MediaBrowser.MediaEncoding.Encoder.MediaEncoder: Available hwaccel types: ["cuda", "vaapi", "qsv", "drm", "opencl", "vulkan", "amf"]
[2026-09-12 23:22:09.505 +00:00] [INF] [8] Emby.Server.Implementations.ScheduledTasks.TaskManager: "Clean Transcode Directory" Completed after 0 minute(s) and 0 seconds
[2026-09-12 23:22:10.279 +00:00] [INF] [10] Emby.Server.Implementations.ScheduledTasks.TaskManager: "Update Plugins" Completed after 0 minute(s) and 0 seconds
[2026-09-12 23:22:12.116 +00:00] [INF] [7] MediaBrowser.MediaEncoding.Encoder.MediaEncoder: FFmpeg: "/usr/lib/jellyfin-ffmpeg/ffmpeg"
[2026-09-12 23:22:12.117 +00:00] [INF] [7] Emby.Server.Implementations.ApplicationHost: ServerId: "47b857da57f142768a816987a44165cd"
[2026-09-12 23:22:12.117 +00:00] [INF] [7] Emby.Server.Implementations.ApplicationHost: Core startup complete
[2026-09-12 23:22:12.117 +00:00] [INF] [7] Main: Startup complete 0:00:12.8068029
[2026-09-12 23:22:24.292 +00:00] [INF] [8] Emby.Server.Implementations.HttpServer.WebSocketManager: WS "::ffff:192.168.0.43" request
[2026-09-12 23:24:40.022 +00:00] [INF] [24] Emby.Server.Implementations.Session.SessionManager: Sending shutdown notifications
[2026-09-12 23:24:40.050 +00:00] [INF] [22] Emby.Server.Implementations.HttpServer.WebSocketManager: WS "::ffff:192.168.0.43" closed
[2026-09-12 23:24:40.072 +00:00] [INF] [18] Main: Optimizing the database... This might take a while
[2026-09-12 23:24:40.176 +00:00] [INF] [18] Jellyfin.Database.Providers.Sqlite.SqliteDatabaseProvider: jellyfin.db optimized successfully!
[2026-09-12 23:24:40.215 +00:00] [INF] [18] Emby.Server.Implementations.ApplicationHost: Disposing "CoreAppHost"
[2026-09-12 23:24:40.215 +00:00] [INF] [18] Emby.Server.Implementations.ApplicationHost: Disposing "Plugin"
[2026-09-12 23:27:12.085 +00:00] [INF] [1] Emby.Server.Implementations.AppBase.BaseConfigurationManager: Setting cache path: "/config/cache"
[2026-09-12 23:27:12.595 +00:00] [INF] [8] Jellyfin.Server.ServerSetupApp.SetupServer: Kestrel is listening on "all interfaces"
[2026-09-12 23:27:12.675 +00:00] [INF] [8] Main: Jellyfin version: "12.0.0"
[2026-09-12 23:27:12.685 +00:00] [INF] [8] Main: Environment Variables: ["[JELLYFIN_CACHE_DIR, /config/cache]", "[JELLYFIN_LOG_DIR, /config/log]", "[JELLYFIN_WEB_DIR, /usr/share/jellyfin/web]", "[JELLYFIN_CONFIG_DIR, /config]", "[JELLYFIN_DATA_DIR, /config/data]"]
[2026-09-12 23:27:12.697 +00:00] [INF] [8] Main: Arguments: ["/usr/lib/jellyfin/bin/jellyfin.dll", "--ffmpeg=/usr/lib/jellyfin-ffmpeg/ffmpeg"]
[2026-09-12 23:27:12.700 +00:00] [INF] [8] Main: Operating system: "Ubuntu 26.04.1 LTS"
[2026-09-12 23:27:12.701 +00:00] [INF] [8] Main: Architecture: X64
[2026-09-12 23:27:12.701 +00:00] [INF] [8] Main: 64-Bit Process: True
[2026-09-12 23:27:12.701 +00:00] [INF] [8] Main: User Interactive: True
[2026-09-12 23:27:12.701 +00:00] [INF] [8] Main: Processor count: 4
[2026-09-12 23:27:12.701 +00:00] [INF] [8] Main: Program data path: "/config/data"
[2026-09-12 23:27:12.701 +00:00] [INF] [8] Main: Log directory path: "/config/log"
[2026-09-12 23:27:12.701 +00:00] [INF] [8] Main: Config directory path: "/config"
[2026-09-12 23:27:12.702 +00:00] [INF] [8] Main: Cache path: "/config/cache"
[2026-09-12 23:27:12.702 +00:00] [INF] [8] Main: Temp directory path: "/tmp/jellyfin"
[2026-09-12 23:27:12.702 +00:00] [INF] [8] Main: Web resources path: "/usr/share/jellyfin/web"
[2026-09-12 23:27:12.702 +00:00] [INF] [8] Main: Application directory: "/usr/lib/jellyfin/bin/"
[2026-09-12 23:27:12.716 +00:00] [INF] [8] Jellyfin.Server.Startup: Storage path `"/config/data/data"` (Fixed) successfully checked with "204.7GiB" free which is over the minimum of "2GiB".
[2026-09-12 23:27:12.720 +00:00] [INF] [8] Jellyfin.Server.Startup: Storage path `"/config/cache"` (Fixed) successfully checked with "204.7GiB" free which is over the minimum of "2GiB".
[2026-09-12 23:27:12.720 +00:00] [INF] [8] Jellyfin.Server.Startup: Storage path `"/config/data"` (Fixed) successfully checked with "204.7GiB" free which is over the minimum of "2GiB".
[2026-09-12 23:27:12.730 +00:00] [INF] [8] Emby.Server.Implementations.AppBase.BaseConfigurationManager: Setting cache path: "/config/cache"
[2026-09-12 23:27:12.888 +00:00] [INF] [8] Jellyfin.Database.Providers.Sqlite.SqliteDatabaseProvider: SQLite connection string: "Data Source=/config/data/data/jellyfin.db;Cache=Private;Default Timeout=60;Pooling=True"
[2026-09-12 23:27:12.897 +00:00] [INF] [8] Jellyfin.Database.Providers.Sqlite.SqliteDatabaseProvider: SQLITE connection pragma command set to: 
"PRAGMA locking_mode=NORMAL;
PRAGMA journal_size_limit=134217728;
PRAGMA synchronous=1;
PRAGMA temp_store=2;
"
[2026-09-12 23:27:12.899 +00:00] [INF] [8] Jellyfin.Database.Implementations.Locking.NoLockBehavior: The database locking mode has been set to: NoLock.
[2026-09-12 23:27:13.017 +00:00] [INF] [8] Jellyfin.Server.Migrations.JellyfinMigrationService: Initialise Migration service.
[2026-09-12 23:27:13.559 +00:00] [WRN] [11] Microsoft.Extensions.Diagnostics.HealthChecks.DefaultHealthCheckService: Health check "StartupCheck" with status Degraded completed after 6.3036ms with message '"Server is still starting up."'
[2026-09-12 23:27:14.658 +00:00] [WRN] [15] Microsoft.Extensions.Diagnostics.HealthChecks.DefaultHealthCheckService: Health check "StartupCheck" with status Degraded completed after 0.0673ms with message '"Server is still starting up."'
[2026-09-12 23:27:15.203 +00:00] [INF] [8] Emby.Server.Implementations.AppBase.BaseConfigurationManager: Setting cache path: "/config/cache"
[2026-09-12 23:27:15.221 +00:00] [INF] [8] Emby.Server.Implementations.ApplicationHost: Loading assemblies
[2026-09-12 23:27:15.267 +00:00] [INF] [8] Jellyfin.Networking.Manager.NetworkManager: Defined LAN subnets: ["::1/128", "fe80::/10", "fc00::/7", "127.0.0.0/8", "10.0.0.0/8", "172.16.0.0/12", "192.168.0.0/16"]
[2026-09-12 23:27:15.268 +00:00] [INF] [8] Jellyfin.Networking.Manager.NetworkManager: Defined LAN exclusions: []
[2026-09-12 23:27:15.270 +00:00] [INF] [8] Jellyfin.Networking.Manager.NetworkManager: Used LAN subnets: ["::1/128", "fe80::/10", "fc00::/7", "127.0.0.0/8", "10.0.0.0/8", "172.16.0.0/12", "192.168.0.0/16"]
[2026-09-12 23:27:15.271 +00:00] [INF] [8] Jellyfin.Networking.Manager.NetworkManager: Filtered interface addresses: []
[2026-09-12 23:27:15.273 +00:00] [INF] [8] Jellyfin.Networking.Manager.NetworkManager: Bind Addresses ["::"]
[2026-09-12 23:27:15.273 +00:00] [INF] [8] Jellyfin.Networking.Manager.NetworkManager: Remote IP filter is "Allowlist"
[2026-09-12 23:27:15.273 +00:00] [INF] [8] Jellyfin.Networking.Manager.NetworkManager: Filtered subnets: []
[2026-09-12 23:27:15.398 +00:00] [INF] [8] Jellyfin.Database.Providers.Sqlite.SqliteDatabaseProvider: SQLite connection string: "Data Source=/config/data/data/jellyfin.db;Cache=Private;Default Timeout=60;Pooling=True"
[2026-09-12 23:27:15.399 +00:00] [INF] [8] Jellyfin.Database.Providers.Sqlite.SqliteDatabaseProvider: SQLITE connection pragma command set to: 
"PRAGMA locking_mode=NORMAL;
PRAGMA journal_size_limit=134217728;
PRAGMA synchronous=1;
PRAGMA temp_store=2;
"
[2026-09-12 23:27:15.400 +00:00] [INF] [8] Jellyfin.Database.Implementations.Locking.NoLockBehavior: The database locking mode has been set to: NoLock.
[2026-09-12 23:27:15.465 +00:00] [INF] [8] Main: Prepare system for possible migrations
[2026-09-12 23:27:15.696 +00:00] [WRN] [15] Microsoft.Extensions.Diagnostics.HealthChecks.DefaultHealthCheckService: Health check "StartupCheck" with status Degraded completed after 0.0032ms with message '"Server is still starting up."'
[2026-09-12 23:27:15.703 +00:00] [INF] [8] Emby.Server.Implementations.Plugins.PluginManager: Loaded plugin: "TMDb" "12.0.0.0"
[2026-09-12 23:27:15.706 +00:00] [INF] [8] Emby.Server.Implementations.Plugins.PluginManager: Loaded plugin: "Studio Images" "12.0.0.0"
[2026-09-12 23:27:15.707 +00:00] [INF] [8] Emby.Server.Implementations.Plugins.PluginManager: Loaded plugin: "OMDb" "12.0.0.0"
[2026-09-12 23:27:15.725 +00:00] [INF] [8] Emby.Server.Implementations.Plugins.PluginManager: Loaded plugin: "MusicBrainz" "12.0.0.0"
[2026-09-12 23:27:15.726 +00:00] [INF] [8] Emby.Server.Implementations.Plugins.PluginManager: Loaded plugin: "ListenBrainz Similarity Provider" "12.0.0.0"
[2026-09-12 23:27:15.727 +00:00] [INF] [8] Emby.Server.Implementations.Plugins.PluginManager: Loaded plugin: "AudioDB" "12.0.0.0"
[2026-09-12 23:27:15.794 +00:00] [INF] [8] Emby.Server.Implementations.Library.Search.SearchManager: Registered 0 external search providers: "". Fallback providers: "Database (priority 100)"
[2026-09-12 23:27:16.226 +00:00] [INF] [7] Main: Kestrel is listening on "all interfaces"
[2026-09-12 23:27:17.873 +00:00] [WRN] [7] Microsoft.AspNetCore.StaticFiles.StaticFileMiddleware: The WebRootPath was not found: "/run/s6-rc:s6-rc-init:FDPcKO/servicedirs/svc-jellyfin/wwwroot". Static files may be unavailable.
[2026-09-12 23:27:17.913 +00:00] [INF] [7] Emby.Server.Implementations.ApplicationHost: Running startup tasks
[2026-09-12 23:27:17.927 +00:00] [INF] [7] Emby.Server.Implementations.ScheduledTasks.TaskManager: Daily trigger for "Generate Trickplay Images" set to fire at 2026-09-13 03:00:00.000 +00:00, which is 03:32:42.0730661 from now.
[2026-09-12 23:27:17.931 +00:00] [INF] [7] Emby.Server.Implementations.ScheduledTasks.TaskManager: Daily trigger for "Extract Chapter Images" set to fire at 2026-09-13 02:00:00.000 +00:00, which is 02:32:42.0684086 from now.
[2026-09-12 23:27:17.974 +00:00] [INF] [7] MediaBrowser.MediaEncoding.Encoder.MediaEncoder: Found ffmpeg version "8.1.2"
[2026-09-12 23:27:18.013 +00:00] [INF] [7] MediaBrowser.MediaEncoding.Encoder.MediaEncoder: Available "decoders": ["libdav1d", "av1", "av1_cuvid", "av1_qsv", "h264", "h264_qsv", "h264_cuvid", "hevc", "hevc_qsv", "hevc_cuvid", "mpeg2video", "mpeg2_qsv", "mpeg2_cuvid", "mpeg4", "mpeg4_cuvid", "msmpeg4", "vc1_qsv", "vc1_cuvid", "vp8", "libvpx", "vp8_cuvid", "vp8_qsv", "vp9", "libvpx-vp9", "vp9_cuvid", "vp9_qsv", "aac", "ac3", "ac4", "dca", "flac", "mp3", "truehd"]
[2026-09-12 23:27:18.032 +00:00] [INF] [7] MediaBrowser.MediaEncoding.Encoder.MediaEncoder: Available "encoders": ["libsvtav1", "av1_nvenc", "av1_qsv", "av1_amf", "av1_vaapi", "libx264", "h264_amf", "h264_nvenc", "h264_qsv", "h264_v4l2m2m", "h264_vaapi", "libx265", "hevc_amf", "hevc_nvenc", "hevc_qsv", "hevc_vaapi", "mjpeg_qsv", "mjpeg_vaapi", "aac", "libfdk_aac", "ac3", "alac", "dca", "flac", "libmp3lame", "libopus", "truehd", "libvorbis", "srt"]
[2026-09-12 23:27:18.063 +00:00] [INF] [7] MediaBrowser.MediaEncoding.Encoder.MediaEncoder: Available filters: ["bwdif_cuda", "bwdif_opencl", "deinterlace_qsv", "deinterlace_vaapi", "flip_vulkan", "hwupload_cuda", "hwupload_vaapi", "libplacebo", "overlay_opencl", "overlay_qsv", "overlay_vaapi", "overlay_vulkan", "overlay_cuda", "procamp_vaapi", "scale_cuda", "scale_opencl", "scale_qsv", "scale_vaapi", "scale_vulkan", "tonemapx", "tonemap_cuda", "tonemap_opencl", "tonemap_vaapi", "transpose_cuda", "transpose_opencl", "transpose_vaapi", "transpose_vulkan", "vpp_qsv", "yadif_cuda", "yadif_opencl", "zscale", "alphasrc"]
[2026-09-12 23:27:18.368 +00:00] [INF] [7] MediaBrowser.MediaEncoding.Encoder.MediaEncoder: Available hwaccel types: ["cuda", "vaapi", "qsv", "drm", "opencl", "vulkan", "amf"]
[2026-09-12 23:27:20.970 +00:00] [INF] [8] Emby.Server.Implementations.ScheduledTasks.TaskManager: "Clean Transcode Directory" Completed after 0 minute(s) and 0 seconds
[2026-09-12 23:27:21.870 +00:00] [INF] [13] Emby.Server.Implementations.ScheduledTasks.TaskManager: "Update Plugins" Completed after 0 minute(s) and 0 seconds
[2026-09-12 23:27:24.224 +00:00] [INF] [7] MediaBrowser.MediaEncoding.Encoder.MediaEncoder: FFmpeg: "/usr/lib/jellyfin-ffmpeg/ffmpeg"
[2026-09-12 23:27:24.225 +00:00] [INF] [7] Emby.Server.Implementations.ApplicationHost: ServerId: "47b857da57f142768a816987a44165cd"
[2026-09-12 23:27:24.225 +00:00] [INF] [7] Emby.Server.Implementations.ApplicationHost: Core startup complete
[2026-09-12 23:27:24.225 +00:00] [INF] [7] Main: Startup complete 0:00:12.6360907
[2026-09-12 23:27:38.388 +00:00] [INF] [13] Emby.Server.Implementations.HttpServer.WebSocketManager: WS "::ffff:192.168.0.43" request
[2026-09-12 23:35:18.894 +00:00] [INF] [30] Emby.Server.Implementations.Session.SessionManager: Sending shutdown notifications
[2026-09-12 23:35:18.989 +00:00] [INF] [34] Emby.Server.Implementations.HttpServer.WebSocketManager: WS "::ffff:192.168.0.43" closed
[2026-09-12 23:35:19.010 +00:00] [INF] [31] Main: Optimizing the database... This might take a while
[2026-09-12 23:35:19.083 +00:00] [INF] [31] Jellyfin.Database.Providers.Sqlite.SqliteDatabaseProvider: jellyfin.db optimized successfully!
[2026-09-12 23:35:19.132 +00:00] [INF] [31] Emby.Server.Implementations.ApplicationHost: Disposing "CoreAppHost"
[2026-09-12 23:35:19.132 +00:00] [INF] [31] Emby.Server.Implementations.ApplicationHost: Disposing "Plugin"
[2026-09-12 23:41:43.771 +00:00] [INF] [1] Emby.Server.Implementations.AppBase.BaseConfigurationManager: Setting cache path: "/config/cache"
[2026-09-12 23:41:44.761 +00:00] [INF] [7] Jellyfin.Server.ServerSetupApp.SetupServer: Kestrel is listening on "all interfaces"
[2026-09-12 23:41:44.858 +00:00] [INF] [7] Main: Jellyfin version: "12.0.0"
[2026-09-12 23:41:44.870 +00:00] [INF] [7] Main: Environment Variables: ["[JELLYFIN_CONFIG_DIR, /config]", "[JELLYFIN_WEB_DIR, /usr/share/jellyfin/web]", "[JELLYFIN_LOG_DIR, /config/log]", "[JELLYFIN_DATA_DIR, /config/data]", "[JELLYFIN_CACHE_DIR, /config/cache]"]
[2026-09-12 23:41:44.876 +00:00] [INF] [7] Main: Arguments: ["/usr/lib/jellyfin/bin/jellyfin.dll", "--ffmpeg=/usr/lib/jellyfin-ffmpeg/ffmpeg"]
[2026-09-12 23:41:44.876 +00:00] [INF] [7] Main: Operating system: "Ubuntu 26.04.1 LTS"
[2026-09-12 23:41:44.877 +00:00] [INF] [7] Main: Architecture: X64
[2026-09-12 23:41:44.877 +00:00] [INF] [7] Main: 64-Bit Process: True
[2026-09-12 23:41:44.877 +00:00] [INF] [7] Main: User Interactive: True
[2026-09-12 23:41:44.877 +00:00] [INF] [7] Main: Processor count: 4
[2026-09-12 23:41:44.878 +00:00] [INF] [7] Main: Program data path: "/config/data"
[2026-09-12 23:41:44.878 +00:00] [INF] [7] Main: Log directory path: "/config/log"
[2026-09-12 23:41:44.878 +00:00] [INF] [7] Main: Config directory path: "/config"
[2026-09-12 23:41:44.878 +00:00] [INF] [7] Main: Cache path: "/config/cache"
[2026-09-12 23:41:44.878 +00:00] [INF] [7] Main: Temp directory path: "/tmp/jellyfin"
[2026-09-12 23:41:44.878 +00:00] [INF] [7] Main: Web resources path: "/usr/share/jellyfin/web"
[2026-09-12 23:41:44.878 +00:00] [INF] [7] Main: Application directory: "/usr/lib/jellyfin/bin/"
[2026-09-12 23:41:44.888 +00:00] [INF] [7] Jellyfin.Server.Startup: Storage path `"/config/data/data"` (Fixed) successfully checked with "204.7GiB" free which is over the minimum of "2GiB".
[2026-09-12 23:41:44.888 +00:00] [INF] [7] Jellyfin.Server.Startup: Storage path `"/config/cache"` (Fixed) successfully checked with "204.7GiB" free which is over the minimum of "2GiB".
[2026-09-12 23:41:44.888 +00:00] [INF] [7] Jellyfin.Server.Startup: Storage path `"/config/data"` (Fixed) successfully checked with "204.7GiB" free which is over the minimum of "2GiB".
[2026-09-12 23:41:44.902 +00:00] [INF] [7] Emby.Server.Implementations.AppBase.BaseConfigurationManager: Setting cache path: "/config/cache"
[2026-09-12 23:41:45.081 +00:00] [INF] [7] Jellyfin.Database.Providers.Sqlite.SqliteDatabaseProvider: SQLite connection string: "Data Source=/config/data/data/jellyfin.db;Cache=Private;Default Timeout=60;Pooling=True"
[2026-09-12 23:41:45.112 +00:00] [INF] [7] Jellyfin.Database.Providers.Sqlite.SqliteDatabaseProvider: SQLITE connection pragma command set to: 
"PRAGMA locking_mode=NORMAL;
PRAGMA journal_size_limit=134217728;
PRAGMA synchronous=1;
PRAGMA temp_store=2;
"
[2026-09-12 23:41:45.117 +00:00] [INF] [7] Jellyfin.Database.Implementations.Locking.NoLockBehavior: The database locking mode has been set to: NoLock.
[2026-09-12 23:41:45.333 +00:00] [INF] [7] Jellyfin.Server.Migrations.JellyfinMigrationService: Initialise Migration service.
[2026-09-12 23:41:45.591 +00:00] [WRN] [14] Microsoft.Extensions.Diagnostics.HealthChecks.DefaultHealthCheckService: Health check "StartupCheck" with status Degraded completed after 5.4987ms with message '"Server is still starting up."'
[2026-09-12 23:41:46.753 +00:00] [WRN] [14] Microsoft.Extensions.Diagnostics.HealthChecks.DefaultHealthCheckService: Health check "StartupCheck" with status Degraded completed after 0.0753ms with message '"Server is still starting up."'
[2026-09-12 23:41:47.732 +00:00] [INF] [7] Emby.Server.Implementations.AppBase.BaseConfigurationManager: Setting cache path: "/config/cache"
[2026-09-12 23:41:47.754 +00:00] [INF] [7] Emby.Server.Implementations.ApplicationHost: Loading assemblies
[2026-09-12 23:41:47.784 +00:00] [WRN] [13] Microsoft.Extensions.Diagnostics.HealthChecks.DefaultHealthCheckService: Health check "StartupCheck" with status Degraded completed after 0.0041ms with message '"Server is still starting up."'
[2026-09-12 23:41:47.808 +00:00] [INF] [7] Jellyfin.Networking.Manager.NetworkManager: Defined LAN subnets: ["::1/128", "fe80::/10", "fc00::/7", "127.0.0.0/8", "10.0.0.0/8", "172.16.0.0/12", "192.168.0.0/16"]
[2026-09-12 23:41:47.808 +00:00] [INF] [7] Jellyfin.Networking.Manager.NetworkManager: Defined LAN exclusions: []
[2026-09-12 23:41:47.810 +00:00] [INF] [7] Jellyfin.Networking.Manager.NetworkManager: Used LAN subnets: ["::1/128", "fe80::/10", "fc00::/7", "127.0.0.0/8", "10.0.0.0/8", "172.16.0.0/12", "192.168.0.0/16"]
[2026-09-12 23:41:47.811 +00:00] [INF] [7] Jellyfin.Networking.Manager.NetworkManager: Filtered interface addresses: []
[2026-09-12 23:41:47.813 +00:00] [INF] [7] Jellyfin.Networking.Manager.NetworkManager: Bind Addresses ["::"]
[2026-09-12 23:41:47.813 +00:00] [INF] [7] Jellyfin.Networking.Manager.NetworkManager: Remote IP filter is "Allowlist"
[2026-09-12 23:41:47.813 +00:00] [INF] [7] Jellyfin.Networking.Manager.NetworkManager: Filtered subnets: []
[2026-09-12 23:41:48.082 +00:00] [INF] [7] Jellyfin.Database.Providers.Sqlite.SqliteDatabaseProvider: SQLite connection string: "Data Source=/config/data/data/jellyfin.db;Cache=Private;Default Timeout=60;Pooling=True"
[2026-09-12 23:41:48.083 +00:00] [INF] [7] Jellyfin.Database.Providers.Sqlite.SqliteDatabaseProvider: SQLITE connection pragma command set to: 
"PRAGMA locking_mode=NORMAL;
PRAGMA journal_size_limit=134217728;
PRAGMA synchronous=1;
PRAGMA temp_store=2;
"
[2026-09-12 23:41:48.083 +00:00] [INF] [7] Jellyfin.Database.Implementations.Locking.NoLockBehavior: The database locking mode has been set to: NoLock.
[2026-09-12 23:41:48.208 +00:00] [INF] [7] Main: Prepare system for possible migrations
[2026-09-12 23:41:48.434 +00:00] [INF] [7] Emby.Server.Implementations.Plugins.PluginManager: Loaded plugin: "TMDb" "12.0.0.0"
[2026-09-12 23:41:48.435 +00:00] [INF] [7] Emby.Server.Implementations.Plugins.PluginManager: Loaded plugin: "Studio Images" "12.0.0.0"
[2026-09-12 23:41:48.436 +00:00] [INF] [7] Emby.Server.Implementations.Plugins.PluginManager: Loaded plugin: "OMDb" "12.0.0.0"
[2026-09-12 23:41:48.452 +00:00] [INF] [7] Emby.Server.Implementations.Plugins.PluginManager: Loaded plugin: "MusicBrainz" "12.0.0.0"
[2026-09-12 23:41:48.452 +00:00] [INF] [7] Emby.Server.Implementations.Plugins.PluginManager: Loaded plugin: "ListenBrainz Similarity Provider" "12.0.0.0"
[2026-09-12 23:41:48.453 +00:00] [INF] [7] Emby.Server.Implementations.Plugins.PluginManager: Loaded plugin: "AudioDB" "12.0.0.0"
[2026-09-12 23:41:48.514 +00:00] [INF] [7] Emby.Server.Implementations.Library.Search.SearchManager: Registered 0 external search providers: "". Fallback providers: "Database (priority 100)"
[2026-09-12 23:41:49.146 +00:00] [INF] [10] Main: Kestrel is listening on "all interfaces"
[2026-09-12 23:41:51.067 +00:00] [WRN] [10] Microsoft.AspNetCore.StaticFiles.StaticFileMiddleware: The WebRootPath was not found: "/run/s6-rc:s6-rc-init:FLeNdL/servicedirs/svc-jellyfin/wwwroot". Static files may be unavailable.
[2026-09-12 23:41:51.191 +00:00] [INF] [10] Emby.Server.Implementations.ApplicationHost: Running startup tasks
[2026-09-12 23:41:51.231 +00:00] [INF] [10] Emby.Server.Implementations.ScheduledTasks.TaskManager: Daily trigger for "Generate Trickplay Images" set to fire at 2026-09-13 03:00:00.000 +00:00, which is 03:18:08.7683348 from now.
[2026-09-12 23:41:51.243 +00:00] [INF] [10] Emby.Server.Implementations.ScheduledTasks.TaskManager: Daily trigger for "Extract Chapter Images" set to fire at 2026-09-13 02:00:00.000 +00:00, which is 02:18:08.7567892 from now.
[2026-09-12 23:41:51.785 +00:00] [INF] [10] MediaBrowser.MediaEncoding.Encoder.MediaEncoder: Found ffmpeg version "8.1.2"
[2026-09-12 23:41:51.831 +00:00] [INF] [10] MediaBrowser.MediaEncoding.Encoder.MediaEncoder: Available "decoders": ["libdav1d", "av1", "av1_cuvid", "av1_qsv", "h264", "h264_qsv", "h264_cuvid", "hevc", "hevc_qsv", "hevc_cuvid", "mpeg2video", "mpeg2_qsv", "mpeg2_cuvid", "mpeg4", "mpeg4_cuvid", "msmpeg4", "vc1_qsv", "vc1_cuvid", "vp8", "libvpx", "vp8_cuvid", "vp8_qsv", "vp9", "libvpx-vp9", "vp9_cuvid", "vp9_qsv", "aac", "ac3", "ac4", "dca", "flac", "mp3", "truehd"]
[2026-09-12 23:41:51.870 +00:00] [INF] [10] MediaBrowser.MediaEncoding.Encoder.MediaEncoder: Available "encoders": ["libsvtav1", "av1_nvenc", "av1_qsv", "av1_amf", "av1_vaapi", "libx264", "h264_amf", "h264_nvenc", "h264_qsv", "h264_v4l2m2m", "h264_vaapi", "libx265", "hevc_amf", "hevc_nvenc", "hevc_qsv", "hevc_vaapi", "mjpeg_qsv", "mjpeg_vaapi", "aac", "libfdk_aac", "ac3", "alac", "dca", "flac", "libmp3lame", "libopus", "truehd", "libvorbis", "srt"]
[2026-09-12 23:41:51.890 +00:00] [INF] [10] MediaBrowser.MediaEncoding.Encoder.MediaEncoder: Available filters: ["bwdif_cuda", "bwdif_opencl", "deinterlace_qsv", "deinterlace_vaapi", "flip_vulkan", "hwupload_cuda", "hwupload_vaapi", "libplacebo", "overlay_opencl", "overlay_qsv", "overlay_vaapi", "overlay_vulkan", "overlay_cuda", "procamp_vaapi", "scale_cuda", "scale_opencl", "scale_qsv", "scale_vaapi", "scale_vulkan", "tonemapx", "tonemap_cuda", "tonemap_opencl", "tonemap_vaapi", "transpose_cuda", "transpose_opencl", "transpose_vaapi", "transpose_vulkan", "vpp_qsv", "yadif_cuda", "yadif_opencl", "zscale", "alphasrc"]
[2026-09-12 23:41:52.419 +00:00] [INF] [10] MediaBrowser.MediaEncoding.Encoder.MediaEncoder: Available hwaccel types: ["cuda", "vaapi", "qsv", "drm", "opencl", "vulkan", "amf"]
[2026-09-12 23:41:54.280 +00:00] [INF] [13] Emby.Server.Implementations.ScheduledTasks.TaskManager: "Clean Transcode Directory" Completed after 0 minute(s) and 0 seconds
[2026-09-12 23:41:55.008 +00:00] [INF] [13] Emby.Server.Implementations.ScheduledTasks.TaskManager: "Update Plugins" Completed after 0 minute(s) and 0 seconds
[2026-09-12 23:41:56.851 +00:00] [INF] [10] MediaBrowser.MediaEncoding.Encoder.MediaEncoder: FFmpeg: "/usr/lib/jellyfin-ffmpeg/ffmpeg"
[2026-09-12 23:41:56.852 +00:00] [INF] [10] Emby.Server.Implementations.ApplicationHost: ServerId: "47b857da57f142768a816987a44165cd"
[2026-09-12 23:41:56.852 +00:00] [INF] [10] Emby.Server.Implementations.ApplicationHost: Core startup complete
[2026-09-12 23:41:56.852 +00:00] [INF] [10] Main: Startup complete 0:00:14.2067329
[2026-09-12 23:41:58.807 +00:00] [WRN] [10] Jellyfin.Networking.Manager.NetworkManager: "::ffff:192.168.0.43": Only loopback "::1" returned, using that as bind address.
[2026-09-12 23:41:58.931 +00:00] [WRN] [9] Jellyfin.Networking.Manager.NetworkManager: "::ffff:192.168.0.43": Only loopback "::1" returned, using that as bind address.
[2026-09-12 23:41:58.968 +00:00] [WRN] [14] Jellyfin.Networking.Manager.NetworkManager: "::ffff:192.168.0.43": Only loopback "::1" returned, using that as bind address.
[2026-09-12 23:41:59.022 +00:00] [INF] [9] Emby.Server.Implementations.HttpServer.WebSocketManager: WS "::ffff:192.168.0.43" request
[2026-09-12 23:42:06.095 +00:00] [INF] [7] Emby.Server.Implementations.HttpServer.WebSocketManager: WS "::ffff:192.168.0.43" closed
[2026-09-12 23:42:06.660 +00:00] [WRN] [9] Jellyfin.Networking.Manager.NetworkManager: "::ffff:192.168.0.43": Only loopback "::1" returned, using that as bind address.
[2026-09-12 23:42:06.725 +00:00] [WRN] [23] Jellyfin.Networking.Manager.NetworkManager: "::ffff:192.168.0.43": Only loopback "::1" returned, using that as bind address.
[2026-09-12 23:42:06.821 +00:00] [WRN] [10] Jellyfin.Networking.Manager.NetworkManager: "::ffff:192.168.0.43": Only loopback "::1" returned, using that as bind address.
[2026-09-12 23:42:06.866 +00:00] [INF] [7] Emby.Server.Implementations.HttpServer.WebSocketManager: WS "::ffff:192.168.0.43" request
[2026-09-12 23:42:07.466 +00:00] [INF] [7] Emby.Server.Implementations.HttpServer.WebSocketManager: WS "::ffff:192.168.0.43" closed
[2026-09-12 23:42:07.984 +00:00] [WRN] [10] Jellyfin.Networking.Manager.NetworkManager: "::ffff:192.168.0.43": Only loopback "::1" returned, using that as bind address.
[2026-09-12 23:42:08.060 +00:00] [WRN] [23] Jellyfin.Networking.Manager.NetworkManager: "::ffff:192.168.0.43": Only loopback "::1" returned, using that as bind address.
[2026-09-12 23:42:08.103 +00:00] [WRN] [10] Jellyfin.Networking.Manager.NetworkManager: "::ffff:192.168.0.43": Only loopback "::1" returned, using that as bind address.
[2026-09-12 23:42:08.136 +00:00] [INF] [7] Emby.Server.Implementations.HttpServer.WebSocketManager: WS "::ffff:192.168.0.43" request
[2026-09-12 23:42:08.698 +00:00] [INF] [14] Emby.Server.Implementations.HttpServer.WebSocketManager: WS "::ffff:192.168.0.43" closed
[2026-09-12 23:42:09.267 +00:00] [WRN] [14] Jellyfin.Networking.Manager.NetworkManager: "::ffff:192.168.0.43": Only loopback "::1" returned, using that as bind address.
[2026-09-12 23:42:09.335 +00:00] [WRN] [9] Jellyfin.Networking.Manager.NetworkManager: "::ffff:192.168.0.43": Only loopback "::1" returned, using that as bind address.
[2026-09-12 23:42:09.380 +00:00] [WRN] [14] Jellyfin.Networking.Manager.NetworkManager: "::ffff:192.168.0.43": Only loopback "::1" returned, using that as bind address.
[2026-09-12 23:42:09.412 +00:00] [INF] [10] Emby.Server.Implementations.HttpServer.WebSocketManager: WS "::ffff:192.168.0.43" request
[2026-09-12 23:42:10.004 +00:00] [INF] [14] Emby.Server.Implementations.HttpServer.WebSocketManager: WS "::ffff:192.168.0.43" closed
[2026-09-12 23:42:10.575 +00:00] [WRN] [7] Jellyfin.Networking.Manager.NetworkManager: "::ffff:192.168.0.43": Only loopback "::1" returned, using that as bind address.
[2026-09-12 23:42:10.662 +00:00] [WRN] [9] Jellyfin.Networking.Manager.NetworkManager: "::ffff:192.168.0.43": Only loopback "::1" returned, using that as bind address.
[2026-09-12 23:42:10.684 +00:00] [WRN] [9] Jellyfin.Networking.Manager.NetworkManager: "::ffff:192.168.0.43": Only loopback "::1" returned, using that as bind address.
[2026-09-12 23:42:10.712 +00:00] [INF] [9] Emby.Server.Implementations.HttpServer.WebSocketManager: WS "::ffff:192.168.0.43" request
[2026-09-12 23:42:38.591 +00:00] [INF] [20] Emby.Server.Implementations.HttpServer.WebSocketManager: WS "::ffff:192.168.0.43" closed
[2026-09-12 23:42:39.191 +00:00] [WRN] [24] Jellyfin.Networking.Manager.NetworkManager: "::ffff:192.168.0.43": Only loopback "::1" returned, using that as bind address.
[2026-09-12 23:42:39.268 +00:00] [WRN] [24] Jellyfin.Networking.Manager.NetworkManager: "::ffff:192.168.0.43": Only loopback "::1" returned, using that as bind address.
[2026-09-12 23:42:39.293 +00:00] [WRN] [13] Jellyfin.Networking.Manager.NetworkManager: "::ffff:192.168.0.43": Only loopback "::1" returned, using that as bind address.
[2026-09-12 23:42:39.326 +00:00] [INF] [20] Emby.Server.Implementations.HttpServer.WebSocketManager: WS "::ffff:192.168.0.43" request
[2026-09-12 23:42:41.834 +00:00] [INF] [13] Emby.Server.Implementations.HttpServer.WebSocketManager: WS "::ffff:192.168.0.43" closed
[2026-09-12 23:42:42.522 +00:00] [WRN] [24] Jellyfin.Networking.Manager.NetworkManager: "::ffff:192.168.0.43": Only loopback "::1" returned, using that as bind address.
[2026-09-12 23:42:42.673 +00:00] [WRN] [25] Jellyfin.Networking.Manager.NetworkManager: "::ffff:192.168.0.43": Only loopback "::1" returned, using that as bind address.
[2026-09-12 23:42:42.713 +00:00] [WRN] [24] Jellyfin.Networking.Manager.NetworkManager: "::ffff:192.168.0.43": Only loopback "::1" returned, using that as bind address.
[2026-09-12 23:42:42.758 +00:00] [INF] [13] Emby.Server.Implementations.HttpServer.WebSocketManager: WS "::ffff:192.168.0.43" request
[2026-09-12 23:42:52.698 +00:00] [INF] [27] Emby.Server.Implementations.HttpServer.WebSocketManager: WS "::ffff:192.168.0.43" closed
[2026-09-12 23:42:53.274 +00:00] [WRN] [20] Jellyfin.Networking.Manager.NetworkManager: "::ffff:192.168.0.43": Only loopback "::1" returned, using that as bind address.
[2026-09-12 23:42:53.504 +00:00] [WRN] [27] Jellyfin.Networking.Manager.NetworkManager: "::ffff:192.168.0.43": Only loopback "::1" returned, using that as bind address.
[2026-09-12 23:42:53.666 +00:00] [WRN] [30] Jellyfin.Networking.Manager.NetworkManager: "::ffff:192.168.0.43": Only loopback "::1" returned, using that as bind address.
[2026-09-12 23:42:53.685 +00:00] [WRN] [30] Jellyfin.Networking.Manager.NetworkManager: "::ffff:192.168.0.43": Only loopback "::1" returned, using that as bind address.
[2026-09-12 23:42:53.689 +00:00] [ERR] [30] Jellyfin.Api.Middleware.ExceptionMiddleware: Error processing request: "Token is required". URL "GET" "/socket".
[2026-09-12 23:42:53.964 +00:00] [INF] [20] Jellyfin.Api.Auth.CustomAuthenticationHandler: "CustomAuthentication" was not authenticated. Failure message: "Invalid token."
[2026-09-12 23:42:54.722 +00:00] [ERR] [26] Jellyfin.Api.Middleware.ExceptionMiddleware: Error processing request: "Token is required". URL "GET" "/socket".
[2026-09-12 23:42:56.241 +00:00] [ERR] [26] Jellyfin.Api.Middleware.ExceptionMiddleware: Error processing request: "Token is required". URL "GET" "/socket".
[2026-09-12 23:42:56.758 +00:00] [INF] [27] Jellyfin.Server.Implementations.Users.UserManager: Authentication request for "admin" has succeeded.
[2026-09-12 23:42:56.758 +00:00] [INF] [27] Emby.Server.Implementations.Session.SessionManager: Current/Max sessions for user "admin": 0/0
[2026-09-12 23:42:56.760 +00:00] [INF] [27] Emby.Server.Implementations.Session.SessionManager: Creating new access token for user 8c63ca3e-f2b7-40be-9586-b23d2e47a171
[2026-09-12 23:42:56.955 +00:00] [INF] [27] Emby.Server.Implementations.HttpServer.WebSocketManager: WS "::ffff:192.168.0.43" request
[2026-09-12 23:42:57.169 +00:00] [WRN] [27] Jellyfin.Networking.Manager.NetworkManager: "::ffff:192.168.0.43": Only loopback "::1" returned, using that as bind address.
[2026-09-12 23:43:19.272 +00:00] [WRN] [13] Jellyfin.Api.Middleware.IPBasedAccessValidationMiddleware: Blocking request to "%2fUsers%2fAuthenticateByName" by "172.60.0.1" due to IP filtering rule, reason: RejectDueToRemoteAccessDisabled
[2026-09-12 23:43:19.277 +00:00] [WRN] [13] Jellyfin.Api.Middleware.IPBasedAccessValidationMiddleware: Blocking request to "%2fUsers%2fAuthenticateByName" by "172.60.0.1" due to IP filtering rule, reason: RejectDueToRemoteAccessDisabled
[2026-09-12 23:46:04.688 +00:00] [INF] [41] Emby.Server.Implementations.Session.SessionManager: Sending shutdown notifications
[2026-09-12 23:46:04.718 +00:00] [INF] [34] Emby.Server.Implementations.HttpServer.WebSocketManager: WS "::ffff:192.168.0.43" closed
[2026-09-12 23:46:04.766 +00:00] [INF] [39] Main: Optimizing the database... This might take a while
[2026-09-12 23:46:04.853 +00:00] [INF] [39] Jellyfin.Database.Providers.Sqlite.SqliteDatabaseProvider: jellyfin.db optimized successfully!
[2026-09-12 23:46:04.901 +00:00] [INF] [39] Emby.Server.Implementations.ApplicationHost: Disposing "CoreAppHost"
[2026-09-12 23:46:04.902 +00:00] [INF] [39] Emby.Server.Implementations.ApplicationHost: Disposing "Plugin"
[2026-09-12 23:46:11.997 +00:00] [INF] [1] Emby.Server.Implementations.AppBase.BaseConfigurationManager: Setting cache path: "/config/cache"
[2026-09-12 23:46:12.479 +00:00] [INF] [7] Jellyfin.Server.ServerSetupApp.SetupServer: Kestrel is listening on "all interfaces"
[2026-09-12 23:46:12.521 +00:00] [INF] [7] Main: Jellyfin version: "12.0.0"
[2026-09-12 23:46:12.528 +00:00] [INF] [7] Main: Environment Variables: ["[JELLYFIN_CACHE_DIR, /config/cache]", "[JELLYFIN_CONFIG_DIR, /config]", "[JELLYFIN_DATA_DIR, /config/data]", "[JELLYFIN_WEB_DIR, /usr/share/jellyfin/web]", "[JELLYFIN_LOG_DIR, /config/log]"]
[2026-09-12 23:46:12.530 +00:00] [INF] [7] Main: Arguments: ["/usr/lib/jellyfin/bin/jellyfin.dll", "--ffmpeg=/usr/lib/jellyfin-ffmpeg/ffmpeg"]
[2026-09-12 23:46:12.530 +00:00] [INF] [7] Main: Operating system: "Ubuntu 26.04.1 LTS"
[2026-09-12 23:46:12.530 +00:00] [INF] [7] Main: Architecture: X64
[2026-09-12 23:46:12.531 +00:00] [INF] [7] Main: 64-Bit Process: True
[2026-09-12 23:46:12.531 +00:00] [INF] [7] Main: User Interactive: True
[2026-09-12 23:46:12.531 +00:00] [INF] [7] Main: Processor count: 4
[2026-09-12 23:46:12.531 +00:00] [INF] [7] Main: Program data path: "/config/data"
[2026-09-12 23:46:12.531 +00:00] [INF] [7] Main: Log directory path: "/config/log"
[2026-09-12 23:46:12.531 +00:00] [INF] [7] Main: Config directory path: "/config"
[2026-09-12 23:46:12.531 +00:00] [INF] [7] Main: Cache path: "/config/cache"
[2026-09-12 23:46:12.531 +00:00] [INF] [7] Main: Temp directory path: "/tmp/jellyfin"
[2026-09-12 23:46:12.531 +00:00] [INF] [7] Main: Web resources path: "/usr/share/jellyfin/web"
[2026-09-12 23:46:12.531 +00:00] [INF] [7] Main: Application directory: "/usr/lib/jellyfin/bin/"
[2026-09-12 23:46:12.537 +00:00] [INF] [7] Jellyfin.Server.Startup: Storage path `"/config/data/data"` (Fixed) successfully checked with "204.7GiB" free which is over the minimum of "2GiB".
[2026-09-12 23:46:12.538 +00:00] [INF] [7] Jellyfin.Server.Startup: Storage path `"/config/cache"` (Fixed) successfully checked with "204.7GiB" free which is over the minimum of "2GiB".
[2026-09-12 23:46:12.538 +00:00] [INF] [7] Jellyfin.Server.Startup: Storage path `"/config/data"` (Fixed) successfully checked with "204.7GiB" free which is over the minimum of "2GiB".
[2026-09-12 23:46:12.542 +00:00] [INF] [7] Emby.Server.Implementations.AppBase.BaseConfigurationManager: Setting cache path: "/config/cache"
[2026-09-12 23:46:12.639 +00:00] [INF] [7] Jellyfin.Database.Providers.Sqlite.SqliteDatabaseProvider: SQLite connection string: "Data Source=/config/data/data/jellyfin.db;Cache=Private;Default Timeout=60;Pooling=True"
[2026-09-12 23:46:12.647 +00:00] [INF] [7] Jellyfin.Database.Providers.Sqlite.SqliteDatabaseProvider: SQLITE connection pragma command set to: 
"PRAGMA locking_mode=NORMAL;
PRAGMA journal_size_limit=134217728;
PRAGMA synchronous=1;
PRAGMA temp_store=2;
"
[2026-09-12 23:46:12.649 +00:00] [INF] [7] Jellyfin.Database.Implementations.Locking.NoLockBehavior: The database locking mode has been set to: NoLock.
[2026-09-12 23:46:12.802 +00:00] [INF] [7] Jellyfin.Server.Migrations.JellyfinMigrationService: Initialise Migration service.
[2026-09-12 23:46:12.845 +00:00] [WRN] [13] Microsoft.Extensions.Diagnostics.HealthChecks.DefaultHealthCheckService: Health check "StartupCheck" with status Degraded completed after 3.4797ms with message '"Server is still starting up."'
[2026-09-12 23:46:14.007 +00:00] [WRN] [14] Microsoft.Extensions.Diagnostics.HealthChecks.DefaultHealthCheckService: Health check "StartupCheck" with status Degraded completed after 0.1392ms with message '"Server is still starting up."'
[2026-09-12 23:46:15.166 +00:00] [WRN] [11] Microsoft.Extensions.Diagnostics.HealthChecks.DefaultHealthCheckService: Health check "StartupCheck" with status Degraded completed after 0.0134ms with message '"Server is still starting up."'
[2026-09-12 23:46:16.279 +00:00] [WRN] [11] Microsoft.Extensions.Diagnostics.HealthChecks.DefaultHealthCheckService: Health check "StartupCheck" with status Degraded completed after 0.0022ms with message '"Server is still starting up."'
[2026-09-12 23:46:16.752 +00:00] [INF] [7] Emby.Server.Implementations.AppBase.BaseConfigurationManager: Setting cache path: "/config/cache"
[2026-09-12 23:46:16.768 +00:00] [INF] [7] Emby.Server.Implementations.ApplicationHost: Loading assemblies
[2026-09-12 23:46:16.816 +00:00] [INF] [7] Jellyfin.Networking.Manager.NetworkManager: Defined LAN subnets: ["::1/128", "fe80::/10", "fc00::/7", "127.0.0.0/8", "10.0.0.0/8", "172.16.0.0/12", "192.168.0.0/16"]
[2026-09-12 23:46:16.816 +00:00] [INF] [7] Jellyfin.Networking.Manager.NetworkManager: Defined LAN exclusions: []
[2026-09-12 23:46:16.819 +00:00] [INF] [7] Jellyfin.Networking.Manager.NetworkManager: Used LAN subnets: ["::1/128", "fe80::/10", "fc00::/7", "127.0.0.0/8", "10.0.0.0/8", "172.16.0.0/12", "192.168.0.0/16"]
[2026-09-12 23:46:16.820 +00:00] [INF] [7] Jellyfin.Networking.Manager.NetworkManager: Filtered interface addresses: []
[2026-09-12 23:46:16.821 +00:00] [INF] [7] Jellyfin.Networking.Manager.NetworkManager: Bind Addresses ["::"]
[2026-09-12 23:46:16.822 +00:00] [INF] [7] Jellyfin.Networking.Manager.NetworkManager: Remote IP filter is "Allowlist"
[2026-09-12 23:46:16.822 +00:00] [INF] [7] Jellyfin.Networking.Manager.NetworkManager: Filtered subnets: []
[2026-09-12 23:46:17.140 +00:00] [INF] [7] Jellyfin.Database.Providers.Sqlite.SqliteDatabaseProvider: SQLite connection string: "Data Source=/config/data/data/jellyfin.db;Cache=Private;Default Timeout=60;Pooling=True"
[2026-09-12 23:46:17.141 +00:00] [INF] [7] Jellyfin.Database.Providers.Sqlite.SqliteDatabaseProvider: SQLITE connection pragma command set to: 
"PRAGMA locking_mode=NORMAL;
PRAGMA journal_size_limit=134217728;
PRAGMA synchronous=1;
PRAGMA temp_store=2;
"
[2026-09-12 23:46:17.146 +00:00] [INF] [7] Jellyfin.Database.Implementations.Locking.NoLockBehavior: The database locking mode has been set to: NoLock.
[2026-09-12 23:46:17.338 +00:00] [WRN] [14] Microsoft.Extensions.Diagnostics.HealthChecks.DefaultHealthCheckService: Health check "StartupCheck" with status Degraded completed after 0.002ms with message '"Server is still starting up."'
[2026-09-12 23:46:17.343 +00:00] [INF] [7] Main: Prepare system for possible migrations
[2026-09-12 23:46:17.880 +00:00] [INF] [7] Emby.Server.Implementations.Plugins.PluginManager: Loaded plugin: "TMDb" "12.0.0.0"
[2026-09-12 23:46:17.881 +00:00] [INF] [7] Emby.Server.Implementations.Plugins.PluginManager: Loaded plugin: "Studio Images" "12.0.0.0"
[2026-09-12 23:46:17.881 +00:00] [INF] [7] Emby.Server.Implementations.Plugins.PluginManager: Loaded plugin: "OMDb" "12.0.0.0"
[2026-09-12 23:46:17.919 +00:00] [INF] [7] Emby.Server.Implementations.Plugins.PluginManager: Loaded plugin: "MusicBrainz" "12.0.0.0"
[2026-09-12 23:46:17.920 +00:00] [INF] [7] Emby.Server.Implementations.Plugins.PluginManager: Loaded plugin: "ListenBrainz Similarity Provider" "12.0.0.0"
[2026-09-12 23:46:17.920 +00:00] [INF] [7] Emby.Server.Implementations.Plugins.PluginManager: Loaded plugin: "AudioDB" "12.0.0.0"
[2026-09-12 23:46:18.086 +00:00] [INF] [7] Emby.Server.Implementations.Library.Search.SearchManager: Registered 0 external search providers: "". Fallback providers: "Database (priority 100)"
[2026-09-12 23:46:18.760 +00:00] [INF] [14] Main: Kestrel is listening on "all interfaces"
[2026-09-12 23:46:19.957 +00:00] [WRN] [14] Microsoft.AspNetCore.StaticFiles.StaticFileMiddleware: The WebRootPath was not found: "/run/s6-rc:s6-rc-init:IdiIMp/servicedirs/svc-jellyfin/wwwroot". Static files may be unavailable.
[2026-09-12 23:46:20.002 +00:00] [INF] [14] Emby.Server.Implementations.ApplicationHost: Running startup tasks
[2026-09-12 23:46:20.018 +00:00] [INF] [14] Emby.Server.Implementations.ScheduledTasks.TaskManager: Daily trigger for "Generate Trickplay Images" set to fire at 2026-09-13 03:00:00.000 +00:00, which is 03:13:39.9815382 from now.
[2026-09-12 23:46:20.023 +00:00] [INF] [14] Emby.Server.Implementations.ScheduledTasks.TaskManager: Daily trigger for "Extract Chapter Images" set to fire at 2026-09-13 02:00:00.000 +00:00, which is 02:13:39.9761437 from now.
[2026-09-12 23:46:20.072 +00:00] [INF] [14] MediaBrowser.MediaEncoding.Encoder.MediaEncoder: Found ffmpeg version "8.1.2"
[2026-09-12 23:46:20.112 +00:00] [INF] [14] MediaBrowser.MediaEncoding.Encoder.MediaEncoder: Available "decoders": ["libdav1d", "av1", "av1_cuvid", "av1_qsv", "h264", "h264_qsv", "h264_cuvid", "hevc", "hevc_qsv", "hevc_cuvid", "mpeg2video", "mpeg2_qsv", "mpeg2_cuvid", "mpeg4", "mpeg4_cuvid", "msmpeg4", "vc1_qsv", "vc1_cuvid", "vp8", "libvpx", "vp8_cuvid", "vp8_qsv", "vp9", "libvpx-vp9", "vp9_cuvid", "vp9_qsv", "aac", "ac3", "ac4", "dca", "flac", "mp3", "truehd"]
[2026-09-12 23:46:20.133 +00:00] [INF] [14] MediaBrowser.MediaEncoding.Encoder.MediaEncoder: Available "encoders": ["libsvtav1", "av1_nvenc", "av1_qsv", "av1_amf", "av1_vaapi", "libx264", "h264_amf", "h264_nvenc", "h264_qsv", "h264_v4l2m2m", "h264_vaapi", "libx265", "hevc_amf", "hevc_nvenc", "hevc_qsv", "hevc_vaapi", "mjpeg_qsv", "mjpeg_vaapi", "aac", "libfdk_aac", "ac3", "alac", "dca", "flac", "libmp3lame", "libopus", "truehd", "libvorbis", "srt"]
[2026-09-12 23:46:20.166 +00:00] [INF] [14] MediaBrowser.MediaEncoding.Encoder.MediaEncoder: Available filters: ["bwdif_cuda", "bwdif_opencl", "deinterlace_qsv", "deinterlace_vaapi", "flip_vulkan", "hwupload_cuda", "hwupload_vaapi", "libplacebo", "overlay_opencl", "overlay_qsv", "overlay_vaapi", "overlay_vulkan", "overlay_cuda", "procamp_vaapi", "scale_cuda", "scale_opencl", "scale_qsv", "scale_vaapi", "scale_vulkan", "tonemapx", "tonemap_cuda", "tonemap_opencl", "tonemap_vaapi", "transpose_cuda", "transpose_opencl", "transpose_vaapi", "transpose_vulkan", "vpp_qsv", "yadif_cuda", "yadif_opencl", "zscale", "alphasrc"]
[2026-09-12 23:46:21.203 +00:00] [INF] [14] MediaBrowser.MediaEncoding.Encoder.MediaEncoder: Available hwaccel types: ["cuda", "vaapi", "qsv", "drm", "opencl", "vulkan", "amf"]
[2026-09-12 23:46:22.118 +00:00] [INF] [8] Emby.Server.Implementations.HttpServer.WebSocketManager: WS "::ffff:192.168.0.43" request
[2026-09-12 23:46:23.226 +00:00] [INF] [8] Emby.Server.Implementations.ScheduledTasks.TaskManager: "Clean Transcode Directory" Completed after 0 minute(s) and 0 seconds
[2026-09-12 23:46:24.489 +00:00] [INF] [7] Emby.Server.Implementations.ScheduledTasks.TaskManager: "Update Plugins" Completed after 0 minute(s) and 1 seconds
[2026-09-12 23:46:29.064 +00:00] [INF] [14] MediaBrowser.MediaEncoding.Encoder.MediaEncoder: FFmpeg: "/usr/lib/jellyfin-ffmpeg/ffmpeg"
[2026-09-12 23:46:29.065 +00:00] [INF] [14] Emby.Server.Implementations.ApplicationHost: ServerId: "47b857da57f142768a816987a44165cd"
[2026-09-12 23:46:29.065 +00:00] [INF] [14] Emby.Server.Implementations.ApplicationHost: Core startup complete
[2026-09-12 23:46:29.065 +00:00] [INF] [14] Main: Startup complete 0:00:17.384251
[2026-09-12 23:46:51.379 +00:00] [INF] [13] Emby.Server.Implementations.HttpServer.WebSocketManager: WS "::ffff:192.168.0.43" closed
[2026-09-12 23:46:51.826 +00:00] [WRN] [22] Jellyfin.Networking.Manager.NetworkManager: "::ffff:192.168.0.43": Only loopback "::1" returned, using that as bind address.
[2026-09-12 23:46:52.152 +00:00] [WRN] [8] Jellyfin.Networking.Manager.NetworkManager: "::ffff:192.168.0.43": Only loopback "::1" returned, using that as bind address.
[2026-09-12 23:46:52.228 +00:00] [WRN] [13] Jellyfin.Networking.Manager.NetworkManager: "::ffff:192.168.0.43": Only loopback "::1" returned, using that as bind address.
[2026-09-12 23:46:52.263 +00:00] [WRN] [8] Jellyfin.Networking.Manager.NetworkManager: "::ffff:192.168.0.43": Only loopback "::1" returned, using that as bind address.
[2026-09-12 23:46:52.267 +00:00] [ERR] [21] Jellyfin.Api.Middleware.ExceptionMiddleware: Error processing request: "Token is required". URL "GET" "/socket".
[2026-09-12 23:46:52.484 +00:00] [INF] [13] Jellyfin.Api.Auth.CustomAuthenticationHandler: "CustomAuthentication" was not authenticated. Failure message: "Invalid token."
[2026-09-12 23:46:53.295 +00:00] [ERR] [8] Jellyfin.Api.Middleware.ExceptionMiddleware: Error processing request: "Token is required". URL "GET" "/socket".
[2026-09-12 23:46:54.710 +00:00] [INF] [21] Jellyfin.Server.Implementations.Users.UserManager: Authentication request for "admin" has succeeded.
[2026-09-12 23:46:54.712 +00:00] [INF] [21] Emby.Server.Implementations.Session.SessionManager: Current/Max sessions for user "admin": 0/0
[2026-09-12 23:46:54.713 +00:00] [INF] [21] Emby.Server.Implementations.Session.SessionManager: Creating new access token for user 8c63ca3e-f2b7-40be-9586-b23d2e47a171
[2026-09-12 23:46:54.809 +00:00] [ERR] [8] Jellyfin.Api.Middleware.ExceptionMiddleware: Error processing request: "Token is required". URL "GET" "/socket".
[2026-09-12 23:46:55.336 +00:00] [WRN] [8] Jellyfin.Networking.Manager.NetworkManager: "::ffff:192.168.0.43": Only loopback "::1" returned, using that as bind address.
[2026-09-12 23:46:55.671 +00:00] [INF] [13] Emby.Server.Implementations.HttpServer.WebSocketManager: WS "::ffff:192.168.0.43" request
[2026-09-12 23:50:31.117 +00:00] [INF] [28] Emby.Server.Implementations.Session.SessionManager: Sending shutdown notifications
[2026-09-12 23:50:31.197 +00:00] [INF] [33] Emby.Server.Implementations.HttpServer.WebSocketManager: WS "::ffff:192.168.0.43" closed
[2026-09-12 23:50:31.221 +00:00] [INF] [31] Main: Optimizing the database... This might take a while
[2026-09-12 23:50:31.288 +00:00] [INF] [31] Jellyfin.Database.Providers.Sqlite.SqliteDatabaseProvider: jellyfin.db optimized successfully!
[2026-09-12 23:50:31.359 +00:00] [INF] [31] Emby.Server.Implementations.ApplicationHost: Disposing "CoreAppHost"
[2026-09-12 23:50:31.360 +00:00] [INF] [31] Emby.Server.Implementations.ApplicationHost: Disposing "Plugin"
[2026-09-12 23:51:23.363 +00:00] [INF] [1] Emby.Server.Implementations.AppBase.BaseConfigurationManager: Setting cache path: "/config/cache"
[2026-09-12 23:51:24.176 +00:00] [INF] [7] Jellyfin.Server.ServerSetupApp.SetupServer: Kestrel is listening on "all interfaces"
[2026-09-12 23:51:24.444 +00:00] [INF] [7] Main: Jellyfin version: "10.11.11"
[2026-09-12 23:51:24.451 +00:00] [INF] [7] Main: Environment Variables: ["[JELLYFIN_WEB_DIR, /usr/share/jellyfin/web]", "[JELLYFIN_CACHE_DIR, /config/cache]", "[JELLYFIN_LOG_DIR, /config/log]", "[JELLYFIN_DATA_DIR, /config/data]", "[JELLYFIN_CONFIG_DIR, /config]"]
[2026-09-12 23:51:24.453 +00:00] [INF] [7] Main: Arguments: ["/usr/lib/jellyfin/bin/jellyfin.dll", "--ffmpeg=/usr/lib/jellyfin-ffmpeg/ffmpeg"]
[2026-09-12 23:51:24.453 +00:00] [INF] [7] Main: Operating system: "Ubuntu 26.04.1 LTS"
[2026-09-12 23:51:24.453 +00:00] [INF] [7] Main: Architecture: X64
[2026-09-12 23:51:24.454 +00:00] [INF] [7] Main: 64-Bit Process: True
[2026-09-12 23:51:24.454 +00:00] [INF] [7] Main: User Interactive: True
[2026-09-12 23:51:24.454 +00:00] [INF] [7] Main: Processor count: 4
[2026-09-12 23:51:24.454 +00:00] [INF] [7] Main: Program data path: "/config/data"
[2026-09-12 23:51:24.455 +00:00] [INF] [7] Main: Log directory path: "/config/log"
[2026-09-12 23:51:24.455 +00:00] [INF] [7] Main: Config directory path: "/config"
[2026-09-12 23:51:24.455 +00:00] [INF] [7] Main: Cache path: "/config/cache"
[2026-09-12 23:51:24.455 +00:00] [INF] [7] Main: Temp directory path: "/tmp/jellyfin"
[2026-09-12 23:51:24.456 +00:00] [INF] [7] Main: Web resources path: "/usr/share/jellyfin/web"
[2026-09-12 23:51:24.456 +00:00] [INF] [7] Main: Application directory: "/usr/lib/jellyfin/bin/"
[2026-09-12 23:51:24.476 +00:00] [INF] [7] Jellyfin.Server.Startup: Storage path `"/config/data/data"` (Fixed) successfully checked with "203.5GiB" free which is over the minimum of "2GiB".
[2026-09-12 23:51:24.478 +00:00] [INF] [7] Jellyfin.Server.Startup: Storage path `"/config/cache"` (Fixed) successfully checked with "203.5GiB" free which is over the minimum of "2GiB".
[2026-09-12 23:51:24.479 +00:00] [INF] [7] Jellyfin.Server.Startup: Storage path `"/config/data"` (Fixed) successfully checked with "203.5GiB" free which is over the minimum of "2GiB".
[2026-09-12 23:51:24.485 +00:00] [INF] [7] Emby.Server.Implementations.AppBase.BaseConfigurationManager: Setting cache path: "/config/cache"
[2026-09-12 23:51:24.623 +00:00] [INF] [7] Jellyfin.Database.Providers.Sqlite.SqliteDatabaseProvider: SQLite connection string: "Data Source=/config/data/data/jellyfin.db;Cache=Default;Default Timeout=30;Pooling=True"
[2026-09-12 23:51:24.656 +00:00] [INF] [7] Jellyfin.Database.Providers.Sqlite.SqliteDatabaseProvider: SQLITE connection pragma command set to: 
"PRAGMA locking_mode=NORMAL;
PRAGMA journal_size_limit=134217728;
PRAGMA synchronous=1;
PRAGMA temp_store=2;
"
[2026-09-12 23:51:24.667 +00:00] [INF] [7] Jellyfin.Database.Implementations.Locking.NoLockBehavior: The database locking mode has been set to: NoLock.
[2026-09-12 23:51:25.046 +00:00] [INF] [7] Jellyfin.Server.Migrations.JellyfinMigrationService: Initialise Migration service.
[2026-09-12 23:51:25.103 +00:00] [WRN] [13] Microsoft.Extensions.Diagnostics.HealthChecks.DefaultHealthCheckService: Health check "StartupCheck" with status Degraded completed after 11.3049ms with message '"Server is still starting up."'
[2026-09-12 23:51:26.291 +00:00] [WRN] [9] Microsoft.Extensions.Diagnostics.HealthChecks.DefaultHealthCheckService: Health check "StartupCheck" with status Degraded completed after 0.0776ms with message '"Server is still starting up."'
[2026-09-12 23:51:27.354 +00:00] [WRN] [10] Microsoft.Extensions.Diagnostics.HealthChecks.DefaultHealthCheckService: Health check "StartupCheck" with status Degraded completed after 0.0032ms with message '"Server is still starting up."'
[2026-09-12 23:51:27.900 +00:00] [INF] [7] Jellyfin.Server.Migrations.JellyfinMigrationService: There are 0 migrations for stage PreInitialisation.
[2026-09-12 23:51:27.920 +00:00] [INF] [7] Emby.Server.Implementations.AppBase.BaseConfigurationManager: Setting cache path: "/config/cache"
[2026-09-12 23:51:27.946 +00:00] [INF] [7] Emby.Server.Implementations.ApplicationHost: Loading assemblies
[2026-09-12 23:51:28.047 +00:00] [INF] [7] Jellyfin.Networking.Manager.NetworkManager: Defined LAN subnets: ["::1/128", "fe80::/10", "fc00::/7", "127.0.0.1/8", "10.0.0.0/8", "172.16.0.0/12", "192.168.0.0/16"]
[2026-09-12 23:51:28.050 +00:00] [INF] [7] Jellyfin.Networking.Manager.NetworkManager: Defined LAN exclusions: []
[2026-09-12 23:51:28.055 +00:00] [INF] [7] Jellyfin.Networking.Manager.NetworkManager: Used LAN subnets: ["::1/128", "fe80::/10", "fc00::/7", "127.0.0.1/8", "10.0.0.0/8", "172.16.0.0/12", "192.168.0.0/16"]
[2026-09-12 23:51:28.055 +00:00] [INF] [7] Jellyfin.Networking.Manager.NetworkManager: Filtered interface addresses: []
[2026-09-12 23:51:28.059 +00:00] [INF] [7] Jellyfin.Networking.Manager.NetworkManager: Bind Addresses ["::"]
[2026-09-12 23:51:28.060 +00:00] [INF] [7] Jellyfin.Networking.Manager.NetworkManager: Remote IP filter is "Allowlist"
[2026-09-12 23:51:28.060 +00:00] [INF] [7] Jellyfin.Networking.Manager.NetworkManager: Filtered subnets: []
[2026-09-12 23:51:28.308 +00:00] [INF] [7] Jellyfin.Database.Providers.Sqlite.SqliteDatabaseProvider: SQLite connection string: "Data Source=/config/data/data/jellyfin.db;Cache=Default;Default Timeout=30;Pooling=True"
[2026-09-12 23:51:28.313 +00:00] [INF] [7] Jellyfin.Database.Providers.Sqlite.SqliteDatabaseProvider: SQLITE connection pragma command set to: 
"PRAGMA locking_mode=NORMAL;
PRAGMA journal_size_limit=134217728;
PRAGMA synchronous=1;
PRAGMA temp_store=2;
"
[2026-09-12 23:51:28.314 +00:00] [INF] [7] Jellyfin.Database.Implementations.Locking.NoLockBehavior: The database locking mode has been set to: NoLock.
[2026-09-12 23:51:28.328 +00:00] [INF] [7] Main: Prepare system for possible migrations
[2026-09-12 23:51:28.407 +00:00] [WRN] [10] Microsoft.Extensions.Diagnostics.HealthChecks.DefaultHealthCheckService: Health check "StartupCheck" with status Degraded completed after 0.0034ms with message '"Server is still starting up."'
[2026-09-12 23:51:28.418 +00:00] [INF] [7] Main: A migration will attempt to modify the jellyfin.db, will attempt to backup the file now.
[2026-09-12 23:51:28.421 +00:00] [INF] [7] Main: Jellyfin database has been backed up as "20260912115128"
[2026-09-12 23:51:28.434 +00:00] [INF] [7] Jellyfin.Server.Migrations.JellyfinMigrationService: There are 0 migrations for stage CoreInitialisation.
[2026-09-12 23:51:28.856 +00:00] [INF] [7] Emby.Server.Implementations.Plugins.PluginManager: Loaded plugin: "TMDb" "10.11.11.0"
[2026-09-12 23:51:28.860 +00:00] [INF] [7] Emby.Server.Implementations.Plugins.PluginManager: Loaded plugin: "Studio Images" "10.11.11.0"
[2026-09-12 23:51:28.860 +00:00] [INF] [7] Emby.Server.Implementations.Plugins.PluginManager: Loaded plugin: "OMDb" "10.11.11.0"
[2026-09-12 23:51:28.880 +00:00] [INF] [7] Emby.Server.Implementations.Plugins.PluginManager: Loaded plugin: "MusicBrainz" "10.11.11.0"
[2026-09-12 23:51:28.883 +00:00] [INF] [7] Emby.Server.Implementations.Plugins.PluginManager: Loaded plugin: "AudioDB" "10.11.11.0"
[2026-09-12 23:51:28.998 +00:00] [INF] [7] Jellyfin.Server.Migrations.JellyfinMigrationService: There are 2 migrations for stage AppInitialisation.
[2026-09-12 23:51:29.001 +00:00] [INF] [7] InternalCodeMigration: Perform migration "20250420190000_RemoveDuplicatePlaylistChildren"
[2026-09-12 23:51:29.432 +00:00] [WRN] [13] Microsoft.Extensions.Diagnostics.HealthChecks.DefaultHealthCheckService: Health check "StartupCheck" with status Degraded completed after 0.0023ms with message '"Server is still starting up."'
[2026-09-12 23:51:29.735 +00:00] [ERR] [7] Microsoft.EntityFrameworkCore.Database.Command: Failed executing DbCommand ("2"ms) [Parameters=[""], CommandType='Text', CommandTimeout='30']"
""SELECT \"b0\".\"Id\", \"b0\".\"Album\", \"b0\".\"AlbumArtists\", \"b0\".\"Artists\", \"b0\".\"Audio\", \"b0\".\"ChannelId\", \"b0\".\"CleanName\", \"b0\".\"CommunityRating\", \"b0\".\"CriticRating\", \"b0\".\"CustomRating\", \"b0\".\"Data\", \"b0\".\"DateCreated\", \"b0\".\"DateLastMediaAdded\", \"b0\".\"DateLastRefreshed\", \"b0\".\"DateLastSaved\", \"b0\".\"DateModified\", \"b0\".\"EndDate\", \"b0\".\"EpisodeTitle\", \"b0\".\"ExternalId\", \"b0\".\"ExternalSeriesId\", \"b0\".\"ExternalServiceId\", \"b0\".\"ExtraIds\", \"b0\".\"ExtraType\", \"b0\".\"ForcedSortName\", \"b0\".\"Genres\", \"b0\".\"Height\", \"b0\".\"IndexNumber\", \"b0\".\"InheritedParentalRatingSubValue\", \"b0\".\"InheritedParentalRatingValue\", \"b0\".\"IsFolder\", \"b0\".\"IsInMixedFolder\", \"b0\".\"IsLocked\", \"b0\".\"IsMovie\", \"b0\".\"IsRepeat\", \"b0\".\"IsSeries\", \"b0\".\"IsVirtualItem\", \"b0\".\"LUFS\", \"b0\".\"MediaType\", \"b0\".\"Name\", \"b0\".\"NormalizationGain\", \"b0\".\"OfficialRating\", \"b0\".\"OriginalTitle\", \"b0\".\"Overview\", \"b0\".\"OwnerId\", \"b0\".\"ParentId\", \"b0\".\"ParentIndexNumber\", \"b0\".\"Path\", \"b0\".\"PreferredMetadataCountryCode\", \"b0\".\"PreferredMetadataLanguage\", \"b0\".\"PremiereDate\", \"b0\".\"PresentationUniqueKey\", \"b0\".\"PrimaryVersionId\", \"b0\".\"ProductionLocations\", \"b0\".\"ProductionYear\", \"b0\".\"RunTimeTicks\", \"b0\".\"SeasonId\", \"b0\".\"SeasonName\", \"b0\".\"SeriesId\", \"b0\".\"SeriesName\", \"b0\".\"SeriesPresentationUniqueKey\", \"b0\".\"ShowId\", \"b0\".\"Size\", \"b0\".\"SortName\", \"b0\".\"StartDate\", \"b0\".\"Studios\", \"b0\".\"Tagline\", \"b0\".\"Tags\", \"b0\".\"TopParentId\", \"b0\".\"TotalBitrate\", \"b0\".\"Type\", \"b0\".\"UnratedType\", \"b0\".\"Width\", \"b1\".\"ItemId\", \"b1\".\"ProviderId\", \"b1\".\"ProviderValue\", \"b2\".\"Id\", \"b2\".\"ItemId\", \"u\".\"ItemId\", \"u\".\"UserId\", \"u\".\"CustomDataKey\", \"u\".\"AudioStreamIndex\", \"u\".\"IsFavorite\", \"u\".\"LastPlayedDate\", \"u\".\"Likes\", \"u\".\"PlayCount\", \"u\".\"PlaybackPositionTicks\", \"u\".\"Played\", \"u\".\"Rating\", \"u\".\"RetentionDate\", \"u\".\"SubtitleStreamIndex\", \"b3\".\"Id\", \"b3\".\"Blurhash\", \"b3\".\"DateModified\", \"b3\".\"Height\", \"b3\".\"ImageType\", \"b3\".\"ItemId\", \"b3\".\"Path\", \"b3\".\"Width\"
FROM (
    SELECT DISTINCT \"b\".\"Id\", \"b\".\"Album\", \"b\".\"AlbumArtists\", \"b\".\"Artists\", \"b\".\"Audio\", \"b\".\"ChannelId\", \"b\".\"CleanName\", \"b\".\"CommunityRating\", \"b\".\"CriticRating\", \"b\".\"CustomRating\", \"b\".\"Data\", \"b\".\"DateCreated\", \"b\".\"DateLastMediaAdded\", \"b\".\"DateLastRefreshed\", \"b\".\"DateLastSaved\", \"b\".\"DateModified\", \"b\".\"EndDate\", \"b\".\"EpisodeTitle\", \"b\".\"ExternalId\", \"b\".\"ExternalSeriesId\", \"b\".\"ExternalServiceId\", \"b\".\"ExtraIds\", \"b\".\"ExtraType\", \"b\".\"ForcedSortName\", \"b\".\"Genres\", \"b\".\"Height\", \"b\".\"IndexNumber\", \"b\".\"InheritedParentalRatingSubValue\", \"b\".\"InheritedParentalRatingValue\", \"b\".\"IsFolder\", \"b\".\"IsInMixedFolder\", \"b\".\"IsLocked\", \"b\".\"IsMovie\", \"b\".\"IsRepeat\", \"b\".\"IsSeries\", \"b\".\"IsVirtualItem\", \"b\".\"LUFS\", \"b\".\"MediaType\", \"b\".\"Name\", \"b\".\"NormalizationGain\", \"b\".\"OfficialRating\", \"b\".\"OriginalTitle\", \"b\".\"Overview\", \"b\".\"OwnerId\", \"b\".\"ParentId\", \"b\".\"ParentIndexNumber\", \"b\".\"Path\", \"b\".\"PreferredMetadataCountryCode\", \"b\".\"PreferredMetadataLanguage\", \"b\".\"PremiereDate\", \"b\".\"PresentationUniqueKey\", \"b\".\"PrimaryVersionId\", \"b\".\"ProductionLocations\", \"b\".\"ProductionYear\", \"b\".\"RunTimeTicks\", \"b\".\"SeasonId\", \"b\".\"SeasonName\", \"b\".\"SeriesId\", \"b\".\"SeriesName\", \"b\".\"SeriesPresentationUniqueKey\", \"b\".\"ShowId\", \"b\".\"Size\", \"b\".\"SortName\", \"b\".\"StartDate\", \"b\".\"Studios\", \"b\".\"Tagline\", \"b\".\"Tags\", \"b\".\"TopParentId\", \"b\".\"TotalBitrate\", \"b\".\"Type\", \"b\".\"UnratedType\", \"b\".\"Width\"
    FROM \"BaseItems\" AS \"b\"
    WHERE \"b\".\"Type\" = 'MediaBrowser.Controller.Playlists.Playlist'
) AS \"b0\"
LEFT JOIN \"BaseItemProviders\" AS \"b1\" ON \"b0\".\"Id\" = \"b1\".\"ItemId\"
LEFT JOIN \"BaseItemMetadataFields\" AS \"b2\" ON \"b0\".\"Id\" = \"b2\".\"ItemId\"
LEFT JOIN \"UserData\" AS \"u\" ON \"b0\".\"Id\" = \"u\".\"ItemId\"
LEFT JOIN \"BaseItemImageInfos\" AS \"b3\" ON \"b0\".\"Id\" = \"b3\".\"ItemId\"
ORDER BY \"b0\".\"SortName\", \"b0\".\"Id\", \"b1\".\"ItemId\", \"b1\".\"ProviderId\", \"b2\".\"Id\", \"b2\".\"ItemId\", \"u\".\"ItemId\", \"u\".\"UserId\", \"u\".\"CustomDataKey\""
[2026-09-12 23:51:29.745 +00:00] [ERR] [7] Microsoft.EntityFrameworkCore.Query: An exception occurred while iterating over the results of a query for context type '"Jellyfin.Database.Implementations.JellyfinDbContext"'."
""Microsoft.Data.Sqlite.SqliteException (0x80004005): SQLite Error 1: 'no such column: b.ExtraIds'.
   at Microsoft.Data.Sqlite.SqliteException.ThrowExceptionForRC(Int32 rc, sqlite3 db)
   at Microsoft.Data.Sqlite.SqliteCommand.PrepareAndEnumerateStatements()+MoveNext()
   at Microsoft.Data.Sqlite.SqliteCommand.GetStatements()+MoveNext()
   at Microsoft.Data.Sqlite.SqliteDataReader.NextResult()
   at Microsoft.Data.Sqlite.SqliteCommand.ExecuteReader(CommandBehavior behavior)
   at Microsoft.Data.Sqlite.SqliteCommand.ExecuteDbDataReader(CommandBehavior behavior)
   at Microsoft.EntityFrameworkCore.Storage.RelationalCommand.ExecuteReader(RelationalCommandParameterObject parameterObject)
   at Microsoft.EntityFrameworkCore.Query.Internal.SingleQueryingEnumerable`1.Enumerator.InitializeReader(Enumerator enumerator)
   at Microsoft.EntityFrameworkCore.Query.Internal.SingleQueryingEnumerable`1.Enumerator.<>c.<MoveNext>b__21_0(DbContext _, Enumerator enumerator)
   at Microsoft.EntityFrameworkCore.Storage.NonRetryingExecutionStrategy.Execute[TState,TResult](TState state, Func`3 operation, Func`3 verifySucceeded)
   at Microsoft.EntityFrameworkCore.Query.Internal.SingleQueryingEnumerable`1.Enumerator.MoveNext()"
Microsoft.Data.Sqlite.SqliteException (0x80004005): SQLite Error 1: 'no such column: b.ExtraIds'.
   at Microsoft.Data.Sqlite.SqliteException.ThrowExceptionForRC(Int32 rc, sqlite3 db)
   at Microsoft.Data.Sqlite.SqliteCommand.PrepareAndEnumerateStatements()+MoveNext()
   at Microsoft.Data.Sqlite.SqliteCommand.GetStatements()+MoveNext()
   at Microsoft.Data.Sqlite.SqliteDataReader.NextResult()
   at Microsoft.Data.Sqlite.SqliteCommand.ExecuteReader(CommandBehavior behavior)
   at Microsoft.Data.Sqlite.SqliteCommand.ExecuteDbDataReader(CommandBehavior behavior)
   at Microsoft.EntityFrameworkCore.Storage.RelationalCommand.ExecuteReader(RelationalCommandParameterObject parameterObject)
   at Microsoft.EntityFrameworkCore.Query.Internal.SingleQueryingEnumerable`1.Enumerator.InitializeReader(Enumerator enumerator)
   at Microsoft.EntityFrameworkCore.Query.Internal.SingleQueryingEnumerable`1.Enumerator.<>c.<MoveNext>b__21_0(DbContext _, Enumerator enumerator)
   at Microsoft.EntityFrameworkCore.Storage.NonRetryingExecutionStrategy.Execute[TState,TResult](TState state, Func`3 operation, Func`3 verifySucceeded)
   at Microsoft.EntityFrameworkCore.Query.Internal.SingleQueryingEnumerable`1.Enumerator.MoveNext()
   at System.Linq.Enumerable.IEnumerableWhereSelectIterator`2.ToArray()
   at Jellyfin.Server.Implementations.Item.BaseItemRepository.GetItemList(InternalItemsQuery filter)
   at Emby.Server.Implementations.Library.LibraryManager.GetItemList(InternalItemsQuery query, Boolean allowExternalContent)
   at Emby.Server.Implementations.Library.LibraryManager.GetItemList(InternalItemsQuery query)
   at Jellyfin.Server.Migrations.Routines.RemoveDuplicatePlaylistChildren.Perform()
   at Jellyfin.Server.Migrations.Stages.CodeMigration.Perform(IServiceProvider serviceProvider, IStartupLogger logger, CancellationToken cancellationToken)
[2026-09-12 23:51:29.751 +00:00] [FTL] [7] InternalCodeMigration: Error: "SQLite Error 1: 'no such column: b.ExtraIds'."
[2026-09-12 23:51:29.751 +00:00] [ERR] [7] InternalCodeMigration: Migration "20250420190000_RemoveDuplicatePlaylistChildren" failed
Microsoft.Data.Sqlite.SqliteException (0x80004005): SQLite Error 1: 'no such column: b.ExtraIds'.
   at Microsoft.Data.Sqlite.SqliteException.ThrowExceptionForRC(Int32 rc, sqlite3 db)
   at Microsoft.Data.Sqlite.SqliteCommand.PrepareAndEnumerateStatements()+MoveNext()
   at Microsoft.Data.Sqlite.SqliteCommand.GetStatements()+MoveNext()
   at Microsoft.Data.Sqlite.SqliteDataReader.NextResult()
   at Microsoft.Data.Sqlite.SqliteCommand.ExecuteReader(CommandBehavior behavior)
   at Microsoft.Data.Sqlite.SqliteCommand.ExecuteDbDataReader(CommandBehavior behavior)
   at Microsoft.EntityFrameworkCore.Storage.RelationalCommand.ExecuteReader(RelationalCommandParameterObject parameterObject)
   at Microsoft.EntityFrameworkCore.Query.Internal.SingleQueryingEnumerable`1.Enumerator.InitializeReader(Enumerator enumerator)
   at Microsoft.EntityFrameworkCore.Query.Internal.SingleQueryingEnumerable`1.Enumerator.<>c.<MoveNext>b__21_0(DbContext _, Enumerator enumerator)
   at Microsoft.EntityFrameworkCore.Storage.NonRetryingExecutionStrategy.Execute[TState,TResult](TState state, Func`3 operation, Func`3 verifySucceeded)
   at Microsoft.EntityFrameworkCore.Query.Internal.SingleQueryingEnumerable`1.Enumerator.MoveNext()
   at System.Linq.Enumerable.IEnumerableWhereSelectIterator`2.ToArray()
   at Jellyfin.Server.Implementations.Item.BaseItemRepository.GetItemList(InternalItemsQuery filter)
   at Emby.Server.Implementations.Library.LibraryManager.GetItemList(InternalItemsQuery query, Boolean allowExternalContent)
   at Emby.Server.Implementations.Library.LibraryManager.GetItemList(InternalItemsQuery query)
   at Jellyfin.Server.Migrations.Routines.RemoveDuplicatePlaylistChildren.Perform()
   at Jellyfin.Server.Migrations.Stages.CodeMigration.Perform(IServiceProvider serviceProvider, IStartupLogger logger, CancellationToken cancellationToken)
   at Jellyfin.Server.Migrations.JellyfinMigrationService.InternalCodeMigration.PerformAsync(IStartupLogger logger)
   at Jellyfin.Server.Migrations.JellyfinMigrationService.MigrateStepAsync(JellyfinMigrationStageTypes stage, IServiceProvider serviceProvider)
[2026-09-12 23:51:29.751 +00:00] [INF] [7] InternalCodeMigration: Attempt to rollback JellyfinDb.
[2026-09-12 23:51:29.754 +00:00] [FTL] [7] Main: Error while starting server
Microsoft.Data.Sqlite.SqliteException (0x80004005): SQLite Error 1: 'no such column: b.ExtraIds'.
   at Microsoft.Data.Sqlite.SqliteException.ThrowExceptionForRC(Int32 rc, sqlite3 db)
   at Microsoft.Data.Sqlite.SqliteCommand.PrepareAndEnumerateStatements()+MoveNext()
   at Microsoft.Data.Sqlite.SqliteCommand.GetStatements()+MoveNext()
   at Microsoft.Data.Sqlite.SqliteDataReader.NextResult()
   at Microsoft.Data.Sqlite.SqliteCommand.ExecuteReader(CommandBehavior behavior)
   at Microsoft.Data.Sqlite.SqliteCommand.ExecuteDbDataReader(CommandBehavior behavior)
   at Microsoft.EntityFrameworkCore.Storage.RelationalCommand.ExecuteReader(RelationalCommandParameterObject parameterObject)
   at Microsoft.EntityFrameworkCore.Query.Internal.SingleQueryingEnumerable`1.Enumerator.InitializeReader(Enumerator enumerator)
   at Microsoft.EntityFrameworkCore.Query.Internal.SingleQueryingEnumerable`1.Enumerator.<>c.<MoveNext>b__21_0(DbContext _, Enumerator enumerator)
   at Microsoft.EntityFrameworkCore.Storage.NonRetryingExecutionStrategy.Execute[TState,TResult](TState state, Func`3 operation, Func`3 verifySucceeded)
   at Microsoft.EntityFrameworkCore.Query.Internal.SingleQueryingEnumerable`1.Enumerator.MoveNext()
   at System.Linq.Enumerable.IEnumerableWhereSelectIterator`2.ToArray()
   at Jellyfin.Server.Implementations.Item.BaseItemRepository.GetItemList(InternalItemsQuery filter)
   at Emby.Server.Implementations.Library.LibraryManager.GetItemList(InternalItemsQuery query, Boolean allowExternalContent)
   at Emby.Server.Implementations.Library.LibraryManager.GetItemList(InternalItemsQuery query)
   at Jellyfin.Server.Migrations.Routines.RemoveDuplicatePlaylistChildren.Perform()
   at Jellyfin.Server.Migrations.Stages.CodeMigration.Perform(IServiceProvider serviceProvider, IStartupLogger logger, CancellationToken cancellationToken)
   at Jellyfin.Server.Migrations.JellyfinMigrationService.InternalCodeMigration.PerformAsync(IStartupLogger logger)
   at Jellyfin.Server.Migrations.JellyfinMigrationService.MigrateStepAsync(JellyfinMigrationStageTypes stage, IServiceProvider serviceProvider)
   at Jellyfin.Server.Migrations.JellyfinMigrationService.MigrateStepAsync(JellyfinMigrationStageTypes stage, IServiceProvider serviceProvider)
   at Jellyfin.Server.Migrations.JellyfinMigrationService.MigrateStepAsync(JellyfinMigrationStageTypes stage, IServiceProvider serviceProvider)
   at Jellyfin.Server.Program.StartServer(IServerApplicationPaths appPaths, StartupOptions options, IConfiguration startupConfig)
[2026-09-12 23:51:30.467 +00:00] [ERR] [7] Microsoft.Extensions.Diagnostics.HealthChecks.DefaultHealthCheckService: Health check "StartupCheck" with status Unhealthy completed after 0.0079ms with message '"Server is could not complete startup. Check logs."'
[2026-09-12 23:51:31.596 +00:00] [ERR] [7] Microsoft.Extensions.Diagnostics.HealthChecks.DefaultHealthCheckService: Health check "StartupCheck" with status Unhealthy completed after 0.0033ms with message '"Server is could not complete startup. Check logs."'
[2026-09-12 23:51:32.711 +00:00] [ERR] [7] Microsoft.Extensions.Diagnostics.HealthChecks.DefaultHealthCheckService: Health check "StartupCheck" with status Unhealthy completed after 0.0035ms with message '"Server is could not complete startup. Check logs."'
[2026-09-12 23:51:33.858 +00:00] [ERR] [7] Microsoft.Extensions.Diagnostics.HealthChecks.DefaultHealthCheckService: Health check "StartupCheck" with status Unhealthy completed after 0.0058ms with message '"Server is could not complete startup. Check logs."'
[2026-09-12 23:51:34.878 +00:00] [ERR] [7] Microsoft.Extensions.Diagnostics.HealthChecks.DefaultHealthCheckService: Health check "StartupCheck" with status Unhealthy completed after 0.0032ms with message '"Server is could not complete startup. Check logs."'
[2026-09-12 23:51:35.891 +00:00] [ERR] [13] Microsoft.Extensions.Diagnostics.HealthChecks.DefaultHealthCheckService: Health check "StartupCheck" with status Unhealthy completed after 0.0032ms with message '"Server is could not complete startup. Check logs."'
[2026-09-12 23:51:36.909 +00:00] [ERR] [9] Microsoft.Extensions.Diagnostics.HealthChecks.DefaultHealthCheckService: Health check "StartupCheck" with status Unhealthy completed after 0.0031ms with message '"Server is could not complete startup. Check logs."'
[2026-09-12 23:51:37.928 +00:00] [ERR] [9] Microsoft.Extensions.Diagnostics.HealthChecks.DefaultHealthCheckService: Health check "StartupCheck" with status Unhealthy completed after 0.0152ms with message '"Server is could not complete startup. Check logs."'
[2026-09-12 23:51:38.947 +00:00] [ERR] [13] Microsoft.Extensions.Diagnostics.HealthChecks.DefaultHealthCheckService: Health check "StartupCheck" with status Unhealthy completed after 0.0034ms with message '"Server is could not complete startup. Check logs."'
[2026-09-12 23:51:39.966 +00:00] [ERR] [7] Microsoft.Extensions.Diagnostics.HealthChecks.DefaultHealthCheckService: Health check "StartupCheck" with status Unhealthy completed after 0.0035ms with message '"Server is could not complete startup. Check logs."'
[2026-09-12 23:51:40.985 +00:00] [ERR] [13] Microsoft.Extensions.Diagnostics.HealthChecks.DefaultHealthCheckService: Health check "StartupCheck" with status Unhealthy completed after 0.003ms with message '"Server is could not complete startup. Check logs."'
[2026-09-12 23:51:41.998 +00:00] [ERR] [15] Microsoft.Extensions.Diagnostics.HealthChecks.DefaultHealthCheckService: Health check "StartupCheck" with status Unhealthy completed after 0.0036ms with message '"Server is could not complete startup. Check logs."'
[2026-09-12 23:51:43.012 +00:00] [ERR] [15] Microsoft.Extensions.Diagnostics.HealthChecks.DefaultHealthCheckService: Health check "StartupCheck" with status Unhealthy completed after 0.0041ms with message '"Server is could not complete startup. Check logs."'
[2026-09-12 23:51:44.024 +00:00] [ERR] [9] Microsoft.Extensions.Diagnostics.HealthChecks.DefaultHealthCheckService: Health check "StartupCheck" with status Unhealthy completed after 0.0035ms with message '"Server is could not complete startup. Check logs."'
[2026-09-12 23:51:45.037 +00:00] [ERR] [9] Microsoft.Extensions.Diagnostics.HealthChecks.DefaultHealthCheckService: Health check "StartupCheck" with status Unhealthy completed after 0.0038ms with message '"Server is could not complete startup. Check logs."'
[2026-09-12 23:51:46.055 +00:00] [ERR] [9] Microsoft.Extensions.Diagnostics.HealthChecks.DefaultHealthCheckService: Health check "StartupCheck" with status Unhealthy completed after 0.004ms with message '"Server is could not complete startup. Check logs."'
[2026-09-12 23:51:47.074 +00:00] [ERR] [9] Microsoft.Extensions.Diagnostics.HealthChecks.DefaultHealthCheckService: Health check "StartupCheck" with status Unhealthy completed after 0.0038ms with message '"Server is could not complete startup. Check logs."'
[2026-09-12 23:51:48.095 +00:00] [ERR] [9] Microsoft.Extensions.Diagnostics.HealthChecks.DefaultHealthCheckService: Health check "StartupCheck" with status Unhealthy completed after 0.0037ms with message '"Server is could not complete startup. Check logs."'
[2026-09-12 23:51:49.120 +00:00] [ERR] [15] Microsoft.Extensions.Diagnostics.HealthChecks.DefaultHealthCheckService: Health check "StartupCheck" with status Unhealthy completed after 0.0031ms with message '"Server is could not complete startup. Check logs."'
[2026-09-12 23:51:50.135 +00:00] [ERR] [13] Microsoft.Extensions.Diagnostics.HealthChecks.DefaultHealthCheckService: Health check "StartupCheck" with status Unhealthy completed after 0.0029ms with message '"Server is could not complete startup. Check logs."'
[2026-09-12 23:51:51.168 +00:00] [ERR] [15] Microsoft.Extensions.Diagnostics.HealthChecks.DefaultHealthCheckService: Health check "StartupCheck" with status Unhealthy completed after 0.0076ms with message '"Server is could not complete startup. Check logs."'
[2026-09-12 23:51:52.191 +00:00] [ERR] [15] Microsoft.Extensions.Diagnostics.HealthChecks.DefaultHealthCheckService: Health check "StartupCheck" with status Unhealthy completed after 0.0029ms with message '"Server is could not complete startup. Check logs."'
[2026-09-12 23:51:53.212 +00:00] [ERR] [9] Microsoft.Extensions.Diagnostics.HealthChecks.DefaultHealthCheckService: Health check "StartupCheck" with status Unhealthy completed after 0.0067ms with message '"Server is could not complete startup. Check logs."'
[2026-09-12 23:51:54.233 +00:00] [ERR] [13] Microsoft.Extensions.Diagnostics.HealthChecks.DefaultHealthCheckService: Health check "StartupCheck" with status Unhealthy completed after 0.0059ms with message '"Server is could not complete startup. Check logs."'
[2026-09-12 23:51:55.252 +00:00] [ERR] [13] Microsoft.Extensions.Diagnostics.HealthChecks.DefaultHealthCheckService: Health check "StartupCheck" with status Unhealthy completed after 0.0039ms with message '"Server is could not complete startup. Check logs."'
[2026-09-12 23:51:56.279 +00:00] [ERR] [7] Microsoft.Extensions.Diagnostics.HealthChecks.DefaultHealthCheckService: Health check "StartupCheck" with status Unhealthy completed after 0.0073ms with message '"Server is could not complete startup. Check logs."'
[2026-09-12 23:51:57.296 +00:00] [ERR] [15] Microsoft.Extensions.Diagnostics.HealthChecks.DefaultHealthCheckService: Health check "StartupCheck" with status Unhealthy completed after 0.0157ms with message '"Server is could not complete startup. Check logs."'
[2026-09-12 23:51:58.315 +00:00] [ERR] [7] Microsoft.Extensions.Diagnostics.HealthChecks.DefaultHealthCheckService: Health check "StartupCheck" with status Unhealthy completed after 0.0034ms with message '"Server is could not complete startup. Check logs."'
[2026-09-12 23:51:59.328 +00:00] [ERR] [7] Microsoft.Extensions.Diagnostics.HealthChecks.DefaultHealthCheckService: Health check "StartupCheck" with status Unhealthy completed after 0.004ms with message '"Server is could not complete startup. Check logs."'
[2026-09-12 23:52:00.348 +00:00] [ERR] [9] Microsoft.Extensions.Diagnostics.HealthChecks.DefaultHealthCheckService: Health check "StartupCheck" with status Unhealthy completed after 0.0088ms with message '"Server is could not complete startup. Check logs."'
[2026-09-12 23:52:01.366 +00:00] [ERR] [15] Microsoft.Extensions.Diagnostics.HealthChecks.DefaultHealthCheckService: Health check "StartupCheck" with status Unhealthy completed after 0.008ms with message '"Server is could not complete startup. Check logs."'
[2026-09-12 23:52:02.385 +00:00] [ERR] [15] Microsoft.Extensions.Diagnostics.HealthChecks.DefaultHealthCheckService: Health check "StartupCheck" with status Unhealthy completed after 0.0015ms with message '"Server is could not complete startup. Check logs."'
[2026-09-12 23:52:14.887 +00:00] [INF] [1] Emby.Server.Implementations.AppBase.BaseConfigurationManager: Setting cache path: "/config/cache"
[2026-09-12 23:52:15.181 +00:00] [INF] [8] Jellyfin.Server.ServerSetupApp.SetupServer: Kestrel is listening on "all interfaces"
[2026-09-12 23:52:15.222 +00:00] [INF] [8] Main: Jellyfin version: "10.11.11"
[2026-09-12 23:52:15.232 +00:00] [INF] [8] Main: Environment Variables: ["[JELLYFIN_DATA_DIR, /config/data]", "[JELLYFIN_WEB_DIR, /usr/share/jellyfin/web]", "[JELLYFIN_CONFIG_DIR, /config]", "[JELLYFIN_LOG_DIR, /config/log]", "[JELLYFIN_CACHE_DIR, /config/cache]"]
[2026-09-12 23:52:15.234 +00:00] [INF] [8] Main: Arguments: ["/usr/lib/jellyfin/bin/jellyfin.dll", "--ffmpeg=/usr/lib/jellyfin-ffmpeg/ffmpeg"]
[2026-09-12 23:52:15.234 +00:00] [INF] [8] Main: Operating system: "Ubuntu 26.04.1 LTS"
[2026-09-12 23:52:15.234 +00:00] [INF] [8] Main: Architecture: X64
[2026-09-12 23:52:15.235 +00:00] [INF] [8] Main: 64-Bit Process: True
[2026-09-12 23:52:15.236 +00:00] [INF] [8] Main: User Interactive: True
[2026-09-12 23:52:15.236 +00:00] [INF] [8] Main: Processor count: 4
[2026-09-12 23:52:15.236 +00:00] [INF] [8] Main: Program data path: "/config/data"
[2026-09-12 23:52:15.236 +00:00] [INF] [8] Main: Log directory path: "/config/log"
[2026-09-12 23:52:15.236 +00:00] [INF] [8] Main: Config directory path: "/config"
[2026-09-12 23:52:15.236 +00:00] [INF] [8] Main: Cache path: "/config/cache"
[2026-09-12 23:52:15.236 +00:00] [INF] [8] Main: Temp directory path: "/tmp/jellyfin"
[2026-09-12 23:52:15.236 +00:00] [INF] [8] Main: Web resources path: "/usr/share/jellyfin/web"
[2026-09-12 23:52:15.236 +00:00] [INF] [8] Main: Application directory: "/usr/lib/jellyfin/bin/"
[2026-09-12 23:52:15.253 +00:00] [INF] [8] Jellyfin.Server.Startup: Storage path `"/config/data/data"` (Fixed) successfully checked with "203.6GiB" free which is over the minimum of "2GiB".
[2026-09-12 23:52:15.254 +00:00] [INF] [8] Jellyfin.Server.Startup: Storage path `"/config/cache"` (Fixed) successfully checked with "203.6GiB" free which is over the minimum of "2GiB".
[2026-09-12 23:52:15.255 +00:00] [INF] [8] Jellyfin.Server.Startup: Storage path `"/config/data"` (Fixed) successfully checked with "203.6GiB" free which is over the minimum of "2GiB".
[2026-09-12 23:52:15.259 +00:00] [INF] [8] Emby.Server.Implementations.AppBase.BaseConfigurationManager: Setting cache path: "/config/cache"
[2026-09-12 23:52:15.327 +00:00] [INF] [8] Jellyfin.Database.Providers.Sqlite.SqliteDatabaseProvider: SQLite connection string: "Data Source=/config/data/data/jellyfin.db;Cache=Default;Default Timeout=30;Pooling=True"
[2026-09-12 23:52:15.334 +00:00] [INF] [8] Jellyfin.Database.Providers.Sqlite.SqliteDatabaseProvider: SQLITE connection pragma command set to: 
"PRAGMA locking_mode=NORMAL;
PRAGMA journal_size_limit=134217728;
PRAGMA synchronous=1;
PRAGMA temp_store=2;
"
[2026-09-12 23:52:15.335 +00:00] [INF] [8] Jellyfin.Database.Implementations.Locking.NoLockBehavior: The database locking mode has been set to: NoLock.
[2026-09-12 23:52:15.374 +00:00] [INF] [8] Jellyfin.Server.Migrations.JellyfinMigrationService: Initialise Migration service.
[2026-09-12 23:52:15.634 +00:00] [WRN] [10] Microsoft.Extensions.Diagnostics.HealthChecks.DefaultHealthCheckService: Health check "StartupCheck" with status Degraded completed after 13.416ms with message '"Server is still starting up."'
[2026-09-12 23:52:16.861 +00:00] [WRN] [7] Microsoft.Extensions.Diagnostics.HealthChecks.DefaultHealthCheckService: Health check "StartupCheck" with status Degraded completed after 0.0891ms with message '"Server is still starting up."'
[2026-09-12 23:52:17.911 +00:00] [WRN] [13] Microsoft.Extensions.Diagnostics.HealthChecks.DefaultHealthCheckService: Health check "StartupCheck" with status Degraded completed after 0.0042ms with message '"Server is still starting up."'
[2026-09-12 23:52:19.073 +00:00] [INF] [8] Jellyfin.Server.Migrations.JellyfinMigrationService: There are 0 migrations for stage PreInitialisation.
[2026-09-12 23:52:19.161 +00:00] [WRN] [15] Microsoft.Extensions.Diagnostics.HealthChecks.DefaultHealthCheckService: Health check "StartupCheck" with status Degraded completed after 0.0033ms with message '"Server is still starting up."'
[2026-09-12 23:52:19.190 +00:00] [INF] [8] Emby.Server.Implementations.AppBase.BaseConfigurationManager: Setting cache path: "/config/cache"
[2026-09-12 23:52:19.253 +00:00] [INF] [8] Emby.Server.Implementations.ApplicationHost: Loading assemblies
[2026-09-12 23:52:19.688 +00:00] [INF] [8] Jellyfin.Networking.Manager.NetworkManager: Defined LAN subnets: ["::1/128", "fe80::/10", "fc00::/7", "127.0.0.1/8", "10.0.0.0/8", "172.16.0.0/12", "192.168.0.0/16"]
[2026-09-12 23:52:19.688 +00:00] [INF] [8] Jellyfin.Networking.Manager.NetworkManager: Defined LAN exclusions: []
[2026-09-12 23:52:19.689 +00:00] [INF] [8] Jellyfin.Networking.Manager.NetworkManager: Used LAN subnets: ["::1/128", "fe80::/10", "fc00::/7", "127.0.0.1/8", "10.0.0.0/8", "172.16.0.0/12", "192.168.0.0/16"]
[2026-09-12 23:52:19.694 +00:00] [INF] [8] Jellyfin.Networking.Manager.NetworkManager: Filtered interface addresses: []
[2026-09-12 23:52:19.695 +00:00] [INF] [8] Jellyfin.Networking.Manager.NetworkManager: Bind Addresses ["::"]
[2026-09-12 23:52:19.695 +00:00] [INF] [8] Jellyfin.Networking.Manager.NetworkManager: Remote IP filter is "Allowlist"
[2026-09-12 23:52:19.707 +00:00] [INF] [8] Jellyfin.Networking.Manager.NetworkManager: Filtered subnets: []
[2026-09-12 23:52:20.133 +00:00] [INF] [8] Jellyfin.Database.Providers.Sqlite.SqliteDatabaseProvider: SQLite connection string: "Data Source=/config/data/data/jellyfin.db;Cache=Default;Default Timeout=30;Pooling=True"
[2026-09-12 23:52:20.140 +00:00] [INF] [8] Jellyfin.Database.Providers.Sqlite.SqliteDatabaseProvider: SQLITE connection pragma command set to: 
"PRAGMA locking_mode=NORMAL;
PRAGMA journal_size_limit=134217728;
PRAGMA synchronous=1;
PRAGMA temp_store=2;
"
[2026-09-12 23:52:20.140 +00:00] [INF] [8] Jellyfin.Database.Implementations.Locking.NoLockBehavior: The database locking mode has been set to: NoLock.
[2026-09-12 23:52:20.147 +00:00] [INF] [8] Main: Prepare system for possible migrations
[2026-09-12 23:52:20.213 +00:00] [WRN] [7] Microsoft.Extensions.Diagnostics.HealthChecks.DefaultHealthCheckService: Health check "StartupCheck" with status Degraded completed after 0.0043ms with message '"Server is still starting up."'
[2026-09-12 23:52:20.277 +00:00] [INF] [8] Main: A migration will attempt to modify the jellyfin.db, will attempt to backup the file now.
[2026-09-12 23:52:20.295 +00:00] [INF] [8] Main: Jellyfin database has been backed up as "20260912115220"
[2026-09-12 23:52:20.321 +00:00] [INF] [8] Jellyfin.Server.Migrations.JellyfinMigrationService: There are 0 migrations for stage CoreInitialisation.
[2026-09-12 23:52:20.790 +00:00] [INF] [8] Emby.Server.Implementations.Plugins.PluginManager: Loaded plugin: "TMDb" "10.11.11.0"
[2026-09-12 23:52:20.791 +00:00] [INF] [8] Emby.Server.Implementations.Plugins.PluginManager: Loaded plugin: "Studio Images" "10.11.11.0"
[2026-09-12 23:52:20.792 +00:00] [INF] [8] Emby.Server.Implementations.Plugins.PluginManager: Loaded plugin: "OMDb" "10.11.11.0"
[2026-09-12 23:52:20.813 +00:00] [INF] [8] Emby.Server.Implementations.Plugins.PluginManager: Loaded plugin: "MusicBrainz" "10.11.11.0"
[2026-09-12 23:52:20.813 +00:00] [INF] [8] Emby.Server.Implementations.Plugins.PluginManager: Loaded plugin: "AudioDB" "10.11.11.0"
[2026-09-12 23:52:20.922 +00:00] [INF] [8] Jellyfin.Server.Migrations.JellyfinMigrationService: There are 2 migrations for stage AppInitialisation.
[2026-09-12 23:52:20.924 +00:00] [INF] [8] InternalCodeMigration: Perform migration "20250420190000_RemoveDuplicatePlaylistChildren"
[2026-09-12 23:52:21.250 +00:00] [WRN] [15] Microsoft.Extensions.Diagnostics.HealthChecks.DefaultHealthCheckService: Health check "StartupCheck" with status Degraded completed after 0.0029ms with message '"Server is still starting up."'
[2026-09-12 23:52:21.636 +00:00] [ERR] [8] Microsoft.EntityFrameworkCore.Database.Command: Failed executing DbCommand ("2"ms) [Parameters=[""], CommandType='Text', CommandTimeout='30']"
""SELECT \"b0\".\"Id\", \"b0\".\"Album\", \"b0\".\"AlbumArtists\", \"b0\".\"Artists\", \"b0\".\"Audio\", \"b0\".\"ChannelId\", \"b0\".\"CleanName\", \"b0\".\"CommunityRating\", \"b0\".\"CriticRating\", \"b0\".\"CustomRating\", \"b0\".\"Data\", \"b0\".\"DateCreated\", \"b0\".\"DateLastMediaAdded\", \"b0\".\"DateLastRefreshed\", \"b0\".\"DateLastSaved\", \"b0\".\"DateModified\", \"b0\".\"EndDate\", \"b0\".\"EpisodeTitle\", \"b0\".\"ExternalId\", \"b0\".\"ExternalSeriesId\", \"b0\".\"ExternalServiceId\", \"b0\".\"ExtraIds\", \"b0\".\"ExtraType\", \"b0\".\"ForcedSortName\", \"b0\".\"Genres\", \"b0\".\"Height\", \"b0\".\"IndexNumber\", \"b0\".\"InheritedParentalRatingSubValue\", \"b0\".\"InheritedParentalRatingValue\", \"b0\".\"IsFolder\", \"b0\".\"IsInMixedFolder\", \"b0\".\"IsLocked\", \"b0\".\"IsMovie\", \"b0\".\"IsRepeat\", \"b0\".\"IsSeries\", \"b0\".\"IsVirtualItem\", \"b0\".\"LUFS\", \"b0\".\"MediaType\", \"b0\".\"Name\", \"b0\".\"NormalizationGain\", \"b0\".\"OfficialRating\", \"b0\".\"OriginalTitle\", \"b0\".\"Overview\", \"b0\".\"OwnerId\", \"b0\".\"ParentId\", \"b0\".\"ParentIndexNumber\", \"b0\".\"Path\", \"b0\".\"PreferredMetadataCountryCode\", \"b0\".\"PreferredMetadataLanguage\", \"b0\".\"PremiereDate\", \"b0\".\"PresentationUniqueKey\", \"b0\".\"PrimaryVersionId\", \"b0\".\"ProductionLocations\", \"b0\".\"ProductionYear\", \"b0\".\"RunTimeTicks\", \"b0\".\"SeasonId\", \"b0\".\"SeasonName\", \"b0\".\"SeriesId\", \"b0\".\"SeriesName\", \"b0\".\"SeriesPresentationUniqueKey\", \"b0\".\"ShowId\", \"b0\".\"Size\", \"b0\".\"SortName\", \"b0\".\"StartDate\", \"b0\".\"Studios\", \"b0\".\"Tagline\", \"b0\".\"Tags\", \"b0\".\"TopParentId\", \"b0\".\"TotalBitrate\", \"b0\".\"Type\", \"b0\".\"UnratedType\", \"b0\".\"Width\", \"b1\".\"ItemId\", \"b1\".\"ProviderId\", \"b1\".\"ProviderValue\", \"b2\".\"Id\", \"b2\".\"ItemId\", \"u\".\"ItemId\", \"u\".\"UserId\", \"u\".\"CustomDataKey\", \"u\".\"AudioStreamIndex\", \"u\".\"IsFavorite\", \"u\".\"LastPlayedDate\", \"u\".\"Likes\", \"u\".\"PlayCount\", \"u\".\"PlaybackPositionTicks\", \"u\".\"Played\", \"u\".\"Rating\", \"u\".\"RetentionDate\", \"u\".\"SubtitleStreamIndex\", \"b3\".\"Id\", \"b3\".\"Blurhash\", \"b3\".\"DateModified\", \"b3\".\"Height\", \"b3\".\"ImageType\", \"b3\".\"ItemId\", \"b3\".\"Path\", \"b3\".\"Width\"
FROM (
    SELECT DISTINCT \"b\".\"Id\", \"b\".\"Album\", \"b\".\"AlbumArtists\", \"b\".\"Artists\", \"b\".\"Audio\", \"b\".\"ChannelId\", \"b\".\"CleanName\", \"b\".\"CommunityRating\", \"b\".\"CriticRating\", \"b\".\"CustomRating\", \"b\".\"Data\", \"b\".\"DateCreated\", \"b\".\"DateLastMediaAdded\", \"b\".\"DateLastRefreshed\", \"b\".\"DateLastSaved\", \"b\".\"DateModified\", \"b\".\"EndDate\", \"b\".\"EpisodeTitle\", \"b\".\"ExternalId\", \"b\".\"ExternalSeriesId\", \"b\".\"ExternalServiceId\", \"b\".\"ExtraIds\", \"b\".\"ExtraType\", \"b\".\"ForcedSortName\", \"b\".\"Genres\", \"b\".\"Height\", \"b\".\"IndexNumber\", \"b\".\"InheritedParentalRatingSubValue\", \"b\".\"InheritedParentalRatingValue\", \"b\".\"IsFolder\", \"b\".\"IsInMixedFolder\", \"b\".\"IsLocked\", \"b\".\"IsMovie\", \"b\".\"IsRepeat\", \"b\".\"IsSeries\", \"b\".\"IsVirtualItem\", \"b\".\"LUFS\", \"b\".\"MediaType\", \"b\".\"Name\", \"b\".\"NormalizationGain\", \"b\".\"OfficialRating\", \"b\".\"OriginalTitle\", \"b\".\"Overview\", \"b\".\"OwnerId\", \"b\".\"ParentId\", \"b\".\"ParentIndexNumber\", \"b\".\"Path\", \"b\".\"PreferredMetadataCountryCode\", \"b\".\"PreferredMetadataLanguage\", \"b\".\"PremiereDate\", \"b\".\"PresentationUniqueKey\", \"b\".\"PrimaryVersionId\", \"b\".\"ProductionLocations\", \"b\".\"ProductionYear\", \"b\".\"RunTimeTicks\", \"b\".\"SeasonId\", \"b\".\"SeasonName\", \"b\".\"SeriesId\", \"b\".\"SeriesName\", \"b\".\"SeriesPresentationUniqueKey\", \"b\".\"ShowId\", \"b\".\"Size\", \"b\".\"SortName\", \"b\".\"StartDate\", \"b\".\"Studios\", \"b\".\"Tagline\", \"b\".\"Tags\", \"b\".\"TopParentId\", \"b\".\"TotalBitrate\", \"b\".\"Type\", \"b\".\"UnratedType\", \"b\".\"Width\"
    FROM \"BaseItems\" AS \"b\"
    WHERE \"b\".\"Type\" = 'MediaBrowser.Controller.Playlists.Playlist'
) AS \"b0\"
LEFT JOIN \"BaseItemProviders\" AS \"b1\" ON \"b0\".\"Id\" = \"b1\".\"ItemId\"
LEFT JOIN \"BaseItemMetadataFields\" AS \"b2\" ON \"b0\".\"Id\" = \"b2\".\"ItemId\"
LEFT JOIN \"UserData\" AS \"u\" ON \"b0\".\"Id\" = \"u\".\"ItemId\"
LEFT JOIN \"BaseItemImageInfos\" AS \"b3\" ON \"b0\".\"Id\" = \"b3\".\"ItemId\"
ORDER BY \"b0\".\"SortName\", \"b0\".\"Id\", \"b1\".\"ItemId\", \"b1\".\"ProviderId\", \"b2\".\"Id\", \"b2\".\"ItemId\", \"u\".\"ItemId\", \"u\".\"UserId\", \"u\".\"CustomDataKey\""
[2026-09-12 23:52:21.660 +00:00] [ERR] [8] Microsoft.EntityFrameworkCore.Query: An exception occurred while iterating over the results of a query for context type '"Jellyfin.Database.Implementations.JellyfinDbContext"'."
""Microsoft.Data.Sqlite.SqliteException (0x80004005): SQLite Error 1: 'no such column: b.ExtraIds'.
   at Microsoft.Data.Sqlite.SqliteException.ThrowExceptionForRC(Int32 rc, sqlite3 db)
   at Microsoft.Data.Sqlite.SqliteCommand.PrepareAndEnumerateStatements()+MoveNext()
   at Microsoft.Data.Sqlite.SqliteCommand.GetStatements()+MoveNext()
   at Microsoft.Data.Sqlite.SqliteDataReader.NextResult()
   at Microsoft.Data.Sqlite.SqliteCommand.ExecuteReader(CommandBehavior behavior)
   at Microsoft.Data.Sqlite.SqliteCommand.ExecuteDbDataReader(CommandBehavior behavior)
   at Microsoft.EntityFrameworkCore.Storage.RelationalCommand.ExecuteReader(RelationalCommandParameterObject parameterObject)
   at Microsoft.EntityFrameworkCore.Query.Internal.SingleQueryingEnumerable`1.Enumerator.InitializeReader(Enumerator enumerator)
   at Microsoft.EntityFrameworkCore.Query.Internal.SingleQueryingEnumerable`1.Enumerator.<>c.<MoveNext>b__21_0(DbContext _, Enumerator enumerator)
   at Microsoft.EntityFrameworkCore.Storage.NonRetryingExecutionStrategy.Execute[TState,TResult](TState state, Func`3 operation, Func`3 verifySucceeded)
   at Microsoft.EntityFrameworkCore.Query.Internal.SingleQueryingEnumerable`1.Enumerator.MoveNext()"
Microsoft.Data.Sqlite.SqliteException (0x80004005): SQLite Error 1: 'no such column: b.ExtraIds'.
   at Microsoft.Data.Sqlite.SqliteException.ThrowExceptionForRC(Int32 rc, sqlite3 db)
   at Microsoft.Data.Sqlite.SqliteCommand.PrepareAndEnumerateStatements()+MoveNext()
   at Microsoft.Data.Sqlite.SqliteCommand.GetStatements()+MoveNext()
   at Microsoft.Data.Sqlite.SqliteDataReader.NextResult()
   at Microsoft.Data.Sqlite.SqliteCommand.ExecuteReader(CommandBehavior behavior)
   at Microsoft.Data.Sqlite.SqliteCommand.ExecuteDbDataReader(CommandBehavior behavior)
   at Microsoft.EntityFrameworkCore.Storage.RelationalCommand.ExecuteReader(RelationalCommandParameterObject parameterObject)
   at Microsoft.EntityFrameworkCore.Query.Internal.SingleQueryingEnumerable`1.Enumerator.InitializeReader(Enumerator enumerator)
   at Microsoft.EntityFrameworkCore.Query.Internal.SingleQueryingEnumerable`1.Enumerator.<>c.<MoveNext>b__21_0(DbContext _, Enumerator enumerator)
   at Microsoft.EntityFrameworkCore.Storage.NonRetryingExecutionStrategy.Execute[TState,TResult](TState state, Func`3 operation, Func`3 verifySucceeded)
   at Microsoft.EntityFrameworkCore.Query.Internal.SingleQueryingEnumerable`1.Enumerator.MoveNext()
   at System.Linq.Enumerable.IEnumerableWhereSelectIterator`2.ToArray()
   at Jellyfin.Server.Implementations.Item.BaseItemRepository.GetItemList(InternalItemsQuery filter)
   at Emby.Server.Implementations.Library.LibraryManager.GetItemList(InternalItemsQuery query, Boolean allowExternalContent)
   at Emby.Server.Implementations.Library.LibraryManager.GetItemList(InternalItemsQuery query)
   at Jellyfin.Server.Migrations.Routines.RemoveDuplicatePlaylistChildren.Perform()
   at Jellyfin.Server.Migrations.Stages.CodeMigration.Perform(IServiceProvider serviceProvider, IStartupLogger logger, CancellationToken cancellationToken)
[2026-09-12 23:52:21.691 +00:00] [FTL] [8] InternalCodeMigration: Error: "SQLite Error 1: 'no such column: b.ExtraIds'."
[2026-09-12 23:52:21.691 +00:00] [ERR] [8] InternalCodeMigration: Migration "20250420190000_RemoveDuplicatePlaylistChildren" failed
Microsoft.Data.Sqlite.SqliteException (0x80004005): SQLite Error 1: 'no such column: b.ExtraIds'.
   at Microsoft.Data.Sqlite.SqliteException.ThrowExceptionForRC(Int32 rc, sqlite3 db)
   at Microsoft.Data.Sqlite.SqliteCommand.PrepareAndEnumerateStatements()+MoveNext()
   at Microsoft.Data.Sqlite.SqliteCommand.GetStatements()+MoveNext()
   at Microsoft.Data.Sqlite.SqliteDataReader.NextResult()
   at Microsoft.Data.Sqlite.SqliteCommand.ExecuteReader(CommandBehavior behavior)
   at Microsoft.Data.Sqlite.SqliteCommand.ExecuteDbDataReader(CommandBehavior behavior)
   at Microsoft.EntityFrameworkCore.Storage.RelationalCommand.ExecuteReader(RelationalCommandParameterObject parameterObject)
   at Microsoft.EntityFrameworkCore.Query.Internal.SingleQueryingEnumerable`1.Enumerator.InitializeReader(Enumerator enumerator)
   at Microsoft.EntityFrameworkCore.Query.Internal.SingleQueryingEnumerable`1.Enumerator.<>c.<MoveNext>b__21_0(DbContext _, Enumerator enumerator)
   at Microsoft.EntityFrameworkCore.Storage.NonRetryingExecutionStrategy.Execute[TState,TResult](TState state, Func`3 operation, Func`3 verifySucceeded)
   at Microsoft.EntityFrameworkCore.Query.Internal.SingleQueryingEnumerable`1.Enumerator.MoveNext()
   at System.Linq.Enumerable.IEnumerableWhereSelectIterator`2.ToArray()
   at Jellyfin.Server.Implementations.Item.BaseItemRepository.GetItemList(InternalItemsQuery filter)
   at Emby.Server.Implementations.Library.LibraryManager.GetItemList(InternalItemsQuery query, Boolean allowExternalContent)
   at Emby.Server.Implementations.Library.LibraryManager.GetItemList(InternalItemsQuery query)
   at Jellyfin.Server.Migrations.Routines.RemoveDuplicatePlaylistChildren.Perform()
   at Jellyfin.Server.Migrations.Stages.CodeMigration.Perform(IServiceProvider serviceProvider, IStartupLogger logger, CancellationToken cancellationToken)
   at Jellyfin.Server.Migrations.JellyfinMigrationService.InternalCodeMigration.PerformAsync(IStartupLogger logger)
   at Jellyfin.Server.Migrations.JellyfinMigrationService.MigrateStepAsync(JellyfinMigrationStageTypes stage, IServiceProvider serviceProvider)
   at Jellyfin.Server.Migrations.JellyfinMigrationService.MigrateStepAsync(JellyfinMigrationStageTypes stage, IServiceProvider serviceProvider)
   at Jellyfin.Server.Migrations.JellyfinMigrationService.MigrateStepAsync(JellyfinMigrationStageTypes stage, IServiceProvider serviceProvider)
   at Jellyfin.Server.Program.StartServer(IServerApplicationPaths appPaths, StartupOptions options, IConfiguration startupConfig)
[2026-09-12 23:52:21.692 +00:00] [INF] [8] InternalCodeMigration: Attempt to rollback JellyfinDb.
[2026-09-12 23:52:21.695 +00:00] [FTL] [8] Main: Error while starting server
Microsoft.Data.Sqlite.SqliteException (0x80004005): SQLite Error 1: 'no such column: b.ExtraIds'.
   at Microsoft.Data.Sqlite.SqliteException.ThrowExceptionForRC(Int32 rc, sqlite3 db)
   at Microsoft.Data.Sqlite.SqliteCommand.PrepareAndEnumerateStatements()+MoveNext()
   at Microsoft.Data.Sqlite.SqliteCommand.GetStatements()+MoveNext()
   at Microsoft.Data.Sqlite.SqliteDataReader.NextResult()
   at Microsoft.Data.Sqlite.SqliteCommand.ExecuteReader(CommandBehavior behavior)
   at Microsoft.Data.Sqlite.SqliteCommand.ExecuteDbDataReader(CommandBehavior behavior)
   at Microsoft.EntityFrameworkCore.Storage.RelationalCommand.ExecuteReader(RelationalCommandParameterObject parameterObject)
   at Microsoft.EntityFrameworkCore.Query.Internal.SingleQueryingEnumerable`1.Enumerator.InitializeReader(Enumerator enumerator)
   at Microsoft.EntityFrameworkCore.Query.Internal.SingleQueryingEnumerable`1.Enumerator.<>c.<MoveNext>b__21_0(DbContext _, Enumerator enumerator)
   at Microsoft.EntityFrameworkCore.Storage.NonRetryingExecutionStrategy.Execute[TState,TResult](TState state, Func`3 operation, Func`3 verifySucceeded)
   at Microsoft.EntityFrameworkCore.Query.Internal.SingleQueryingEnumerable`1.Enumerator.MoveNext()
   at System.Linq.Enumerable.IEnumerableWhereSelectIterator`2.ToArray()
   at Jellyfin.Server.Implementations.Item.BaseItemRepository.GetItemList(InternalItemsQuery filter)
   at Emby.Server.Implementations.Library.LibraryManager.GetItemList(InternalItemsQuery query, Boolean allowExternalContent)
   at Emby.Server.Implementations.Library.LibraryManager.GetItemList(InternalItemsQuery query)
   at Jellyfin.Server.Migrations.Routines.RemoveDuplicatePlaylistChildren.Perform()
   at Jellyfin.Server.Migrations.Stages.CodeMigration.Perform(IServiceProvider serviceProvider, IStartupLogger logger, CancellationToken cancellationToken)
   at Jellyfin.Server.Migrations.JellyfinMigrationService.InternalCodeMigration.PerformAsync(IStartupLogger logger)
   at Jellyfin.Server.Migrations.JellyfinMigrationService.MigrateStepAsync(JellyfinMigrationStageTypes stage, IServiceProvider serviceProvider)
   at Jellyfin.Server.Migrations.JellyfinMigrationService.MigrateStepAsync(JellyfinMigrationStageTypes stage, IServiceProvider serviceProvider)
   at Jellyfin.Server.Migrations.JellyfinMigrationService.MigrateStepAsync(JellyfinMigrationStageTypes stage, IServiceProvider serviceProvider)
   at Jellyfin.Server.Program.StartServer(IServerApplicationPaths appPaths, StartupOptions options, IConfiguration startupConfig)
[2026-09-12 23:52:22.282 +00:00] [ERR] [13] Microsoft.Extensions.Diagnostics.HealthChecks.DefaultHealthCheckService: Health check "StartupCheck" with status Unhealthy completed after 0.0071ms with message '"Server is could not complete startup. Check logs."'
[2026-09-12 23:52:23.336 +00:00] [ERR] [8] Microsoft.Extensions.Diagnostics.HealthChecks.DefaultHealthCheckService: Health check "StartupCheck" with status Unhealthy completed after 0.0033ms with message '"Server is could not complete startup. Check logs."'
[2026-09-12 23:52:24.421 +00:00] [ERR] [8] Microsoft.Extensions.Diagnostics.HealthChecks.DefaultHealthCheckService: Health check "StartupCheck" with status Unhealthy completed after 0.0033ms with message '"Server is could not complete startup. Check logs."'
[2026-09-12 23:52:25.495 +00:00] [ERR] [15] Microsoft.Extensions.Diagnostics.HealthChecks.DefaultHealthCheckService: Health check "StartupCheck" with status Unhealthy completed after 0.0049ms with message '"Server is could not complete startup. Check logs."'
[2026-09-12 23:52:26.539 +00:00] [ERR] [8] Microsoft.Extensions.Diagnostics.HealthChecks.DefaultHealthCheckService: Health check "StartupCheck" with status Unhealthy completed after 0.0034ms with message '"Server is could not complete startup. Check logs."'
[2026-09-12 23:52:27.552 +00:00] [ERR] [15] Microsoft.Extensions.Diagnostics.HealthChecks.DefaultHealthCheckService: Health check "StartupCheck" with status Unhealthy completed after 0.0046ms with message '"Server is could not complete startup. Check logs."'
[2026-09-12 23:52:28.566 +00:00] [ERR] [8] Microsoft.Extensions.Diagnostics.HealthChecks.DefaultHealthCheckService: Health check "StartupCheck" with status Unhealthy completed after 0.0037ms with message '"Server is could not complete startup. Check logs."'
[2026-09-12 23:52:29.581 +00:00] [ERR] [10] Microsoft.Extensions.Diagnostics.HealthChecks.DefaultHealthCheckService: Health check "StartupCheck" with status Unhealthy completed after 0.0038ms with message '"Server is could not complete startup. Check logs."'
[2026-09-12 23:52:30.604 +00:00] [ERR] [10] Microsoft.Extensions.Diagnostics.HealthChecks.DefaultHealthCheckService: Health check "StartupCheck" with status Unhealthy completed after 0.003ms with message '"Server is could not complete startup. Check logs."'
[2026-09-12 23:52:31.623 +00:00] [ERR] [10] Microsoft.Extensions.Diagnostics.HealthChecks.DefaultHealthCheckService: Health check "StartupCheck" with status Unhealthy completed after 0.0028ms with message '"Server is could not complete startup. Check logs."'
[2026-09-12 23:52:32.642 +00:00] [ERR] [10] Microsoft.Extensions.Diagnostics.HealthChecks.DefaultHealthCheckService: Health check "StartupCheck" with status Unhealthy completed after 0.0025ms with message '"Server is could not complete startup. Check logs."'
[2026-09-12 23:52:33.662 +00:00] [ERR] [8] Microsoft.Extensions.Diagnostics.HealthChecks.DefaultHealthCheckService: Health check "StartupCheck" with status Unhealthy completed after 0.004ms with message '"Server is could not complete startup. Check logs."'
[2026-09-12 23:52:34.680 +00:00] [ERR] [8] Microsoft.Extensions.Diagnostics.HealthChecks.DefaultHealthCheckService: Health check "StartupCheck" with status Unhealthy completed after 0.0028ms with message '"Server is could not complete startup. Check logs."'
[2026-09-12 23:52:35.692 +00:00] [ERR] [8] Microsoft.Extensions.Diagnostics.HealthChecks.DefaultHealthCheckService: Health check "StartupCheck" with status Unhealthy completed after 0.0031ms with message '"Server is could not complete startup. Check logs."'
[2026-09-12 23:52:36.705 +00:00] [ERR] [8] Microsoft.Extensions.Diagnostics.HealthChecks.DefaultHealthCheckService: Health check "StartupCheck" with status Unhealthy completed after 0.0035ms with message '"Server is could not complete startup. Check logs."'
[2026-09-12 23:52:37.737 +00:00] [ERR] [15] Microsoft.Extensions.Diagnostics.HealthChecks.DefaultHealthCheckService: Health check "StartupCheck" with status Unhealthy completed after 0.0074ms with message '"Server is could not complete startup. Check logs."'
[2026-09-12 23:52:38.755 +00:00] [ERR] [13] Microsoft.Extensions.Diagnostics.HealthChecks.DefaultHealthCheckService: Health check "StartupCheck" with status Unhealthy completed after 0.0039ms with message '"Server is could not complete startup. Check logs."'
[2026-09-12 23:52:39.775 +00:00] [ERR] [8] Microsoft.Extensions.Diagnostics.HealthChecks.DefaultHealthCheckService: Health check "StartupCheck" with status Unhealthy completed after 0.0034ms with message '"Server is could not complete startup. Check logs."'
[2026-09-12 23:52:40.787 +00:00] [ERR] [15] Microsoft.Extensions.Diagnostics.HealthChecks.DefaultHealthCheckService: Health check "StartupCheck" with status Unhealthy completed after 0.004ms with message '"Server is could not complete startup. Check logs."'
[2026-09-12 23:52:41.808 +00:00] [ERR] [13] Microsoft.Extensions.Diagnostics.HealthChecks.DefaultHealthCheckService: Health check "StartupCheck" with status Unhealthy completed after 0.0038ms with message '"Server is could not complete startup. Check logs."'
[2026-09-12 23:52:42.827 +00:00] [ERR] [8] Microsoft.Extensions.Diagnostics.HealthChecks.DefaultHealthCheckService: Health check "StartupCheck" with status Unhealthy completed after 0.004ms with message '"Server is could not complete startup. Check logs."'
[2026-09-12 23:52:43.845 +00:00] [ERR] [8] Microsoft.Extensions.Diagnostics.HealthChecks.DefaultHealthCheckService: Health check "StartupCheck" with status Unhealthy completed after 0.0036ms with message '"Server is could not complete startup. Check logs."'
[2026-09-12 23:52:44.864 +00:00] [ERR] [10] Microsoft.Extensions.Diagnostics.HealthChecks.DefaultHealthCheckService: Health check "StartupCheck" with status Unhealthy completed after 0.0046ms with message '"Server is could not complete startup. Check logs."'
[2026-09-12 23:52:45.876 +00:00] [ERR] [7] Microsoft.Extensions.Diagnostics.HealthChecks.DefaultHealthCheckService: Health check "StartupCheck" with status Unhealthy completed after 0.0035ms with message '"Server is could not complete startup. Check logs."'
[2026-09-12 23:52:46.895 +00:00] [ERR] [10] Microsoft.Extensions.Diagnostics.HealthChecks.DefaultHealthCheckService: Health check "StartupCheck" with status Unhealthy completed after 0.0034ms with message '"Server is could not complete startup. Check logs."'
[2026-09-12 23:52:47.914 +00:00] [ERR] [10] Microsoft.Extensions.Diagnostics.HealthChecks.DefaultHealthCheckService: Health check "StartupCheck" with status Unhealthy completed after 0.0399ms with message '"Server is could not complete startup. Check logs."'
[2026-09-12 23:52:48.935 +00:00] [ERR] [7] Microsoft.Extensions.Diagnostics.HealthChecks.DefaultHealthCheckService: Health check "StartupCheck" with status Unhealthy completed after 0.0035ms with message '"Server is could not complete startup. Check logs."'
[2026-09-12 23:52:49.947 +00:00] [ERR] [7] Microsoft.Extensions.Diagnostics.HealthChecks.DefaultHealthCheckService: Health check "StartupCheck" with status Unhealthy completed after 0.0143ms with message '"Server is could not complete startup. Check logs."'
[2026-09-12 23:52:50.959 +00:00] [ERR] [8] Microsoft.Extensions.Diagnostics.HealthChecks.DefaultHealthCheckService: Health check "StartupCheck" with status Unhealthy completed after 0.0026ms with message '"Server is could not complete startup. Check logs."'
[2026-09-12 23:52:51.973 +00:00] [ERR] [8] Microsoft.Extensions.Diagnostics.HealthChecks.DefaultHealthCheckService: Health check "StartupCheck" with status Unhealthy completed after 0.0016ms with message '"Server is could not complete startup. Check logs."'
[2026-09-12 23:52:52.989 +00:00] [ERR] [10] Microsoft.Extensions.Diagnostics.HealthChecks.DefaultHealthCheckService: Health check "StartupCheck" with status Unhealthy completed after 0.0278ms with message '"Server is could not complete startup. Check logs."'
[2026-09-12 23:52:54.008 +00:00] [ERR] [10] Microsoft.Extensions.Diagnostics.HealthChecks.DefaultHealthCheckService: Health check "StartupCheck" with status Unhealthy completed after 0.0013ms with message '"Server is could not complete startup. Check logs."'
[2026-09-12 23:52:55.022 +00:00] [ERR] [10] Microsoft.Extensions.Diagnostics.HealthChecks.DefaultHealthCheckService: Health check "StartupCheck" with status Unhealthy completed after 0.0013ms with message '"Server is could not complete startup. Check logs."'
[2026-09-12 23:52:56.036 +00:00] [ERR] [7] Microsoft.Extensions.Diagnostics.HealthChecks.DefaultHealthCheckService: Health check "StartupCheck" with status Unhealthy completed after 0.0017ms with message '"Server is could not complete startup. Check logs."'
[2026-09-12 23:52:57.049 +00:00] [ERR] [15] Microsoft.Extensions.Diagnostics.HealthChecks.DefaultHealthCheckService: Health check "StartupCheck" with status Unhealthy completed after 0.0013ms with message '"Server is could not complete startup. Check logs."'
[2026-09-12 23:52:58.068 +00:00] [ERR] [15] Microsoft.Extensions.Diagnostics.HealthChecks.DefaultHealthCheckService: Health check "StartupCheck" with status Unhealthy completed after 0.0022ms with message '"Server is could not complete startup. Check logs."'
[2026-09-12 23:52:59.087 +00:00] [ERR] [10] Microsoft.Extensions.Diagnostics.HealthChecks.DefaultHealthCheckService: Health check "StartupCheck" with status Unhealthy completed after 0.0016ms with message '"Server is could not complete startup. Check logs."'
[2026-09-12 23:53:00.111 +00:00] [ERR] [8] Microsoft.Extensions.Diagnostics.HealthChecks.DefaultHealthCheckService: Health check "StartupCheck" with status Unhealthy completed after 0.0137ms with message '"Server is could not complete startup. Check logs."'
[2026-09-12 23:53:01.141 +00:00] [ERR] [10] Microsoft.Extensions.Diagnostics.HealthChecks.DefaultHealthCheckService: Health check "StartupCheck" with status Unhealthy completed after 0.002ms with message '"Server is could not complete startup. Check logs."'
[2026-09-12 23:53:02.160 +00:00] [ERR] [15] Microsoft.Extensions.Diagnostics.HealthChecks.DefaultHealthCheckService: Health check "StartupCheck" with status Unhealthy completed after 0.0039ms with message '"Server is could not complete startup. Check logs."'
[2026-09-12 23:53:03.186 +00:00] [ERR] [15] Microsoft.Extensions.Diagnostics.HealthChecks.DefaultHealthCheckService: Health check "StartupCheck" with status Unhealthy completed after 0.0014ms with message '"Server is could not complete startup. Check logs."'
[2026-09-12 23:53:04.207 +00:00] [ERR] [8] Microsoft.Extensions.Diagnostics.HealthChecks.DefaultHealthCheckService: Health check "StartupCheck" with status Unhealthy completed after 0.0017ms with message '"Server is could not complete startup. Check logs."'
[2026-09-12 23:53:05.225 +00:00] [ERR] [15] Microsoft.Extensions.Diagnostics.HealthChecks.DefaultHealthCheckService: Health check "StartupCheck" with status Unhealthy completed after 0.0011ms with message '"Server is could not complete startup. Check logs."'
[2026-09-12 23:53:06.244 +00:00] [ERR] [15] Microsoft.Extensions.Diagnostics.HealthChecks.DefaultHealthCheckService: Health check "StartupCheck" with status Unhealthy completed after 0.0015ms with message '"Server is could not complete startup. Check logs."'
[2026-09-12 23:53:12.641 +00:00] [INF] [1] Emby.Server.Implementations.AppBase.BaseConfigurationManager: Setting cache path: "/config/cache"
[2026-09-12 23:53:13.289 +00:00] [INF] [7] Jellyfin.Server.ServerSetupApp.SetupServer: Kestrel is listening on "all interfaces"
[2026-09-12 23:53:13.383 +00:00] [INF] [7] Main: Jellyfin version: "12.0.0"
[2026-09-12 23:53:13.397 +00:00] [INF] [7] Main: Environment Variables: ["[JELLYFIN_WEB_DIR, /usr/share/jellyfin/web]", "[JELLYFIN_CONFIG_DIR, /config]", "[JELLYFIN_DATA_DIR, /config/data]", "[JELLYFIN_LOG_DIR, /config/log]", "[JELLYFIN_CACHE_DIR, /config/cache]"]
[2026-09-12 23:53:13.409 +00:00] [INF] [7] Main: Arguments: ["/usr/lib/jellyfin/bin/jellyfin.dll", "--ffmpeg=/usr/lib/jellyfin-ffmpeg/ffmpeg"]
[2026-09-12 23:53:13.410 +00:00] [INF] [7] Main: Operating system: "Ubuntu 26.04.1 LTS"
[2026-09-12 23:53:13.410 +00:00] [INF] [7] Main: Architecture: X64
[2026-09-12 23:53:13.416 +00:00] [INF] [7] Main: 64-Bit Process: True
[2026-09-12 23:53:13.416 +00:00] [INF] [7] Main: User Interactive: True
[2026-09-12 23:53:13.416 +00:00] [INF] [7] Main: Processor count: 4
[2026-09-12 23:53:13.417 +00:00] [INF] [7] Main: Program data path: "/config/data"
[2026-09-12 23:53:13.417 +00:00] [INF] [7] Main: Log directory path: "/config/log"
[2026-09-12 23:53:13.418 +00:00] [INF] [7] Main: Config directory path: "/config"
[2026-09-12 23:53:13.418 +00:00] [INF] [7] Main: Cache path: "/config/cache"
[2026-09-12 23:53:13.419 +00:00] [INF] [7] Main: Temp directory path: "/tmp/jellyfin"
[2026-09-12 23:53:13.420 +00:00] [INF] [7] Main: Web resources path: "/usr/share/jellyfin/web"
[2026-09-12 23:53:13.420 +00:00] [INF] [7] Main: Application directory: "/usr/lib/jellyfin/bin/"
[2026-09-12 23:53:13.494 +00:00] [INF] [7] Jellyfin.Server.Startup: Storage path `"/config/data/data"` (Fixed) successfully checked with "203.6GiB" free which is over the minimum of "2GiB".
[2026-09-12 23:53:13.509 +00:00] [INF] [7] Jellyfin.Server.Startup: Storage path `"/config/cache"` (Fixed) successfully checked with "203.6GiB" free which is over the minimum of "2GiB".
[2026-09-12 23:53:13.511 +00:00] [INF] [7] Jellyfin.Server.Startup: Storage path `"/config/data"` (Fixed) successfully checked with "203.6GiB" free which is over the minimum of "2GiB".
[2026-09-12 23:53:13.585 +00:00] [INF] [7] Emby.Server.Implementations.AppBase.BaseConfigurationManager: Setting cache path: "/config/cache"
[2026-09-12 23:53:13.903 +00:00] [WRN] [10] Microsoft.Extensions.Diagnostics.HealthChecks.DefaultHealthCheckService: Health check "StartupCheck" with status Degraded completed after 0.9478ms with message '"Server is still starting up."'
[2026-09-12 23:53:14.023 +00:00] [INF] [7] Jellyfin.Database.Providers.Sqlite.SqliteDatabaseProvider: SQLite connection string: "Data Source=/config/data/data/jellyfin.db;Cache=Private;Default Timeout=60;Pooling=True"
[2026-09-12 23:53:14.040 +00:00] [INF] [7] Jellyfin.Database.Providers.Sqlite.SqliteDatabaseProvider: SQLITE connection pragma command set to: 
"PRAGMA locking_mode=NORMAL;
PRAGMA journal_size_limit=134217728;
PRAGMA synchronous=1;
PRAGMA temp_store=2;
"
[2026-09-12 23:53:14.045 +00:00] [INF] [7] Jellyfin.Database.Implementations.Locking.NoLockBehavior: The database locking mode has been set to: NoLock.
[2026-09-12 23:53:14.139 +00:00] [INF] [7] Jellyfin.Server.Migrations.JellyfinMigrationService: Initialise Migration service.
[2026-09-12 23:53:15.044 +00:00] [WRN] [10] Microsoft.Extensions.Diagnostics.HealthChecks.DefaultHealthCheckService: Health check "StartupCheck" with status Degraded completed after 0.0808ms with message '"Server is still starting up."'
[2026-09-12 23:53:16.122 +00:00] [WRN] [15] Microsoft.Extensions.Diagnostics.HealthChecks.DefaultHealthCheckService: Health check "StartupCheck" with status Degraded completed after 0.0029ms with message '"Server is still starting up."'
[2026-09-12 23:53:17.152 +00:00] [WRN] [15] Microsoft.Extensions.Diagnostics.HealthChecks.DefaultHealthCheckService: Health check "StartupCheck" with status Degraded completed after 0.0017ms with message '"Server is still starting up."'
[2026-09-12 23:53:17.284 +00:00] [INF] [7] Emby.Server.Implementations.AppBase.BaseConfigurationManager: Setting cache path: "/config/cache"
[2026-09-12 23:53:17.306 +00:00] [INF] [7] Emby.Server.Implementations.ApplicationHost: Loading assemblies
[2026-09-12 23:53:17.363 +00:00] [INF] [7] Jellyfin.Networking.Manager.NetworkManager: Defined LAN subnets: ["::1/128", "fe80::/10", "fc00::/7", "127.0.0.0/8", "10.0.0.0/8", "172.16.0.0/12", "192.168.0.0/16"]
[2026-09-12 23:53:17.363 +00:00] [INF] [7] Jellyfin.Networking.Manager.NetworkManager: Defined LAN exclusions: []
[2026-09-12 23:53:17.366 +00:00] [INF] [7] Jellyfin.Networking.Manager.NetworkManager: Used LAN subnets: ["::1/128", "fe80::/10", "fc00::/7", "127.0.0.0/8", "10.0.0.0/8", "172.16.0.0/12", "192.168.0.0/16"]
[2026-09-12 23:53:17.366 +00:00] [INF] [7] Jellyfin.Networking.Manager.NetworkManager: Filtered interface addresses: []
[2026-09-12 23:53:17.368 +00:00] [INF] [7] Jellyfin.Networking.Manager.NetworkManager: Bind Addresses ["::"]
[2026-09-12 23:53:17.368 +00:00] [INF] [7] Jellyfin.Networking.Manager.NetworkManager: Remote IP filter is "Allowlist"
[2026-09-12 23:53:17.368 +00:00] [INF] [7] Jellyfin.Networking.Manager.NetworkManager: Filtered subnets: []
[2026-09-12 23:53:17.535 +00:00] [INF] [7] Jellyfin.Database.Providers.Sqlite.SqliteDatabaseProvider: SQLite connection string: "Data Source=/config/data/data/jellyfin.db;Cache=Private;Default Timeout=60;Pooling=True"
[2026-09-12 23:53:17.538 +00:00] [INF] [7] Jellyfin.Database.Providers.Sqlite.SqliteDatabaseProvider: SQLITE connection pragma command set to: 
"PRAGMA locking_mode=NORMAL;
PRAGMA journal_size_limit=134217728;
PRAGMA synchronous=1;
PRAGMA temp_store=2;
"
[2026-09-12 23:53:17.539 +00:00] [INF] [7] Jellyfin.Database.Implementations.Locking.NoLockBehavior: The database locking mode has been set to: NoLock.
[2026-09-12 23:53:17.711 +00:00] [INF] [7] Main: Prepare system for possible migrations
[2026-09-12 23:53:18.788 +00:00] [WRN] [15] Microsoft.Extensions.Diagnostics.HealthChecks.DefaultHealthCheckService: Health check "StartupCheck" with status Degraded completed after 0.0031ms with message '"Server is still starting up."'
[2026-09-12 23:53:18.920 +00:00] [INF] [7] Emby.Server.Implementations.Plugins.PluginManager: Loaded plugin: "TMDb" "12.0.0.0"
[2026-09-12 23:53:18.922 +00:00] [INF] [7] Emby.Server.Implementations.Plugins.PluginManager: Loaded plugin: "Studio Images" "12.0.0.0"
[2026-09-12 23:53:18.922 +00:00] [INF] [7] Emby.Server.Implementations.Plugins.PluginManager: Loaded plugin: "OMDb" "12.0.0.0"
[2026-09-12 23:53:18.948 +00:00] [INF] [7] Emby.Server.Implementations.Plugins.PluginManager: Loaded plugin: "MusicBrainz" "12.0.0.0"
[2026-09-12 23:53:18.948 +00:00] [INF] [7] Emby.Server.Implementations.Plugins.PluginManager: Loaded plugin: "ListenBrainz Similarity Provider" "12.0.0.0"
[2026-09-12 23:53:18.949 +00:00] [INF] [7] Emby.Server.Implementations.Plugins.PluginManager: Loaded plugin: "AudioDB" "12.0.0.0"
[2026-09-12 23:53:19.040 +00:00] [INF] [7] Emby.Server.Implementations.Library.Search.SearchManager: Registered 0 external search providers: "". Fallback providers: "Database (priority 100)"
[2026-09-12 23:53:19.602 +00:00] [INF] [15] Main: Kestrel is listening on "all interfaces"
[2026-09-12 23:53:21.037 +00:00] [WRN] [15] Microsoft.AspNetCore.StaticFiles.StaticFileMiddleware: The WebRootPath was not found: "/run/s6-rc:s6-rc-init:JkkGjL/servicedirs/svc-jellyfin/wwwroot". Static files may be unavailable.
[2026-09-12 23:53:21.080 +00:00] [INF] [15] Emby.Server.Implementations.ApplicationHost: Running startup tasks
[2026-09-12 23:53:21.095 +00:00] [INF] [15] Emby.Server.Implementations.ScheduledTasks.TaskManager: Daily trigger for "Generate Trickplay Images" set to fire at 2026-09-13 03:00:00.000 +00:00, which is 03:06:38.9050197 from now.
[2026-09-12 23:53:21.100 +00:00] [INF] [15] Emby.Server.Implementations.ScheduledTasks.TaskManager: Daily trigger for "Extract Chapter Images" set to fire at 2026-09-13 02:00:00.000 +00:00, which is 02:06:38.9000053 from now.
[2026-09-12 23:53:21.375 +00:00] [INF] [15] MediaBrowser.MediaEncoding.Encoder.MediaEncoder: Found ffmpeg version "8.1.2"
[2026-09-12 23:53:21.421 +00:00] [INF] [15] MediaBrowser.MediaEncoding.Encoder.MediaEncoder: Available "decoders": ["libdav1d", "av1", "av1_cuvid", "av1_qsv", "h264", "h264_qsv", "h264_cuvid", "hevc", "hevc_qsv", "hevc_cuvid", "mpeg2video", "mpeg2_qsv", "mpeg2_cuvid", "mpeg4", "mpeg4_cuvid", "msmpeg4", "vc1_qsv", "vc1_cuvid", "vp8", "libvpx", "vp8_cuvid", "vp8_qsv", "vp9", "libvpx-vp9", "vp9_cuvid", "vp9_qsv", "aac", "ac3", "ac4", "dca", "flac", "mp3", "truehd"]
[2026-09-12 23:53:21.441 +00:00] [INF] [15] MediaBrowser.MediaEncoding.Encoder.MediaEncoder: Available "encoders": ["libsvtav1", "av1_nvenc", "av1_qsv", "av1_amf", "av1_vaapi", "libx264", "h264_amf", "h264_nvenc", "h264_qsv", "h264_v4l2m2m", "h264_vaapi", "libx265", "hevc_amf", "hevc_nvenc", "hevc_qsv", "hevc_vaapi", "mjpeg_qsv", "mjpeg_vaapi", "aac", "libfdk_aac", "ac3", "alac", "dca", "flac", "libmp3lame", "libopus", "truehd", "libvorbis", "srt"]
[2026-09-12 23:53:21.461 +00:00] [INF] [15] MediaBrowser.MediaEncoding.Encoder.MediaEncoder: Available filters: ["bwdif_cuda", "bwdif_opencl", "deinterlace_qsv", "deinterlace_vaapi", "flip_vulkan", "hwupload_cuda", "hwupload_vaapi", "libplacebo", "overlay_opencl", "overlay_qsv", "overlay_vaapi", "overlay_vulkan", "overlay_cuda", "procamp_vaapi", "scale_cuda", "scale_opencl", "scale_qsv", "scale_vaapi", "scale_vulkan", "tonemapx", "tonemap_cuda", "tonemap_opencl", "tonemap_vaapi", "transpose_cuda", "transpose_opencl", "transpose_vaapi", "transpose_vulkan", "vpp_qsv", "yadif_cuda", "yadif_opencl", "zscale", "alphasrc"]
[2026-09-12 23:53:21.762 +00:00] [INF] [15] MediaBrowser.MediaEncoding.Encoder.MediaEncoder: Available hwaccel types: ["cuda", "vaapi", "qsv", "drm", "opencl", "vulkan", "amf"]
[2026-09-12 23:53:24.138 +00:00] [INF] [8] Emby.Server.Implementations.ScheduledTasks.TaskManager: "Clean Transcode Directory" Completed after 0 minute(s) and 0 seconds
[2026-09-12 23:53:24.901 +00:00] [INF] [13] Emby.Server.Implementations.ScheduledTasks.TaskManager: "Update Plugins" Completed after 0 minute(s) and 0 seconds
[2026-09-12 23:53:25.629 +00:00] [INF] [15] MediaBrowser.MediaEncoding.Encoder.MediaEncoder: FFmpeg: "/usr/lib/jellyfin-ffmpeg/ffmpeg"
[2026-09-12 23:53:25.630 +00:00] [INF] [15] Emby.Server.Implementations.ApplicationHost: ServerId: "47b857da57f142768a816987a44165cd"
[2026-09-12 23:53:25.631 +00:00] [INF] [15] Emby.Server.Implementations.ApplicationHost: Core startup complete
[2026-09-12 23:53:25.631 +00:00] [INF] [15] Main: Startup complete 0:00:13.9645145
[2026-09-12 23:53:27.163 +00:00] [WRN] [20] Jellyfin.Networking.Manager.NetworkManager: "::ffff:192.168.0.43": Only loopback "::1" returned, using that as bind address.
[2026-09-12 23:53:27.568 +00:00] [WRN] [20] Jellyfin.Networking.Manager.NetworkManager: "::ffff:192.168.0.43": Only loopback "::1" returned, using that as bind address.
[2026-09-12 23:53:27.664 +00:00] [WRN] [23] Jellyfin.Networking.Manager.NetworkManager: "::ffff:192.168.0.43": Only loopback "::1" returned, using that as bind address.
[2026-09-12 23:53:27.677 +00:00] [WRN] [20] Jellyfin.Networking.Manager.NetworkManager: "::ffff:192.168.0.43": Only loopback "::1" returned, using that as bind address.
[2026-09-12 23:53:27.682 +00:00] [ERR] [23] Jellyfin.Api.Middleware.ExceptionMiddleware: Error processing request: "Token is required". URL "GET" "/socket".
[2026-09-12 23:53:27.832 +00:00] [INF] [23] Jellyfin.Api.Auth.CustomAuthenticationHandler: "CustomAuthentication" was not authenticated. Failure message: "Invalid token."
[2026-09-12 23:53:28.705 +00:00] [ERR] [20] Jellyfin.Api.Middleware.ExceptionMiddleware: Error processing request: "Token is required". URL "GET" "/socket".
[2026-09-12 23:53:30.226 +00:00] [ERR] [20] Jellyfin.Api.Middleware.ExceptionMiddleware: Error processing request: "Token is required". URL "GET" "/socket".
[2026-09-12 23:53:31.336 +00:00] [INF] [20] Jellyfin.Server.Implementations.Users.UserManager: Authentication request for "admin" has succeeded.
[2026-09-12 23:53:31.339 +00:00] [INF] [20] Emby.Server.Implementations.Session.SessionManager: Current/Max sessions for user "admin": 0/0
[2026-09-12 23:53:31.341 +00:00] [INF] [20] Emby.Server.Implementations.Session.SessionManager: Creating new access token for user 8c63ca3e-f2b7-40be-9586-b23d2e47a171
[2026-09-12 23:53:31.794 +00:00] [INF] [7] Emby.Server.Implementations.HttpServer.WebSocketManager: WS "::ffff:192.168.0.43" request
[2026-09-12 23:53:32.155 +00:00] [WRN] [20] Jellyfin.Networking.Manager.NetworkManager: "::ffff:192.168.0.43": Only loopback "::1" returned, using that as bind address.
[2026-09-12 23:53:45.185 +00:00] [WRN] [23] Jellyfin.Api.Middleware.IPBasedAccessValidationMiddleware: Blocking request to "%2fUsers%2fAuthenticateByName" by "172.60.0.22" due to IP filtering rule, reason: RejectDueToRemoteAccessDisabled
[2026-09-12 23:53:45.190 +00:00] [WRN] [23] Jellyfin.Api.Middleware.IPBasedAccessValidationMiddleware: Blocking request to "%2fUsers%2fAuthenticateByName" by "172.60.0.22" due to IP filtering rule, reason: RejectDueToRemoteAccessDisabled
[2026-09-12 23:56:04.725 +00:00] [WRN] [25] Jellyfin.Networking.Manager.NetworkManager: "::ffff:192.168.0.43": Only loopback "::1" returned, using that as bind address.
[2026-09-12 23:56:29.254 +00:00] [INF] [20] Jellyfin.Networking.Manager.NetworkManager: Defined LAN subnets: ["172.16.0.0/12", "192.168.1.0/24"]
[2026-09-12 23:56:29.254 +00:00] [INF] [20] Jellyfin.Networking.Manager.NetworkManager: Defined LAN exclusions: []
[2026-09-12 23:56:29.255 +00:00] [INF] [20] Jellyfin.Networking.Manager.NetworkManager: Used LAN subnets: ["172.16.0.0/12", "192.168.1.0/24"]
[2026-09-12 23:56:29.255 +00:00] [INF] [20] Jellyfin.Networking.Manager.NetworkManager: Filtered interface addresses: []
[2026-09-12 23:56:29.255 +00:00] [INF] [20] Jellyfin.Networking.Manager.NetworkManager: Bind Addresses ["::"]
[2026-09-12 23:56:29.255 +00:00] [INF] [20] Jellyfin.Networking.Manager.NetworkManager: Remote IP filter is "Allowlist"
[2026-09-12 23:56:29.255 +00:00] [INF] [20] Jellyfin.Networking.Manager.NetworkManager: Filtered subnets: []
[2026-09-12 23:56:29.326 +00:00] [WRN] [20] Jellyfin.Api.Middleware.IPBasedAccessValidationMiddleware: Blocking request to "%2fSystem%2fConfiguration%2fnetwork" by "192.168.0.43" due to IP filtering rule, reason: RejectDueToRemoteAccessDisabled
[2026-09-12 23:56:30.416 +00:00] [WRN] [18] Jellyfin.Api.Middleware.IPBasedAccessValidationMiddleware: Blocking request to "%2fSystem%2fConfiguration%2fnetwork" by "192.168.0.43" due to IP filtering rule, reason: RejectDueToRemoteAccessDisabled
[2026-09-12 23:56:32.360 +00:00] [WRN] [20] Jellyfin.Api.Middleware.IPBasedAccessValidationMiddleware: Blocking request to "%2fUsers%2fAuthenticateByName" by "172.60.0.22" due to IP filtering rule, reason: RejectDueToRemoteAccessDisabled
[2026-09-12 23:56:32.363 +00:00] [WRN] [30] Jellyfin.Api.Middleware.IPBasedAccessValidationMiddleware: Blocking request to "%2fUsers%2fAuthenticateByName" by "172.60.0.22" due to IP filtering rule, reason: RejectDueToRemoteAccessDisabled
[2026-09-12 23:56:39.564 +00:00] [WRN] [30] Jellyfin.Api.Middleware.IPBasedAccessValidationMiddleware: Blocking request to "%2fSystem%2fConfiguration%2fnetwork" by "192.168.0.43" due to IP filtering rule, reason: RejectDueToRemoteAccessDisabled
[2026-09-12 23:56:41.366 +00:00] [INF] [30] Emby.Server.Implementations.HttpServer.WebSocketManager: WS "::ffff:192.168.0.43" closed
[2026-09-12 23:56:42.046 +00:00] [WRN] [18] Jellyfin.Api.Middleware.IPBasedAccessValidationMiddleware: Blocking request to "%2fSystem%2fInfo%2fPublic" by "192.168.0.43" due to IP filtering rule, reason: RejectDueToRemoteAccessDisabled
[2026-09-12 23:56:42.113 +00:00] [WRN] [18] Jellyfin.Api.Middleware.IPBasedAccessValidationMiddleware: Blocking request to "%2fSystem%2fInfo%2fPublic" by "192.168.0.43" due to IP filtering rule, reason: RejectDueToRemoteAccessDisabled
[2026-09-12 23:56:52.733 +00:00] [WRN] [30] Jellyfin.Api.Middleware.IPBasedAccessValidationMiddleware: Blocking request to "%2fSystem%2fInfo%2fPublic" by "192.168.0.43" due to IP filtering rule, reason: RejectDueToRemoteAccessDisabled
[2026-09-12 23:56:52.806 +00:00] [WRN] [18] Jellyfin.Api.Middleware.IPBasedAccessValidationMiddleware: Blocking request to "%2fSystem%2fInfo%2fPublic" by "192.168.0.43" due to IP filtering rule, reason: RejectDueToRemoteAccessDisabled
[2026-09-12 23:56:56.889 +00:00] [WRN] [26] Jellyfin.Api.Middleware.IPBasedAccessValidationMiddleware: Blocking request to "%2fSystem%2fInfo%2fPublic" by "192.168.0.43" due to IP filtering rule, reason: RejectDueToRemoteAccessDisabled
[2026-09-12 23:56:57.030 +00:00] [WRN] [26] Jellyfin.Api.Middleware.IPBasedAccessValidationMiddleware: Blocking request to "%2fSystem%2fInfo%2fPublic" by "192.168.0.43" due to IP filtering rule, reason: RejectDueToRemoteAccessDisabled
[2026-09-12 23:57:02.719 +00:00] [WRN] [18] Jellyfin.Api.Middleware.IPBasedAccessValidationMiddleware: Blocking request to "%2fSystem%2fInfo%2fPublic" by "192.168.0.43" due to IP filtering rule, reason: RejectDueToRemoteAccessDisabled
[2026-09-12 23:58:04.910 +00:00] [INF] [29] Emby.Server.Implementations.Session.SessionManager: Sending shutdown notifications
[2026-09-12 23:58:04.920 +00:00] [INF] [38] Main: Optimizing the database... This might take a while
[2026-09-12 23:58:04.949 +00:00] [INF] [38] Jellyfin.Database.Providers.Sqlite.SqliteDatabaseProvider: jellyfin.db optimized successfully!
[2026-09-12 23:58:04.972 +00:00] [INF] [38] Emby.Server.Implementations.ApplicationHost: Disposing "CoreAppHost"
[2026-09-12 23:58:04.972 +00:00] [INF] [38] Emby.Server.Implementations.ApplicationHost: Disposing "Plugin"
[2026-09-12 23:59:15.315 +00:00] [INF] [1] Emby.Server.Implementations.AppBase.BaseConfigurationManager: Setting cache path: "/config/cache"
[2026-09-12 23:59:15.494 +00:00] [INF] [7] Jellyfin.Server.ServerSetupApp.SetupServer: Kestrel is listening on "all interfaces"
[2026-09-12 23:59:15.520 +00:00] [INF] [7] Main: Jellyfin version: "12.0.0"
[2026-09-12 23:59:15.524 +00:00] [INF] [7] Main: Environment Variables: ["[JELLYFIN_CACHE_DIR, /config/cache]", "[JELLYFIN_LOG_DIR, /config/log]", "[JELLYFIN_WEB_DIR, /usr/share/jellyfin/web]", "[JELLYFIN_CONFIG_DIR, /config]", "[JELLYFIN_DATA_DIR, /config/data]"]
[2026-09-12 23:59:15.526 +00:00] [INF] [7] Main: Arguments: ["/usr/lib/jellyfin/bin/jellyfin.dll", "--ffmpeg=/usr/lib/jellyfin-ffmpeg/ffmpeg"]
[2026-09-12 23:59:15.526 +00:00] [INF] [7] Main: Operating system: "Ubuntu 26.04.1 LTS"
[2026-09-12 23:59:15.526 +00:00] [INF] [7] Main: Architecture: X64
[2026-09-12 23:59:15.526 +00:00] [INF] [7] Main: 64-Bit Process: True
[2026-09-12 23:59:15.526 +00:00] [INF] [7] Main: User Interactive: True
[2026-09-12 23:59:15.526 +00:00] [INF] [7] Main: Processor count: 4
[2026-09-12 23:59:15.526 +00:00] [INF] [7] Main: Program data path: "/config/data"
[2026-09-12 23:59:15.527 +00:00] [INF] [7] Main: Log directory path: "/config/log"
[2026-09-12 23:59:15.527 +00:00] [INF] [7] Main: Config directory path: "/config"
[2026-09-12 23:59:15.527 +00:00] [INF] [7] Main: Cache path: "/config/cache"
[2026-09-12 23:59:15.527 +00:00] [INF] [7] Main: Temp directory path: "/tmp/jellyfin"
[2026-09-12 23:59:15.527 +00:00] [INF] [7] Main: Web resources path: "/usr/share/jellyfin/web"
[2026-09-12 23:59:15.527 +00:00] [INF] [7] Main: Application directory: "/usr/lib/jellyfin/bin/"
[2026-09-12 23:59:15.530 +00:00] [INF] [7] Jellyfin.Server.Startup: Storage path `"/config/data/data"` (Fixed) successfully checked with "203.6GiB" free which is over the minimum of "2GiB".
[2026-09-12 23:59:15.531 +00:00] [INF] [7] Jellyfin.Server.Startup: Storage path `"/config/cache"` (Fixed) successfully checked with "203.6GiB" free which is over the minimum of "2GiB".
[2026-09-12 23:59:15.531 +00:00] [INF] [7] Jellyfin.Server.Startup: Storage path `"/config/data"` (Fixed) successfully checked with "203.6GiB" free which is over the minimum of "2GiB".
[2026-09-12 23:59:15.534 +00:00] [INF] [7] Emby.Server.Implementations.AppBase.BaseConfigurationManager: Setting cache path: "/config/cache"
[2026-09-12 23:59:15.592 +00:00] [INF] [7] Jellyfin.Database.Providers.Sqlite.SqliteDatabaseProvider: SQLite connection string: "Data Source=/config/data/data/jellyfin.db;Cache=Private;Default Timeout=60;Pooling=True"
[2026-09-12 23:59:15.598 +00:00] [INF] [7] Jellyfin.Database.Providers.Sqlite.SqliteDatabaseProvider: SQLITE connection pragma command set to: 
"PRAGMA locking_mode=NORMAL;
PRAGMA journal_size_limit=134217728;
PRAGMA synchronous=1;
PRAGMA temp_store=2;
"
[2026-09-12 23:59:15.599 +00:00] [INF] [7] Jellyfin.Database.Implementations.Locking.NoLockBehavior: The database locking mode has been set to: NoLock.
[2026-09-12 23:59:15.632 +00:00] [INF] [7] Jellyfin.Server.Migrations.JellyfinMigrationService: Initialise Migration service.
[2026-09-12 23:59:16.069 +00:00] [WRN] [11] Microsoft.Extensions.Diagnostics.HealthChecks.DefaultHealthCheckService: Health check "StartupCheck" with status Degraded completed after 0.8843ms with message '"Server is still starting up."'
[2026-09-12 23:59:16.594 +00:00] [INF] [7] Emby.Server.Implementations.AppBase.BaseConfigurationManager: Setting cache path: "/config/cache"
[2026-09-12 23:59:16.606 +00:00] [INF] [7] Emby.Server.Implementations.ApplicationHost: Loading assemblies
[2026-09-12 23:59:16.642 +00:00] [INF] [7] Jellyfin.Networking.Manager.NetworkManager: Defined LAN subnets: ["::1/128", "fe80::/10", "fc00::/7", "127.0.0.0/8", "10.0.0.0/8", "172.16.0.0/12", "192.168.0.0/16"]
[2026-09-12 23:59:16.643 +00:00] [INF] [7] Jellyfin.Networking.Manager.NetworkManager: Defined LAN exclusions: []
[2026-09-12 23:59:16.644 +00:00] [INF] [7] Jellyfin.Networking.Manager.NetworkManager: Used LAN subnets: ["::1/128", "fe80::/10", "fc00::/7", "127.0.0.0/8", "10.0.0.0/8", "172.16.0.0/12", "192.168.0.0/16"]
[2026-09-12 23:59:16.645 +00:00] [INF] [7] Jellyfin.Networking.Manager.NetworkManager: Filtered interface addresses: []
[2026-09-12 23:59:16.646 +00:00] [INF] [7] Jellyfin.Networking.Manager.NetworkManager: Bind Addresses ["::"]
[2026-09-12 23:59:16.646 +00:00] [INF] [7] Jellyfin.Networking.Manager.NetworkManager: Remote IP filter is "Allowlist"
[2026-09-12 23:59:16.646 +00:00] [INF] [7] Jellyfin.Networking.Manager.NetworkManager: Filtered subnets: []
[2026-09-12 23:59:16.739 +00:00] [INF] [7] Jellyfin.Database.Providers.Sqlite.SqliteDatabaseProvider: SQLite connection string: "Data Source=/config/data/data/jellyfin.db;Cache=Private;Default Timeout=60;Pooling=True"
[2026-09-12 23:59:16.740 +00:00] [INF] [7] Jellyfin.Database.Providers.Sqlite.SqliteDatabaseProvider: SQLITE connection pragma command set to: 
"PRAGMA locking_mode=NORMAL;
PRAGMA journal_size_limit=134217728;
PRAGMA synchronous=1;
PRAGMA temp_store=2;
"
[2026-09-12 23:59:16.740 +00:00] [INF] [7] Jellyfin.Database.Implementations.Locking.NoLockBehavior: The database locking mode has been set to: NoLock.
[2026-09-12 23:59:16.785 +00:00] [INF] [7] Main: Prepare system for possible migrations
[2026-09-12 23:59:16.943 +00:00] [INF] [7] Emby.Server.Implementations.Plugins.PluginManager: Loaded plugin: "TMDb" "12.0.0.0"
[2026-09-12 23:59:16.943 +00:00] [INF] [7] Emby.Server.Implementations.Plugins.PluginManager: Loaded plugin: "Studio Images" "12.0.0.0"
[2026-09-12 23:59:16.944 +00:00] [INF] [7] Emby.Server.Implementations.Plugins.PluginManager: Loaded plugin: "OMDb" "12.0.0.0"
[2026-09-12 23:59:16.957 +00:00] [INF] [7] Emby.Server.Implementations.Plugins.PluginManager: Loaded plugin: "MusicBrainz" "12.0.0.0"
[2026-09-12 23:59:16.957 +00:00] [INF] [7] Emby.Server.Implementations.Plugins.PluginManager: Loaded plugin: "ListenBrainz Similarity Provider" "12.0.0.0"
[2026-09-12 23:59:16.958 +00:00] [INF] [7] Emby.Server.Implementations.Plugins.PluginManager: Loaded plugin: "AudioDB" "12.0.0.0"
[2026-09-12 23:59:17.006 +00:00] [INF] [7] Emby.Server.Implementations.Library.Search.SearchManager: Registered 0 external search providers: "". Fallback providers: "Database (priority 100)"
[2026-09-12 23:59:17.322 +00:00] [INF] [11] Main: Kestrel is listening on "all interfaces"
[2026-09-12 23:59:18.078 +00:00] [WRN] [11] Microsoft.AspNetCore.StaticFiles.StaticFileMiddleware: The WebRootPath was not found: "/run/s6-rc:s6-rc-init:iBgbPN/servicedirs/svc-jellyfin/wwwroot". Static files may be unavailable.
[2026-09-12 23:59:18.113 +00:00] [INF] [11] Emby.Server.Implementations.ApplicationHost: Running startup tasks
[2026-09-12 23:59:18.124 +00:00] [INF] [11] Emby.Server.Implementations.ScheduledTasks.TaskManager: Daily trigger for "Generate Trickplay Images" set to fire at 2026-09-13 03:00:00.000 +00:00, which is 03:00:41.8751725 from now.
[2026-09-12 23:59:18.128 +00:00] [INF] [11] Emby.Server.Implementations.ScheduledTasks.TaskManager: Daily trigger for "Extract Chapter Images" set to fire at 2026-09-13 02:00:00.000 +00:00, which is 02:00:41.8715159 from now.
[2026-09-12 23:59:18.168 +00:00] [INF] [11] MediaBrowser.MediaEncoding.Encoder.MediaEncoder: Found ffmpeg version "8.1.2"
[2026-09-12 23:59:18.209 +00:00] [INF] [11] MediaBrowser.MediaEncoding.Encoder.MediaEncoder: Available "decoders": ["libdav1d", "av1", "av1_cuvid", "av1_qsv", "h264", "h264_qsv", "h264_cuvid", "hevc", "hevc_qsv", "hevc_cuvid", "mpeg2video", "mpeg2_qsv", "mpeg2_cuvid", "mpeg4", "mpeg4_cuvid", "msmpeg4", "vc1_qsv", "vc1_cuvid", "vp8", "libvpx", "vp8_cuvid", "vp8_qsv", "vp9", "libvpx-vp9", "vp9_cuvid", "vp9_qsv", "aac", "ac3", "ac4", "dca", "flac", "mp3", "truehd"]
[2026-09-12 23:59:18.226 +00:00] [INF] [11] MediaBrowser.MediaEncoding.Encoder.MediaEncoder: Available "encoders": ["libsvtav1", "av1_nvenc", "av1_qsv", "av1_amf", "av1_vaapi", "libx264", "h264_amf", "h264_nvenc", "h264_qsv", "h264_v4l2m2m", "h264_vaapi", "libx265", "hevc_amf", "hevc_nvenc", "hevc_qsv", "hevc_vaapi", "mjpeg_qsv", "mjpeg_vaapi", "aac", "libfdk_aac", "ac3", "alac", "dca", "flac", "libmp3lame", "libopus", "truehd", "libvorbis", "srt"]
[2026-09-12 23:59:18.244 +00:00] [INF] [11] MediaBrowser.MediaEncoding.Encoder.MediaEncoder: Available filters: ["bwdif_cuda", "bwdif_opencl", "deinterlace_qsv", "deinterlace_vaapi", "flip_vulkan", "hwupload_cuda", "hwupload_vaapi", "libplacebo", "overlay_opencl", "overlay_qsv", "overlay_vaapi", "overlay_vulkan", "overlay_cuda", "procamp_vaapi", "scale_cuda", "scale_opencl", "scale_qsv", "scale_vaapi", "scale_vulkan", "tonemapx", "tonemap_cuda", "tonemap_opencl", "tonemap_vaapi", "transpose_cuda", "transpose_opencl", "transpose_vaapi", "transpose_vulkan", "vpp_qsv", "yadif_cuda", "yadif_opencl", "zscale", "alphasrc"]
[2026-09-12 23:59:18.468 +00:00] [INF] [11] MediaBrowser.MediaEncoding.Encoder.MediaEncoder: Available hwaccel types: ["cuda", "vaapi", "qsv", "drm", "opencl", "vulkan", "amf"]
[2026-09-12 23:59:21.013 +00:00] [INF] [11] MediaBrowser.MediaEncoding.Encoder.MediaEncoder: FFmpeg: "/usr/lib/jellyfin-ffmpeg/ffmpeg"
[2026-09-12 23:59:21.014 +00:00] [INF] [11] Emby.Server.Implementations.ApplicationHost: ServerId: "47b857da57f142768a816987a44165cd"
[2026-09-12 23:59:21.014 +00:00] [INF] [11] Emby.Server.Implementations.ApplicationHost: Core startup complete
[2026-09-12 23:59:21.014 +00:00] [INF] [11] Main: Startup complete 0:00:05.8977657
[2026-09-12 23:59:21.171 +00:00] [INF] [9] Emby.Server.Implementations.ScheduledTasks.TaskManager: "Clean Transcode Directory" Completed after 0 minute(s) and 0 seconds
[2026-09-12 23:59:21.878 +00:00] [INF] [9] Emby.Server.Implementations.ScheduledTasks.TaskManager: "Update Plugins" Completed after 0 minute(s) and 0 seconds
[2026-09-12 23:59:37.443 +00:00] [WRN] [10] Jellyfin.Networking.Manager.NetworkManager: "::ffff:192.168.0.43": Only loopback "::1" returned, using that as bind address.
[2026-09-12 23:59:37.652 +00:00] [WRN] [9] Jellyfin.Networking.Manager.NetworkManager: "::ffff:192.168.0.43": Only loopback "::1" returned, using that as bind address.
[2026-09-12 23:59:37.731 +00:00] [WRN] [10] Jellyfin.Networking.Manager.NetworkManager: "::ffff:192.168.0.43": Only loopback "::1" returned, using that as bind address.
[2026-09-12 23:59:37.759 +00:00] [WRN] [10] Jellyfin.Networking.Manager.NetworkManager: "::ffff:192.168.0.43": Only loopback "::1" returned, using that as bind address.
[2026-09-12 23:59:37.759 +00:00] [ERR] [9] Jellyfin.Api.Middleware.ExceptionMiddleware: Error processing request: "Token is required". URL "GET" "/socket".
[2026-09-12 23:59:37.920 +00:00] [INF] [9] Jellyfin.Api.Auth.CustomAuthenticationHandler: "CustomAuthentication" was not authenticated. Failure message: "Invalid token."
[2026-09-12 23:59:38.781 +00:00] [ERR] [15] Jellyfin.Api.Middleware.ExceptionMiddleware: Error processing request: "Token is required". URL "GET" "/socket".
[2026-09-12 23:59:40.117 +00:00] [INF] [11] Jellyfin.Server.Implementations.Users.UserManager: Authentication request for "admin" has succeeded.
[2026-09-12 23:59:40.120 +00:00] [INF] [11] Emby.Server.Implementations.Session.SessionManager: Current/Max sessions for user "admin": 0/0
[2026-09-12 23:59:40.121 +00:00] [INF] [11] Emby.Server.Implementations.Session.SessionManager: Creating new access token for user 8c63ca3e-f2b7-40be-9586-b23d2e47a171
[2026-09-12 23:59:40.301 +00:00] [ERR] [9] Jellyfin.Api.Middleware.ExceptionMiddleware: Error processing request: "Token is required". URL "GET" "/socket".
[2026-09-12 23:59:40.743 +00:00] [WRN] [7] Jellyfin.Networking.Manager.NetworkManager: "::ffff:192.168.0.43": Only loopback "::1" returned, using that as bind address.
[2026-09-12 23:59:41.001 +00:00] [INF] [11] Emby.Server.Implementations.HttpServer.WebSocketManager: WS "::ffff:192.168.0.43" request
[2026-09-12 23:59:43.565 +00:00] [WRN] [15] Jellyfin.Networking.Manager.NetworkManager: "::ffff:192.168.0.43": Only loopback "::1" returned, using that as bind address.
[2026-09-12 23:59:43.594 +00:00] [WRN] [7] Jellyfin.Networking.Manager.NetworkManager: "::ffff:192.168.0.43": Only loopback "::1" returned, using that as bind address.
[2026-09-12 23:59:43.612 +00:00] [INF] [15] Emby.Server.Implementations.HttpServer.WebSocketManager: WS "::ffff:192.168.0.43" closed
[2026-09-12 23:59:43.621 +00:00] [INF] [10] Emby.Server.Implementations.HttpServer.WebSocketManager: WS "::ffff:192.168.0.43" request
[2026-09-12 23:59:44.638 +00:00] [INF] [7] Emby.Server.Implementations.HttpServer.WebSocketManager: WS "::ffff:192.168.0.43" request
[2026-09-12 23:59:57.160 +00:00] [WRN] [9] Jellyfin.Networking.Manager.NetworkManager: Invalid subnet '"seerr"' will be ignored.
[2026-09-12 23:59:57.160 +00:00] [INF] [9] Jellyfin.Networking.Manager.NetworkManager: Defined LAN subnets: ["::1/128", "fe80::/10", "fc00::/7", "127.0.0.0/8", "10.0.0.0/8", "172.16.0.0/12", "192.168.0.0/16"]
[2026-09-12 23:59:57.160 +00:00] [INF] [9] Jellyfin.Networking.Manager.NetworkManager: Defined LAN exclusions: []
[2026-09-12 23:59:57.161 +00:00] [INF] [9] Jellyfin.Networking.Manager.NetworkManager: Used LAN subnets: ["::1/128", "fe80::/10", "fc00::/7", "127.0.0.0/8", "10.0.0.0/8", "172.16.0.0/12", "192.168.0.0/16"]
[2026-09-12 23:59:57.161 +00:00] [INF] [9] Jellyfin.Networking.Manager.NetworkManager: Filtered interface addresses: []
[2026-09-12 23:59:57.161 +00:00] [INF] [9] Jellyfin.Networking.Manager.NetworkManager: Bind Addresses ["::"]
[2026-09-12 23:59:57.161 +00:00] [INF] [9] Jellyfin.Networking.Manager.NetworkManager: Remote IP filter is "Allowlist"
[2026-09-12 23:59:57.161 +00:00] [INF] [9] Jellyfin.Networking.Manager.NetworkManager: Filtered subnets: []
