2026-09-17T23:00:00.009Z [debug][Jobs]: Starting scheduled job: Download Sync 
2026-09-17T23:00:00.018Z [info][Jobs]: Starting scheduled job: Jellyfin Recently Added Scan 
2026-09-17T23:00:00.019Z [info][Jellyfin Sync]: Scan starting {"sessionId":"0f22fc5c-0649-46ba-8062-2702772da620"}
2026-09-17T23:00:00.027Z [info][Jellyfin Sync]: Beginning to process recently added for library: Movies 
2026-09-17T23:00:00.064Z [debug][Jellyfin Sync]: Title already exists and no changes detected for The Shawshank Redemption 
2026-09-17T23:00:00.070Z [debug][Jellyfin Sync]: Title already exists and no changes detected for Nirvanna the Band the Show the Movie 
2026-09-17T23:00:00.070Z [debug][Jellyfin Sync]: Title already exists and no changes detected for 3 Idiots 
2026-09-17T23:00:00.071Z [debug][Jellyfin Sync]: Title already exists and no changes detected for Shrek 
2026-09-17T23:00:04.073Z [info][Jellyfin Sync]: Beginning to process recently added for library: Shows 
2026-09-17T23:00:04.128Z [debug][Jellyfin Sync]: Updating existing title: Game Changer 
2026-09-17T23:00:04.134Z [debug][Jellyfin Sync]: Updating existing title: The Pitt 
2026-09-17T23:00:04.142Z [debug][Jellyfin Sync]: Updating existing title: Nathan for You 
2026-09-17T23:00:04.168Z [debug][Jellyfin Sync]: Updating existing title: Adventure Time 
2026-09-17T23:00:08.169Z [info][Jellyfin Sync]: Recently Added Scan Complete 
2026-09-17T23:01:00.006Z [debug][Jobs]: Starting scheduled job: Download Sync 
2026-09-17T23:02:00.004Z [debug][Jobs]: Starting scheduled job: Download Sync 
2026-09-17T23:03:00.007Z [debug][Jobs]: Starting scheduled job: Download Sync 
2026-09-17T23:04:00.007Z [debug][Jobs]: Starting scheduled job: Download Sync 
2026-09-17T23:05:00.007Z [debug][Jobs]: Starting scheduled job: Download Sync 
2026-09-17T23:05:00.011Z [info][Jobs]: Starting scheduled job: Jellyfin Recently Added Scan 
2026-09-17T23:05:00.011Z [info][Jellyfin Sync]: Scan starting {"sessionId":"c6a91674-64f5-468b-8ed9-9d10e217d386"}
2026-09-17T23:05:00.016Z [info][Jellyfin Sync]: Beginning to process recently added for library: Movies 
2026-09-17T23:05:00.040Z [debug][Jellyfin Sync]: Title already exists and no changes detected for The Shawshank Redemption 
2026-09-17T23:05:00.045Z [debug][Jellyfin Sync]: Title already exists and no changes detected for 3 Idiots 
2026-09-17T23:05:00.049Z [debug][Jellyfin Sync]: Title already exists and no changes detected for Nirvanna the Band the Show the Movie 
2026-09-17T23:05:00.050Z [debug][Jellyfin Sync]: Title already exists and no changes detected for Shrek 
2026-09-17T23:05:04.054Z [info][Jellyfin Sync]: Beginning to process recently added for library: Shows 
2026-09-17T23:05:04.117Z [debug][Jellyfin Sync]: Updating existing title: Game Changer 
2026-09-17T23:05:04.120Z [debug][Jellyfin Sync]: Updating existing title: The Pitt 
2026-09-17T23:05:04.121Z [debug][Jellyfin Sync]: Updating existing title: Nathan for You 
2026-09-17T23:05:04.152Z [debug][Jellyfin Sync]: Updating existing title: Adventure Time 
2026-09-17T23:05:08.153Z [info][Jellyfin Sync]: Recently Added Scan Complete 
2026-09-17T23:06:00.007Z [debug][Jobs]: Starting scheduled job: Download Sync 
2026-09-17T23:07:00.005Z [debug][Jobs]: Starting scheduled job: Download Sync 
2026-09-17T23:08:00.006Z [debug][Jobs]: Starting scheduled job: Download Sync 
2026-09-17T23:09:00.006Z [debug][Jobs]: Starting scheduled job: Download Sync 
2026-09-17T23:10:00.004Z [debug][Jobs]: Starting scheduled job: Download Sync 
2026-09-17T23:10:00.008Z [info][Jobs]: Starting scheduled job: Jellyfin Recently Added Scan 
2026-09-17T23:10:00.008Z [info][Jellyfin Sync]: Scan starting {"sessionId":"ac5e05a1-d14b-4a66-9fb4-f6880d63b02e"}
2026-09-17T23:10:00.014Z [info][Jellyfin Sync]: Beginning to process recently added for library: Movies 
2026-09-17T23:10:00.044Z [debug][Jellyfin Sync]: Title already exists and no changes detected for The Shawshank Redemption 
2026-09-17T23:10:00.046Z [debug][Jellyfin Sync]: Title already exists and no changes detected for Shrek 
2026-09-17T23:10:00.054Z [debug][Jellyfin Sync]: Title already exists and no changes detected for Nirvanna the Band the Show the Movie 
2026-09-17T23:10:00.055Z [debug][Jellyfin Sync]: Title already exists and no changes detected for 3 Idiots 
2026-09-17T23:10:04.059Z [info][Jellyfin Sync]: Beginning to process recently added for library: Shows 
2026-09-17T23:10:04.134Z [debug][Jellyfin Sync]: Updating existing title: Game Changer 
2026-09-17T23:10:04.138Z [debug][Jellyfin Sync]: Updating existing title: The Pitt 
2026-09-17T23:10:04.143Z [debug][Jellyfin Sync]: Updating existing title: Nathan for You 
2026-09-17T23:10:04.164Z [debug][Jellyfin Sync]: Updating existing title: Adventure Time 
2026-09-17T23:10:08.166Z [info][Jellyfin Sync]: Recently Added Scan Complete 
2026-09-17T23:11:00.005Z [debug][Jobs]: Starting scheduled job: Download Sync 
2026-09-17T23:12:00.004Z [debug][Jobs]: Starting scheduled job: Download Sync 
2026-09-17T23:13:00.002Z [debug][Jobs]: Starting scheduled job: Download Sync 
2026-09-17T23:14:00.004Z [debug][Jobs]: Starting scheduled job: Download Sync 
2026-09-17T23:15:00.004Z [debug][Jobs]: Starting scheduled job: Download Sync 
2026-09-17T23:15:00.008Z [info][Jobs]: Starting scheduled job: Jellyfin Recently Added Scan 
2026-09-17T23:15:00.009Z [info][Jellyfin Sync]: Scan starting {"sessionId":"ef5a6789-5842-46e8-88ac-2d902c1f115f"}
2026-09-17T23:15:00.012Z [info][Jellyfin Sync]: Beginning to process recently added for library: Movies 
2026-09-17T23:15:00.060Z [debug][Jellyfin Sync]: Title already exists and no changes detected for The Shawshank Redemption 
2026-09-17T23:15:00.062Z [debug][Jellyfin Sync]: Title already exists and no changes detected for Nirvanna the Band the Show the Movie 
2026-09-17T23:15:00.063Z [debug][Jellyfin Sync]: Title already exists and no changes detected for 3 Idiots 
2026-09-17T23:15:00.064Z [debug][Jellyfin Sync]: Title already exists and no changes detected for Shrek 
2026-09-17T23:15:04.069Z [info][Jellyfin Sync]: Beginning to process recently added for library: Shows 
2026-09-17T23:15:04.136Z [debug][Jellyfin Sync]: Updating existing title: Game Changer 
2026-09-17T23:15:04.141Z [debug][Jellyfin Sync]: Updating existing title: Nathan for You 
2026-09-17T23:15:04.141Z [debug][Jellyfin Sync]: Updating existing title: The Pitt 
2026-09-17T23:15:04.186Z [debug][Jellyfin Sync]: Updating existing title: Adventure Time 
2026-09-17T23:15:08.186Z [info][Jellyfin Sync]: Recently Added Scan Complete 
2026-09-17T23:16:00.006Z [debug][Jobs]: Starting scheduled job: Download Sync 
2026-09-17T23:17:00.005Z [debug][Jobs]: Starting scheduled job: Download Sync 
2026-09-17T23:18:00.004Z [debug][Jobs]: Starting scheduled job: Download Sync 
2026-09-17T23:19:00.004Z [debug][Jobs]: Starting scheduled job: Download Sync 
2026-09-17T23:20:00.003Z [debug][Jobs]: Starting scheduled job: Download Sync 
2026-09-17T23:20:00.013Z [info][Jobs]: Starting scheduled job: Jellyfin Recently Added Scan 
2026-09-17T23:20:00.014Z [info][Jellyfin Sync]: Scan starting {"sessionId":"5a936371-3ea1-42f9-9d1e-e23a05f806ce"}
2026-09-17T23:20:00.031Z [info][Jellyfin Sync]: Beginning to process recently added for library: Movies 
2026-09-17T23:20:00.073Z [debug][Jellyfin Sync]: Title already exists and no changes detected for The Shawshank Redemption 
2026-09-17T23:20:00.083Z [debug][Jellyfin Sync]: Title already exists and no changes detected for 3 Idiots 
2026-09-17T23:20:00.084Z [debug][Jellyfin Sync]: Title already exists and no changes detected for Nirvanna the Band the Show the Movie 
2026-09-17T23:20:00.086Z [debug][Jellyfin Sync]: Title already exists and no changes detected for Shrek 
2026-09-17T23:20:04.090Z [info][Jellyfin Sync]: Beginning to process recently added for library: Shows 
2026-09-17T23:20:04.151Z [debug][Jellyfin Sync]: Updating existing title: Game Changer 
2026-09-17T23:20:04.152Z [debug][Jellyfin Sync]: Updating existing title: The Pitt 
2026-09-17T23:20:04.154Z [debug][Jellyfin Sync]: Updating existing title: Nathan for You 
2026-09-17T23:20:04.183Z [debug][Jellyfin Sync]: Updating existing title: Adventure Time 
2026-09-17T23:20:08.183Z [info][Jellyfin Sync]: Recently Added Scan Complete 
2026-09-17T23:21:00.008Z [debug][Jobs]: Starting scheduled job: Download Sync 
2026-09-17T23:22:00.014Z [debug][Jobs]: Starting scheduled job: Download Sync 
2026-09-17T23:23:00.008Z [debug][Jobs]: Starting scheduled job: Download Sync 
2026-09-17T23:24:00.016Z [debug][Jobs]: Starting scheduled job: Download Sync 
2026-09-17T23:25:00.015Z [debug][Jobs]: Starting scheduled job: Download Sync 
2026-09-17T23:25:00.019Z [info][Jobs]: Starting scheduled job: Jellyfin Recently Added Scan 
2026-09-17T23:25:00.019Z [info][Jellyfin Sync]: Scan starting {"sessionId":"8f249500-546c-4c48-bda8-24e6d29c4069"}
2026-09-17T23:25:00.024Z [info][Jellyfin Sync]: Beginning to process recently added for library: Movies 
2026-09-17T23:25:00.052Z [debug][Jellyfin Sync]: Title already exists and no changes detected for The Shawshank Redemption 
2026-09-17T23:25:00.059Z [debug][Jellyfin Sync]: Title already exists and no changes detected for 3 Idiots 
2026-09-17T23:25:00.059Z [debug][Jellyfin Sync]: Title already exists and no changes detected for Nirvanna the Band the Show the Movie 
2026-09-17T23:25:00.060Z [debug][Jellyfin Sync]: Title already exists and no changes detected for Shrek 
2026-09-17T23:25:04.062Z [info][Jellyfin Sync]: Beginning to process recently added for library: Shows 
2026-09-17T23:25:04.119Z [debug][Jellyfin Sync]: Updating existing title: Game Changer 
2026-09-17T23:25:04.121Z [debug][Jellyfin Sync]: Updating existing title: The Pitt 
2026-09-17T23:25:04.128Z [debug][Jellyfin Sync]: Updating existing title: Nathan for You 
2026-09-17T23:25:04.157Z [debug][Jellyfin Sync]: Updating existing title: Adventure Time 
2026-09-17T23:25:08.158Z [info][Jellyfin Sync]: Recently Added Scan Complete 
2026-09-17T23:26:00.013Z [debug][Jobs]: Starting scheduled job: Download Sync 
2026-09-17T23:27:00.016Z [debug][Jobs]: Starting scheduled job: Download Sync 
2026-09-17T23:28:00.015Z [debug][Jobs]: Starting scheduled job: Download Sync 
2026-09-17T23:29:00.016Z [debug][Jobs]: Starting scheduled job: Download Sync 
2026-09-17T23:30:00.014Z [debug][Jobs]: Starting scheduled job: Download Sync 
2026-09-17T23:30:00.019Z [info][Jobs]: Starting scheduled job: Jellyfin Recently Added Scan 
2026-09-17T23:30:00.019Z [info][Jellyfin Sync]: Scan starting {"sessionId":"2f53ce92-de1f-4199-ad80-c96f611925fc"}
2026-09-17T23:30:00.024Z [info][Jellyfin Sync]: Beginning to process recently added for library: Movies 
2026-09-17T23:30:00.057Z [debug][Jellyfin Sync]: Title already exists and no changes detected for 3 Idiots 
2026-09-17T23:30:00.058Z [debug][Jellyfin Sync]: Title already exists and no changes detected for The Shawshank Redemption 
2026-09-17T23:30:00.062Z [debug][Jellyfin Sync]: Title already exists and no changes detected for Shrek 
2026-09-17T23:30:00.063Z [debug][Jellyfin Sync]: Title already exists and no changes detected for Nirvanna the Band the Show the Movie 
2026-09-17T23:30:04.065Z [info][Jellyfin Sync]: Beginning to process recently added for library: Shows 
2026-09-17T23:30:04.152Z [debug][Jellyfin Sync]: Updating existing title: Game Changer 
2026-09-17T23:30:04.157Z [debug][Jellyfin Sync]: Updating existing title: The Pitt 
2026-09-17T23:30:04.159Z [debug][Jellyfin Sync]: Updating existing title: Nathan for You 
2026-09-17T23:30:04.185Z [debug][Jellyfin Sync]: Updating existing title: Adventure Time 
2026-09-17T23:30:08.185Z [info][Jellyfin Sync]: Recently Added Scan Complete 
2026-09-17T23:31:00.009Z [debug][Jobs]: Starting scheduled job: Download Sync 
2026-09-17T23:32:00.014Z [debug][Jobs]: Starting scheduled job: Download Sync 
2026-09-17T23:33:00.016Z [debug][Jobs]: Starting scheduled job: Download Sync 
2026-09-17T23:34:00.015Z [debug][Jobs]: Starting scheduled job: Download Sync 
2026-09-17T23:35:00.014Z [debug][Jobs]: Starting scheduled job: Download Sync 
2026-09-17T23:35:00.019Z [info][Jobs]: Starting scheduled job: Jellyfin Recently Added Scan 
2026-09-17T23:35:00.019Z [info][Jellyfin Sync]: Scan starting {"sessionId":"7b58cd81-ba82-4fad-9e37-ef108ab3c965"}
2026-09-17T23:35:00.024Z [info][Jellyfin Sync]: Beginning to process recently added for library: Movies 
2026-09-17T23:35:00.054Z [debug][Jellyfin Sync]: Title already exists and no changes detected for 3 Idiots 
2026-09-17T23:35:00.056Z [debug][Jellyfin Sync]: Title already exists and no changes detected for Shrek 
2026-09-17T23:35:00.057Z [debug][Jellyfin Sync]: Title already exists and no changes detected for Nirvanna the Band the Show the Movie 
2026-09-17T23:35:00.057Z [debug][Jellyfin Sync]: Title already exists and no changes detected for The Shawshank Redemption 
2026-09-17T23:35:04.058Z [info][Jellyfin Sync]: Beginning to process recently added for library: Shows 
2026-09-17T23:35:04.125Z [debug][Jellyfin Sync]: Updating existing title: Game Changer 
2026-09-17T23:35:04.127Z [debug][Jellyfin Sync]: Updating existing title: The Pitt 
2026-09-17T23:35:04.130Z [debug][Jellyfin Sync]: Updating existing title: Nathan for You 
2026-09-17T23:35:04.157Z [debug][Jellyfin Sync]: Updating existing title: Adventure Time 
2026-09-17T23:35:08.158Z [info][Jellyfin Sync]: Recently Added Scan Complete 
2026-09-17T23:36:00.005Z [debug][Jobs]: Starting scheduled job: Download Sync 
2026-09-17T23:37:00.011Z [debug][Jobs]: Starting scheduled job: Download Sync 
2026-09-17T23:38:00.005Z [debug][Jobs]: Starting scheduled job: Download Sync 
2026-09-17T23:39:00.014Z [debug][Jobs]: Starting scheduled job: Download Sync 
2026-09-17T23:40:00.011Z [debug][Jobs]: Starting scheduled job: Download Sync 
2026-09-17T23:40:00.014Z [info][Jobs]: Starting scheduled job: Jellyfin Recently Added Scan 
2026-09-17T23:40:00.014Z [info][Jellyfin Sync]: Scan starting {"sessionId":"532be558-8365-4a84-8c25-3a6e62f18634"}
2026-09-17T23:40:00.018Z [info][Jellyfin Sync]: Beginning to process recently added for library: Movies 
2026-09-17T23:40:00.059Z [debug][Jellyfin Sync]: Title already exists and no changes detected for Shrek 
2026-09-17T23:40:00.061Z [debug][Jellyfin Sync]: Title already exists and no changes detected for The Shawshank Redemption 
2026-09-17T23:40:00.064Z [debug][Jellyfin Sync]: Title already exists and no changes detected for Nirvanna the Band the Show the Movie 
2026-09-17T23:40:00.065Z [debug][Jellyfin Sync]: Title already exists and no changes detected for 3 Idiots 
2026-09-17T23:40:04.069Z [info][Jellyfin Sync]: Beginning to process recently added for library: Shows 
2026-09-17T23:40:04.125Z [debug][Jellyfin Sync]: Updating existing title: Game Changer 
2026-09-17T23:40:04.133Z [debug][Jellyfin Sync]: Updating existing title: The Pitt 
2026-09-17T23:40:04.134Z [debug][Jellyfin Sync]: Updating existing title: Nathan for You 
2026-09-17T23:40:04.160Z [debug][Jellyfin Sync]: Updating existing title: Adventure Time 
2026-09-17T23:40:08.160Z [info][Jellyfin Sync]: Recently Added Scan Complete 
2026-09-17T23:41:00.010Z [debug][Jobs]: Starting scheduled job: Download Sync 
2026-09-17T23:42:00.011Z [debug][Jobs]: Starting scheduled job: Download Sync 
2026-09-17T23:43:00.011Z [debug][Jobs]: Starting scheduled job: Download Sync 
2026-09-17T23:44:00.010Z [debug][Jobs]: Starting scheduled job: Download Sync 
2026-09-17T23:45:00.008Z [debug][Jobs]: Starting scheduled job: Download Sync 
2026-09-17T23:45:00.012Z [info][Jobs]: Starting scheduled job: Jellyfin Recently Added Scan 
2026-09-17T23:45:00.013Z [info][Jellyfin Sync]: Scan starting {"sessionId":"fbb4e1d4-704b-4d22-b4ce-ad106ca68700"}
2026-09-17T23:45:00.017Z [info][Jellyfin Sync]: Beginning to process recently added for library: Movies 
2026-09-17T23:45:00.048Z [debug][Jellyfin Sync]: Title already exists and no changes detected for 3 Idiots 
2026-09-17T23:45:00.053Z [debug][Jellyfin Sync]: Title already exists and no changes detected for Nirvanna the Band the Show the Movie 
2026-09-17T23:45:00.053Z [debug][Jellyfin Sync]: Title already exists and no changes detected for The Shawshank Redemption 
2026-09-17T23:45:00.054Z [debug][Jellyfin Sync]: Title already exists and no changes detected for Shrek 
2026-09-17T23:45:04.059Z [info][Jellyfin Sync]: Beginning to process recently added for library: Shows 
2026-09-17T23:45:04.111Z [debug][Jellyfin Sync]: Updating existing title: Game Changer 
2026-09-17T23:45:04.116Z [debug][Jellyfin Sync]: Updating existing title: The Pitt 
2026-09-17T23:45:04.123Z [debug][Jellyfin Sync]: Updating existing title: Nathan for You 
2026-09-17T23:45:04.145Z [debug][Jellyfin Sync]: Updating existing title: Adventure Time 
2026-09-17T23:45:08.146Z [info][Jellyfin Sync]: Recently Added Scan Complete 
2026-09-17T23:46:00.008Z [debug][Jobs]: Starting scheduled job: Download Sync 
2026-09-17T23:47:00.010Z [debug][Jobs]: Starting scheduled job: Download Sync 
2026-09-17T23:48:00.012Z [debug][Jobs]: Starting scheduled job: Download Sync 
2026-09-17T23:49:00.008Z [debug][Jobs]: Starting scheduled job: Download Sync 
2026-09-17T23:50:00.012Z [debug][Jobs]: Starting scheduled job: Download Sync 
2026-09-17T23:50:00.019Z [info][Jobs]: Starting scheduled job: Jellyfin Recently Added Scan 
2026-09-17T23:50:00.020Z [info][Jellyfin Sync]: Scan starting {"sessionId":"d7244f2d-eeb0-4e2e-b232-df21b3172b6c"}
2026-09-17T23:50:00.030Z [info][Jellyfin Sync]: Beginning to process recently added for library: Movies 
2026-09-17T23:50:00.067Z [debug][Jellyfin Sync]: Title already exists and no changes detected for Shrek 
2026-09-17T23:50:00.069Z [debug][Jellyfin Sync]: Title already exists and no changes detected for The Shawshank Redemption 
2026-09-17T23:50:00.070Z [debug][Jellyfin Sync]: Title already exists and no changes detected for 3 Idiots 
2026-09-17T23:50:00.071Z [debug][Jellyfin Sync]: Title already exists and no changes detected for Nirvanna the Band the Show the Movie 
2026-09-17T23:50:04.075Z [info][Jellyfin Sync]: Beginning to process recently added for library: Shows 
2026-09-17T23:50:04.135Z [debug][Jellyfin Sync]: Updating existing title: Game Changer 
2026-09-17T23:50:04.139Z [debug][Jellyfin Sync]: Updating existing title: The Pitt 
2026-09-17T23:50:04.142Z [debug][Jellyfin Sync]: Updating existing title: Nathan for You 
2026-09-17T23:50:04.168Z [debug][Jellyfin Sync]: Updating existing title: Adventure Time 
2026-09-17T23:50:08.168Z [info][Jellyfin Sync]: Recently Added Scan Complete 
2026-09-17T23:51:00.006Z [debug][Jobs]: Starting scheduled job: Download Sync 
2026-09-17T23:52:00.011Z [debug][Jobs]: Starting scheduled job: Download Sync 
2026-09-17T23:53:00.008Z [debug][Jobs]: Starting scheduled job: Download Sync 
2026-09-17T23:54:00.008Z [debug][Jobs]: Starting scheduled job: Download Sync 
2026-09-17T23:55:00.010Z [debug][Jobs]: Starting scheduled job: Download Sync 
2026-09-17T23:55:00.014Z [info][Jobs]: Starting scheduled job: Jellyfin Recently Added Scan 
2026-09-17T23:55:00.015Z [info][Jellyfin Sync]: Scan starting {"sessionId":"7b0fab53-58f5-4fcd-b22b-0a0df271e23b"}
2026-09-17T23:55:00.020Z [info][Jellyfin Sync]: Beginning to process recently added for library: Movies 
2026-09-17T23:55:00.048Z [debug][Jellyfin Sync]: Title already exists and no changes detected for The Shawshank Redemption 
2026-09-17T23:55:00.053Z [debug][Jellyfin Sync]: Title already exists and no changes detected for Nirvanna the Band the Show the Movie 
2026-09-17T23:55:00.054Z [debug][Jellyfin Sync]: Title already exists and no changes detected for 3 Idiots 
2026-09-17T23:55:00.056Z [debug][Jellyfin Sync]: Title already exists and no changes detected for Shrek 
2026-09-17T23:55:04.061Z [info][Jellyfin Sync]: Beginning to process recently added for library: Shows 
2026-09-17T23:55:04.119Z [debug][Jellyfin Sync]: Updating existing title: The Pitt 
2026-09-17T23:55:04.120Z [debug][Jellyfin Sync]: Updating existing title: Game Changer 
2026-09-17T23:55:04.126Z [debug][Jellyfin Sync]: Updating existing title: Nathan for You 
2026-09-17T23:55:04.150Z [debug][Jellyfin Sync]: Updating existing title: Adventure Time 
2026-09-17T23:55:08.151Z [info][Jellyfin Sync]: Recently Added Scan Complete 
2026-09-17T23:56:00.005Z [debug][Jobs]: Starting scheduled job: Download Sync 
2026-09-17T23:57:00.008Z [debug][Jobs]: Starting scheduled job: Download Sync 
2026-09-17T23:58:00.008Z [debug][Jobs]: Starting scheduled job: Download Sync 
2026-09-17T23:59:00.009Z [debug][Jobs]: Starting scheduled job: Download Sync 
2026-09-18T00:00:00.009Z [debug][Jobs]: Starting scheduled job: Download Sync 
2026-09-18T00:00:00.020Z [info][Jobs]: Starting scheduled job: Jellyfin Recently Added Scan 
2026-09-18T00:00:00.020Z [info][Jellyfin Sync]: Scan starting {"sessionId":"878d2f0f-3e44-4147-97f7-7658ee6aa5cd"}
2026-09-18T00:00:00.028Z [info][Jobs]: Starting scheduled job: Download Sync Reset 
2026-09-18T00:00:00.036Z [info][Jellyfin Sync]: Beginning to process recently added for library: Movies 
2026-09-18T00:00:00.111Z [debug][Jellyfin Sync]: Title already exists and no changes detected for The Shawshank Redemption 
2026-09-18T00:00:00.122Z [debug][Jellyfin Sync]: Title already exists and no changes detected for 3 Idiots 
2026-09-18T00:00:00.124Z [debug][Jellyfin Sync]: Title already exists and no changes detected for Nirvanna the Band the Show the Movie 
2026-09-18T00:00:00.124Z [debug][Jellyfin Sync]: Title already exists and no changes detected for Shrek 
2026-09-18T00:00:04.129Z [info][Jellyfin Sync]: Beginning to process recently added for library: Shows 
2026-09-18T00:00:04.184Z [debug][Jellyfin Sync]: Updating existing title: Game Changer 
2026-09-18T00:00:04.193Z [debug][Jellyfin Sync]: Updating existing title: The Pitt 
2026-09-18T00:00:04.194Z [debug][Jellyfin Sync]: Updating existing title: Nathan for You 
2026-09-18T00:00:04.221Z [debug][Jellyfin Sync]: Updating existing title: Adventure Time 
2026-09-18T00:00:08.221Z [info][Jellyfin Sync]: Recently Added Scan Complete 
2026-09-18T00:01:00.005Z [debug][Jobs]: Starting scheduled job: Download Sync 
2026-09-18T00:02:00.006Z [debug][Jobs]: Starting scheduled job: Download Sync 
2026-09-18T00:03:00.007Z [debug][Jobs]: Starting scheduled job: Download Sync 
2026-09-18T00:04:00.009Z [debug][Jobs]: Starting scheduled job: Download Sync 
2026-09-18T00:05:00.008Z [debug][Jobs]: Starting scheduled job: Download Sync 
2026-09-18T00:05:00.012Z [info][Jobs]: Starting scheduled job: Jellyfin Recently Added Scan 
2026-09-18T00:05:00.013Z [info][Jellyfin Sync]: Scan starting {"sessionId":"295cfc4d-88ee-4e8c-b5a2-d47317b57c60"}
2026-09-18T00:05:00.019Z [info][Jellyfin Sync]: Beginning to process recently added for library: Movies 
2026-09-18T00:05:00.050Z [debug][Jellyfin Sync]: Title already exists and no changes detected for 3 Idiots 
2026-09-18T00:05:00.058Z [debug][Jellyfin Sync]: Title already exists and no changes detected for The Shawshank Redemption 
2026-09-18T00:05:00.061Z [debug][Jellyfin Sync]: Title already exists and no changes detected for Nirvanna the Band the Show the Movie 
2026-09-18T00:05:00.062Z [debug][Jellyfin Sync]: Title already exists and no changes detected for Shrek 
2026-09-18T00:05:04.066Z [info][Jellyfin Sync]: Beginning to process recently added for library: Shows 
2026-09-18T00:05:04.122Z [debug][Jellyfin Sync]: Updating existing title: Game Changer 
2026-09-18T00:05:04.131Z [debug][Jellyfin Sync]: Updating existing title: The Pitt 
2026-09-18T00:05:04.134Z [debug][Jellyfin Sync]: Updating existing title: Nathan for You 
2026-09-18T00:05:04.159Z [debug][Jellyfin Sync]: Updating existing title: Adventure Time 
2026-09-18T00:05:08.159Z [info][Jellyfin Sync]: Recently Added Scan Complete 
2026-09-18T00:06:00.005Z [debug][Jobs]: Starting scheduled job: Download Sync 
2026-09-18T00:07:00.008Z [debug][Jobs]: Starting scheduled job: Download Sync 
2026-09-18T00:08:00.007Z [debug][Jobs]: Starting scheduled job: Download Sync 
2026-09-18T00:09:00.007Z [debug][Jobs]: Starting scheduled job: Download Sync 
2026-09-18T00:10:00.004Z [debug][Jobs]: Starting scheduled job: Download Sync 
2026-09-18T00:10:00.009Z [info][Jobs]: Starting scheduled job: Jellyfin Recently Added Scan 
2026-09-18T00:10:00.009Z [info][Jellyfin Sync]: Scan starting {"sessionId":"19b27d3c-6702-4cd0-a459-b66aba528d47"}
2026-09-18T00:10:00.016Z [info][Jellyfin Sync]: Beginning to process recently added for library: Movies 
2026-09-18T00:10:00.044Z [debug][Jellyfin Sync]: Title already exists and no changes detected for The Shawshank Redemption 
2026-09-18T00:10:00.045Z [debug][Jellyfin Sync]: Title already exists and no changes detected for 3 Idiots 
2026-09-18T00:10:00.049Z [debug][Jellyfin Sync]: Title already exists and no changes detected for Nirvanna the Band the Show the Movie 
2026-09-18T00:10:00.049Z [debug][Jellyfin Sync]: Title already exists and no changes detected for Shrek 
2026-09-18T00:10:04.054Z [info][Jellyfin Sync]: Beginning to process recently added for library: Shows 
2026-09-18T00:10:04.130Z [debug][Jellyfin Sync]: Updating existing title: Game Changer 
2026-09-18T00:10:04.148Z [debug][Jellyfin Sync]: Updating existing title: The Pitt 
2026-09-18T00:10:04.152Z [debug][Jellyfin Sync]: Updating existing title: Nathan for You 
2026-09-18T00:10:04.175Z [debug][Jellyfin Sync]: Updating existing title: Adventure Time 
2026-09-18T00:10:08.175Z [info][Jellyfin Sync]: Recently Added Scan Complete 
2026-09-18T00:11:00.005Z [debug][Jobs]: Starting scheduled job: Download Sync 
2026-09-18T00:12:00.006Z [debug][Jobs]: Starting scheduled job: Download Sync 
2026-09-18T00:13:00.005Z [debug][Jobs]: Starting scheduled job: Download Sync 
2026-09-18T00:14:00.005Z [debug][Jobs]: Starting scheduled job: Download Sync 
2026-09-18T00:15:00.005Z [debug][Jobs]: Starting scheduled job: Download Sync 
2026-09-18T00:15:00.009Z [info][Jobs]: Starting scheduled job: Jellyfin Recently Added Scan 
2026-09-18T00:15:00.009Z [info][Jellyfin Sync]: Scan starting {"sessionId":"cd8486b8-2242-46bf-8fc5-627e5f49136b"}
2026-09-18T00:15:00.015Z [info][Jellyfin Sync]: Beginning to process recently added for library: Movies 
2026-09-18T00:15:00.044Z [debug][Jellyfin Sync]: Title already exists and no changes detected for 3 Idiots 
2026-09-18T00:15:00.045Z [debug][Jellyfin Sync]: Title already exists and no changes detected for The Shawshank Redemption 
2026-09-18T00:15:00.052Z [debug][Jellyfin Sync]: Title already exists and no changes detected for Shrek 
2026-09-18T00:15:00.054Z [debug][Jellyfin Sync]: Title already exists and no changes detected for Nirvanna the Band the Show the Movie 
2026-09-18T00:15:04.059Z [info][Jellyfin Sync]: Beginning to process recently added for library: Shows 
2026-09-18T00:15:04.115Z [debug][Jellyfin Sync]: Updating existing title: Game Changer 
2026-09-18T00:15:04.122Z [debug][Jellyfin Sync]: Updating existing title: The Pitt 
2026-09-18T00:15:04.123Z [debug][Jellyfin Sync]: Updating existing title: Nathan for You 
2026-09-18T00:15:04.149Z [debug][Jellyfin Sync]: Updating existing title: Adventure Time 
2026-09-18T00:15:08.149Z [info][Jellyfin Sync]: Recently Added Scan Complete 
2026-09-18T00:16:00.004Z [debug][Jobs]: Starting scheduled job: Download Sync 
2026-09-18T00:17:00.007Z [debug][Jobs]: Starting scheduled job: Download Sync 
2026-09-18T00:18:00.004Z [debug][Jobs]: Starting scheduled job: Download Sync 
2026-09-18T00:19:00.004Z [debug][Jobs]: Starting scheduled job: Download Sync 
2026-09-18T00:20:00.005Z [debug][Jobs]: Starting scheduled job: Download Sync 
2026-09-18T00:20:00.009Z [info][Jobs]: Starting scheduled job: Jellyfin Recently Added Scan 
2026-09-18T00:20:00.009Z [info][Jellyfin Sync]: Scan starting {"sessionId":"d5bffd44-3a72-46fa-b20c-0290d72ba127"}
2026-09-18T00:20:00.019Z [info][Jellyfin Sync]: Beginning to process recently added for library: Movies 
2026-09-18T00:20:00.051Z [debug][Jellyfin Sync]: Title already exists and no changes detected for The Shawshank Redemption 
2026-09-18T00:20:00.054Z [debug][Jellyfin Sync]: Title already exists and no changes detected for Shrek 
2026-09-18T00:20:00.055Z [debug][Jellyfin Sync]: Title already exists and no changes detected for 3 Idiots 
2026-09-18T00:20:00.055Z [debug][Jellyfin Sync]: Title already exists and no changes detected for Nirvanna the Band the Show the Movie 
2026-09-18T00:20:04.059Z [info][Jellyfin Sync]: Beginning to process recently added for library: Shows 
2026-09-18T00:20:04.116Z [debug][Jellyfin Sync]: Updating existing title: Game Changer 
2026-09-18T00:20:04.124Z [debug][Jellyfin Sync]: Updating existing title: The Pitt 
2026-09-18T00:20:04.129Z [debug][Jellyfin Sync]: Updating existing title: Nathan for You 
2026-09-18T00:20:04.157Z [debug][Jellyfin Sync]: Updating existing title: Adventure Time 
2026-09-18T00:20:08.159Z [info][Jellyfin Sync]: Recently Added Scan Complete 
2026-09-18T00:21:00.003Z [debug][Jobs]: Starting scheduled job: Download Sync 
2026-09-18T00:22:00.013Z [debug][Jobs]: Starting scheduled job: Download Sync 
2026-09-18T00:23:00.015Z [debug][Jobs]: Starting scheduled job: Download Sync 
2026-09-18T00:24:00.010Z [debug][Jobs]: Starting scheduled job: Download Sync 
2026-09-18T00:25:00.013Z [debug][Jobs]: Starting scheduled job: Download Sync 
2026-09-18T00:25:00.017Z [info][Jobs]: Starting scheduled job: Jellyfin Recently Added Scan 
2026-09-18T00:25:00.018Z [info][Jellyfin Sync]: Scan starting {"sessionId":"3b6a8ced-d211-4d96-baa5-891d9769e23f"}
2026-09-18T00:25:00.024Z [info][Jellyfin Sync]: Beginning to process recently added for library: Movies 
2026-09-18T00:25:00.051Z [debug][Jellyfin Sync]: Title already exists and no changes detected for The Shawshank Redemption 
2026-09-18T00:25:00.062Z [debug][Jellyfin Sync]: Title already exists and no changes detected for Shrek 
2026-09-18T00:25:00.064Z [debug][Jellyfin Sync]: Title already exists and no changes detected for 3 Idiots 
2026-09-18T00:25:00.065Z [debug][Jellyfin Sync]: Title already exists and no changes detected for Nirvanna the Band the Show the Movie 
2026-09-18T00:25:04.068Z [info][Jellyfin Sync]: Beginning to process recently added for library: Shows 
2026-09-18T00:25:04.131Z [debug][Jellyfin Sync]: Updating existing title: Game Changer 
2026-09-18T00:25:04.136Z [debug][Jellyfin Sync]: Updating existing title: The Pitt 
2026-09-18T00:25:04.141Z [debug][Jellyfin Sync]: Updating existing title: Nathan for You 
2026-09-18T00:25:04.167Z [debug][Jellyfin Sync]: Updating existing title: Adventure Time 
2026-09-18T00:25:08.168Z [info][Jellyfin Sync]: Recently Added Scan Complete 
2026-09-18T00:26:00.015Z [debug][Jobs]: Starting scheduled job: Download Sync 
2026-09-18T00:27:00.007Z [debug][Jobs]: Starting scheduled job: Download Sync 
2026-09-18T00:28:00.008Z [debug][Jobs]: Starting scheduled job: Download Sync 
2026-09-18T00:29:00.016Z [debug][Jobs]: Starting scheduled job: Download Sync 
2026-09-18T00:30:00.016Z [debug][Jobs]: Starting scheduled job: Download Sync 
2026-09-18T00:30:00.022Z [info][Jobs]: Starting scheduled job: Jellyfin Recently Added Scan 
2026-09-18T00:30:00.022Z [info][Jellyfin Sync]: Scan starting {"sessionId":"c72f33d6-b716-401f-86cd-0f75e89eb165"}
2026-09-18T00:30:00.028Z [info][Anime-List Sync]: Downloading latest mapping file 
2026-09-18T00:30:00.154Z [info][Anime-List Sync]: Loading mapping file 
2026-09-18T00:30:00.506Z [info][Anime-List Sync]: Loaded 10750 AniDB items from mapping file 
2026-09-18T00:30:00.507Z [info][Jellyfin Sync]: Beginning to process recently added for library: Movies 
2026-09-18T00:30:00.535Z [debug][Jellyfin Sync]: Title already exists and no changes detected for The Shawshank Redemption 
2026-09-18T00:30:00.537Z [debug][Jellyfin Sync]: Title already exists and no changes detected for 3 Idiots 
2026-09-18T00:30:00.537Z [debug][Jellyfin Sync]: Title already exists and no changes detected for Nirvanna the Band the Show the Movie 
2026-09-18T00:30:00.537Z [debug][Jellyfin Sync]: Title already exists and no changes detected for Shrek 
2026-09-18T00:30:04.539Z [info][Jellyfin Sync]: Beginning to process recently added for library: Shows 
2026-09-18T00:30:04.594Z [debug][Jellyfin Sync]: Updating existing title: Game Changer 
2026-09-18T00:30:04.600Z [debug][Jellyfin Sync]: Updating existing title: The Pitt 
2026-09-18T00:30:04.606Z [debug][Jellyfin Sync]: Updating existing title: Nathan for You 
2026-09-18T00:30:04.627Z [debug][Jellyfin Sync]: Updating existing title: Adventure Time 
2026-09-18T00:30:08.628Z [info][Jellyfin Sync]: Recently Added Scan Complete 
2026-09-18T00:31:00.016Z [debug][Jobs]: Starting scheduled job: Download Sync 
2026-09-18T00:32:00.010Z [debug][Jobs]: Starting scheduled job: Download Sync 
2026-09-18T00:33:00.013Z [debug][Jobs]: Starting scheduled job: Download Sync 
2026-09-18T00:34:00.013Z [debug][Jobs]: Starting scheduled job: Download Sync 
2026-09-18T00:35:00.015Z [debug][Jobs]: Starting scheduled job: Download Sync 
2026-09-18T00:35:00.019Z [info][Jobs]: Starting scheduled job: Jellyfin Recently Added Scan 
2026-09-18T00:35:00.019Z [info][Jellyfin Sync]: Scan starting {"sessionId":"f2dd0e6a-b2a1-49f8-8249-d243e47b87f2"}
2026-09-18T00:35:00.024Z [info][Jellyfin Sync]: Beginning to process recently added for library: Movies 
2026-09-18T00:35:00.062Z [debug][Jellyfin Sync]: Title already exists and no changes detected for 3 Idiots 
2026-09-18T00:35:00.066Z [debug][Jellyfin Sync]: Title already exists and no changes detected for Nirvanna the Band the Show the Movie 
2026-09-18T00:35:00.066Z [debug][Jellyfin Sync]: Title already exists and no changes detected for The Shawshank Redemption 
2026-09-18T00:35:00.069Z [debug][Jellyfin Sync]: Title already exists and no changes detected for Shrek 
2026-09-18T00:35:04.069Z [info][Jellyfin Sync]: Beginning to process recently added for library: Shows 
2026-09-18T00:35:04.128Z [debug][Jellyfin Sync]: Updating existing title: Game Changer 
2026-09-18T00:35:04.134Z [debug][Jellyfin Sync]: Updating existing title: The Pitt 
2026-09-18T00:35:04.136Z [debug][Jellyfin Sync]: Updating existing title: Nathan for You 
2026-09-18T00:35:04.164Z [debug][Jellyfin Sync]: Updating existing title: Adventure Time 
2026-09-18T00:35:08.164Z [info][Jellyfin Sync]: Recently Added Scan Complete 
2026-09-18T00:36:00.016Z [debug][Jobs]: Starting scheduled job: Download Sync 
2026-09-18T00:37:00.014Z [debug][Jobs]: Starting scheduled job: Download Sync 
2026-09-18T00:38:00.015Z [debug][Jobs]: Starting scheduled job: Download Sync 
2026-09-18T00:39:00.014Z [debug][Jobs]: Starting scheduled job: Download Sync 
2026-09-18T00:40:00.006Z [debug][Jobs]: Starting scheduled job: Download Sync 
2026-09-18T00:40:00.011Z [info][Jobs]: Starting scheduled job: Jellyfin Recently Added Scan 
2026-09-18T00:40:00.011Z [info][Jellyfin Sync]: Scan starting {"sessionId":"7d7f85d3-fbff-4c91-8456-42d8ca28c480"}
2026-09-18T00:40:00.019Z [info][Jellyfin Sync]: Beginning to process recently added for library: Movies 
2026-09-18T00:40:00.045Z [debug][Jellyfin Sync]: Title already exists and no changes detected for The Shawshank Redemption 
2026-09-18T00:40:00.053Z [debug][Jellyfin Sync]: Title already exists and no changes detected for 3 Idiots 
2026-09-18T00:40:00.056Z [debug][Jellyfin Sync]: Title already exists and no changes detected for Nirvanna the Band the Show the Movie 
2026-09-18T00:40:00.057Z [debug][Jellyfin Sync]: Title already exists and no changes detected for Shrek 
2026-09-18T00:40:04.062Z [info][Jellyfin Sync]: Beginning to process recently added for library: Shows 
2026-09-18T00:40:04.120Z [debug][Jellyfin Sync]: Updating existing title: The Pitt 
2026-09-18T00:40:04.121Z [debug][Jellyfin Sync]: Updating existing title: Game Changer 
2026-09-18T00:40:04.126Z [debug][Jellyfin Sync]: Updating existing title: Nathan for You 
2026-09-18T00:40:04.152Z [debug][Jellyfin Sync]: Updating existing title: Adventure Time 
2026-09-18T00:40:08.152Z [info][Jellyfin Sync]: Recently Added Scan Complete 
2026-09-18T00:41:00.008Z [debug][Jobs]: Starting scheduled job: Download Sync 
2026-09-18T00:42:00.014Z [debug][Jobs]: Starting scheduled job: Download Sync 
2026-09-18T00:43:00.005Z [debug][Jobs]: Starting scheduled job: Download Sync 
2026-09-18T00:44:00.013Z [debug][Jobs]: Starting scheduled job: Download Sync 
2026-09-18T00:45:00.011Z [debug][Jobs]: Starting scheduled job: Download Sync 
2026-09-18T00:45:00.014Z [info][Jobs]: Starting scheduled job: Jellyfin Recently Added Scan 
2026-09-18T00:45:00.014Z [info][Jellyfin Sync]: Scan starting {"sessionId":"bcd56065-4337-4f74-8c68-a90216b0fb1b"}
2026-09-18T00:45:00.018Z [info][Jellyfin Sync]: Beginning to process recently added for library: Movies 
2026-09-18T00:45:00.048Z [debug][Jellyfin Sync]: Title already exists and no changes detected for The Shawshank Redemption 
2026-09-18T00:45:00.054Z [debug][Jellyfin Sync]: Title already exists and no changes detected for 3 Idiots 
2026-09-18T00:45:00.055Z [debug][Jellyfin Sync]: Title already exists and no changes detected for Shrek 
2026-09-18T00:45:00.060Z [debug][Jellyfin Sync]: Title already exists and no changes detected for Nirvanna the Band the Show the Movie 
2026-09-18T00:45:04.065Z [info][Jellyfin Sync]: Beginning to process recently added for library: Shows 
2026-09-18T00:45:04.142Z [debug][Jellyfin Sync]: Updating existing title: Game Changer 
2026-09-18T00:45:04.148Z [debug][Jellyfin Sync]: Updating existing title: The Pitt 
2026-09-18T00:45:04.157Z [debug][Jellyfin Sync]: Updating existing title: Nathan for You 
2026-09-18T00:45:04.187Z [debug][Jellyfin Sync]: Updating existing title: Adventure Time 
2026-09-18T00:45:08.188Z [info][Jellyfin Sync]: Recently Added Scan Complete 
2026-09-18T00:46:00.013Z [debug][Jobs]: Starting scheduled job: Download Sync 
2026-09-18T00:47:00.014Z [debug][Jobs]: Starting scheduled job: Download Sync 
2026-09-18T00:48:00.012Z [debug][Jobs]: Starting scheduled job: Download Sync 
2026-09-18T00:49:00.014Z [debug][Jobs]: Starting scheduled job: Download Sync 
2026-09-18T00:50:00.014Z [debug][Jobs]: Starting scheduled job: Download Sync 
2026-09-18T00:50:00.021Z [info][Jobs]: Starting scheduled job: Jellyfin Recently Added Scan 
2026-09-18T00:50:00.022Z [info][Jellyfin Sync]: Scan starting {"sessionId":"2b995178-2c95-45c6-bb6f-44489efee5f4"}
2026-09-18T00:50:00.032Z [info][Jellyfin Sync]: Beginning to process recently added for library: Movies 
2026-09-18T00:50:00.062Z [debug][Jellyfin Sync]: Title already exists and no changes detected for 3 Idiots 
2026-09-18T00:50:00.069Z [debug][Jellyfin Sync]: Title already exists and no changes detected for Nirvanna the Band the Show the Movie 
2026-09-18T00:50:00.073Z [debug][Jellyfin Sync]: Title already exists and no changes detected for Shrek 
2026-09-18T00:50:00.073Z [debug][Jellyfin Sync]: Title already exists and no changes detected for The Shawshank Redemption 
2026-09-18T00:50:04.077Z [info][Jellyfin Sync]: Beginning to process recently added for library: Shows 
2026-09-18T00:50:04.169Z [debug][Jellyfin Sync]: Updating existing title: The Pitt 
2026-09-18T00:50:04.171Z [debug][Jellyfin Sync]: Updating existing title: Game Changer 
2026-09-18T00:50:04.174Z [debug][Jellyfin Sync]: Updating existing title: Nathan for You 
2026-09-18T00:50:04.201Z [debug][Jellyfin Sync]: Updating existing title: Adventure Time 
2026-09-18T00:50:08.202Z [info][Jellyfin Sync]: Recently Added Scan Complete 
2026-09-18T00:51:00.009Z [debug][Jobs]: Starting scheduled job: Download Sync 
2026-09-18T00:52:00.010Z [debug][Jobs]: Starting scheduled job: Download Sync 
2026-09-18T00:53:00.006Z [debug][Jobs]: Starting scheduled job: Download Sync 
2026-09-18T00:54:00.008Z [debug][Jobs]: Starting scheduled job: Download Sync 
2026-09-18T00:55:00.008Z [debug][Jobs]: Starting scheduled job: Download Sync 
2026-09-18T00:55:00.013Z [info][Jobs]: Starting scheduled job: Jellyfin Recently Added Scan 
2026-09-18T00:55:00.014Z [info][Jellyfin Sync]: Scan starting {"sessionId":"af0d8bbf-50db-4134-80f7-1fb1591b11ba"}
2026-09-18T00:55:00.022Z [info][Jellyfin Sync]: Beginning to process recently added for library: Movies 
2026-09-18T00:55:00.053Z [debug][Jellyfin Sync]: Title already exists and no changes detected for The Shawshank Redemption 
2026-09-18T00:55:00.059Z [debug][Jellyfin Sync]: Title already exists and no changes detected for 3 Idiots 
2026-09-18T00:55:00.063Z [debug][Jellyfin Sync]: Title already exists and no changes detected for Shrek 
2026-09-18T00:55:00.065Z [debug][Jellyfin Sync]: Title already exists and no changes detected for Nirvanna the Band the Show the Movie 
2026-09-18T00:55:04.070Z [info][Jellyfin Sync]: Beginning to process recently added for library: Shows 
2026-09-18T00:55:04.128Z [debug][Jellyfin Sync]: Updating existing title: The Pitt 
2026-09-18T00:55:04.138Z [debug][Jellyfin Sync]: Updating existing title: Game Changer 
2026-09-18T00:55:04.139Z [debug][Jellyfin Sync]: Updating existing title: Nathan for You 
2026-09-18T00:55:04.190Z [debug][Jellyfin Sync]: Updating existing title: Adventure Time 
2026-09-18T00:55:08.191Z [info][Jellyfin Sync]: Recently Added Scan Complete 
2026-09-18T00:56:00.011Z [debug][Jobs]: Starting scheduled job: Download Sync 
2026-09-18T00:57:00.006Z [debug][Jobs]: Starting scheduled job: Download Sync 
2026-09-18T00:58:00.008Z [debug][Jobs]: Starting scheduled job: Download Sync 
2026-09-18T00:59:00.008Z [debug][Jobs]: Starting scheduled job: Download Sync 
2026-09-18T01:00:00.006Z [debug][Jobs]: Starting scheduled job: Download Sync 
2026-09-18T01:00:00.010Z [info][Jobs]: Starting scheduled job: Jellyfin Recently Added Scan 
2026-09-18T01:00:00.010Z [info][Jellyfin Sync]: Scan starting {"sessionId":"f59f36fd-9b6a-4e2e-80be-b1cabab86ab2"}
2026-09-18T01:00:00.017Z [info][Jellyfin Sync]: Beginning to process recently added for library: Movies 
2026-09-18T01:00:00.054Z [debug][Jellyfin Sync]: Title already exists and no changes detected for 3 Idiots 
2026-09-18T01:00:00.054Z [debug][Jellyfin Sync]: Title already exists and no changes detected for Shrek 
2026-09-18T01:00:00.058Z [debug][Jellyfin Sync]: Title already exists and no changes detected for Nirvanna the Band the Show the Movie 
2026-09-18T01:00:00.058Z [debug][Jellyfin Sync]: Title already exists and no changes detected for The Shawshank Redemption 
2026-09-18T01:00:04.063Z [info][Jellyfin Sync]: Beginning to process recently added for library: Shows 
2026-09-18T01:00:04.117Z [debug][Jellyfin Sync]: Updating existing title: Game Changer 
2026-09-18T01:00:04.129Z [debug][Jellyfin Sync]: Updating existing title: The Pitt 
2026-09-18T01:00:04.132Z [debug][Jellyfin Sync]: Updating existing title: Nathan for You 
2026-09-18T01:00:04.163Z [debug][Jellyfin Sync]: Updating existing title: Adventure Time 
2026-09-18T01:00:08.163Z [info][Jellyfin Sync]: Recently Added Scan Complete 
2026-09-18T01:01:00.008Z [debug][Jobs]: Starting scheduled job: Download Sync 
2026-09-18T01:02:00.008Z [debug][Jobs]: Starting scheduled job: Download Sync 
2026-09-18T01:03:00.008Z [debug][Jobs]: Starting scheduled job: Download Sync 
2026-09-18T01:04:00.005Z [debug][Jobs]: Starting scheduled job: Download Sync 
2026-09-18T01:05:00.006Z [debug][Jobs]: Starting scheduled job: Download Sync 
2026-09-18T01:05:00.011Z [info][Jobs]: Starting scheduled job: Jellyfin Recently Added Scan 
2026-09-18T01:05:00.011Z [info][Jellyfin Sync]: Scan starting {"sessionId":"8357ea76-a8c4-4545-a8f5-f6a9b16dcf87"}
2026-09-18T01:05:00.017Z [info][Jellyfin Sync]: Beginning to process recently added for library: Movies 
2026-09-18T01:05:00.054Z [debug][Jellyfin Sync]: Title already exists and no changes detected for The Shawshank Redemption 
2026-09-18T01:05:00.060Z [debug][Jellyfin Sync]: Title already exists and no changes detected for Shrek 
2026-09-18T01:05:00.061Z [debug][Jellyfin Sync]: Title already exists and no changes detected for 3 Idiots 
2026-09-18T01:05:00.063Z [debug][Jellyfin Sync]: Title already exists and no changes detected for Nirvanna the Band the Show the Movie 
2026-09-18T01:05:04.067Z [info][Jellyfin Sync]: Beginning to process recently added for library: Shows 
2026-09-18T01:05:04.134Z [debug][Jellyfin Sync]: Updating existing title: The Pitt 
2026-09-18T01:05:04.135Z [debug][Jellyfin Sync]: Updating existing title: Game Changer 
2026-09-18T01:05:04.142Z [debug][Jellyfin Sync]: Updating existing title: Nathan for You 
2026-09-18T01:05:04.187Z [debug][Jellyfin Sync]: Updating existing title: Adventure Time 
2026-09-18T01:05:08.188Z [info][Jellyfin Sync]: Recently Added Scan Complete 
2026-09-18T01:06:00.008Z [debug][Jobs]: Starting scheduled job: Download Sync 
2026-09-18T01:07:00.009Z [debug][Jobs]: Starting scheduled job: Download Sync 
2026-09-18T01:08:00.007Z [debug][Jobs]: Starting scheduled job: Download Sync 
2026-09-18T01:09:00.005Z [debug][Jobs]: Starting scheduled job: Download Sync 
2026-09-18T01:10:00.006Z [debug][Jobs]: Starting scheduled job: Download Sync 
2026-09-18T01:10:00.014Z [info][Jobs]: Starting scheduled job: Jellyfin Recently Added Scan 
2026-09-18T01:10:00.015Z [info][Jellyfin Sync]: Scan starting {"sessionId":"f92c765e-c2ad-4f68-b328-b7d18c0f143a"}
2026-09-18T01:10:00.039Z [info][Jellyfin Sync]: Beginning to process recently added for library: Movies 
2026-09-18T01:10:00.075Z [debug][Jellyfin Sync]: Title already exists and no changes detected for The Shawshank Redemption 
2026-09-18T01:10:00.083Z [debug][Jellyfin Sync]: Title already exists and no changes detected for Shrek 
2026-09-18T01:10:00.087Z [debug][Jellyfin Sync]: Title already exists and no changes detected for 3 Idiots 
2026-09-18T01:10:00.088Z [debug][Jellyfin Sync]: Title already exists and no changes detected for Nirvanna the Band the Show the Movie 
2026-09-18T01:10:04.093Z [info][Jellyfin Sync]: Beginning to process recently added for library: Shows 
2026-09-18T01:10:04.149Z [debug][Jellyfin Sync]: Updating existing title: Game Changer 
2026-09-18T01:10:04.156Z [debug][Jellyfin Sync]: Updating existing title: The Pitt 
2026-09-18T01:10:04.162Z [debug][Jellyfin Sync]: Updating existing title: Nathan for You 
2026-09-18T01:10:04.183Z [debug][Jellyfin Sync]: Updating existing title: Adventure Time 
2026-09-18T01:10:08.183Z [info][Jellyfin Sync]: Recently Added Scan Complete 
2026-09-18T01:11:00.005Z [debug][Jobs]: Starting scheduled job: Download Sync 
2026-09-18T01:12:00.007Z [debug][Jobs]: Starting scheduled job: Download Sync 
2026-09-18T01:13:00.004Z [debug][Jobs]: Starting scheduled job: Download Sync 
2026-09-18T01:14:00.005Z [debug][Jobs]: Starting scheduled job: Download Sync 
2026-09-18T01:15:00.006Z [debug][Jobs]: Starting scheduled job: Download Sync 
2026-09-18T01:15:00.009Z [info][Jobs]: Starting scheduled job: Jellyfin Recently Added Scan 
2026-09-18T01:15:00.009Z [info][Jellyfin Sync]: Scan starting {"sessionId":"5e9226c7-af4f-416e-aaa1-cb182bc61c94"}
2026-09-18T01:15:00.013Z [info][Jellyfin Sync]: Beginning to process recently added for library: Movies 
2026-09-18T01:15:00.040Z [debug][Jellyfin Sync]: Title already exists and no changes detected for The Shawshank Redemption 
2026-09-18T01:15:00.043Z [debug][Jellyfin Sync]: Title already exists and no changes detected for Nirvanna the Band the Show the Movie 
2026-09-18T01:15:00.046Z [debug][Jellyfin Sync]: Title already exists and no changes detected for 3 Idiots 
2026-09-18T01:15:00.048Z [debug][Jellyfin Sync]: Title already exists and no changes detected for Shrek 
2026-09-18T01:15:04.053Z [info][Jellyfin Sync]: Beginning to process recently added for library: Shows 
2026-09-18T01:15:04.138Z [debug][Jellyfin Sync]: Updating existing title: Game Changer 
2026-09-18T01:15:04.143Z [debug][Jellyfin Sync]: Updating existing title: The Pitt 
2026-09-18T01:15:04.149Z [debug][Jellyfin Sync]: Updating existing title: Nathan for You 
2026-09-18T01:15:04.203Z [debug][Jellyfin Sync]: Updating existing title: Adventure Time 
2026-09-18T01:15:08.203Z [info][Jellyfin Sync]: Recently Added Scan Complete 
2026-09-18T01:16:00.006Z [debug][Jobs]: Starting scheduled job: Download Sync 
2026-09-18T01:17:00.006Z [debug][Jobs]: Starting scheduled job: Download Sync 
2026-09-18T01:18:00.003Z [debug][Jobs]: Starting scheduled job: Download Sync 
2026-09-18T01:19:00.003Z [debug][Jobs]: Starting scheduled job: Download Sync 
2026-09-18T01:20:00.005Z [debug][Jobs]: Starting scheduled job: Download Sync 
2026-09-18T01:20:00.009Z [info][Jobs]: Starting scheduled job: Jellyfin Recently Added Scan 
2026-09-18T01:20:00.010Z [info][Jellyfin Sync]: Scan starting {"sessionId":"4a9d807a-57af-4d8b-9c80-7addcf15fde0"}
2026-09-18T01:20:00.013Z [info][Jellyfin Sync]: Beginning to process recently added for library: Movies 
2026-09-18T01:20:00.045Z [debug][Jellyfin Sync]: Title already exists and no changes detected for The Shawshank Redemption 
2026-09-18T01:20:00.055Z [debug][Jellyfin Sync]: Title already exists and no changes detected for Nirvanna the Band the Show the Movie 
2026-09-18T01:20:00.055Z [debug][Jellyfin Sync]: Title already exists and no changes detected for 3 Idiots 
2026-09-18T01:20:00.056Z [debug][Jellyfin Sync]: Title already exists and no changes detected for Shrek 
2026-09-18T01:20:04.060Z [info][Jellyfin Sync]: Beginning to process recently added for library: Shows 
2026-09-18T01:20:04.155Z [debug][Jellyfin Sync]: Updating existing title: Game Changer 
2026-09-18T01:20:04.157Z [debug][Jellyfin Sync]: Updating existing title: The Pitt 
2026-09-18T01:20:04.161Z [debug][Jellyfin Sync]: Updating existing title: Nathan for You 
2026-09-18T01:20:04.188Z [debug][Jellyfin Sync]: Updating existing title: Adventure Time 
2026-09-18T01:20:08.188Z [info][Jellyfin Sync]: Recently Added Scan Complete 
2026-09-18T01:21:00.004Z [debug][Jobs]: Starting scheduled job: Download Sync 
2026-09-18T01:22:00.005Z [debug][Jobs]: Starting scheduled job: Download Sync 
2026-09-18T01:23:00.001Z [debug][Jobs]: Starting scheduled job: Download Sync 
2026-09-18T01:24:00.014Z [debug][Jobs]: Starting scheduled job: Download Sync 
2026-09-18T01:25:00.014Z [debug][Jobs]: Starting scheduled job: Download Sync 
2026-09-18T01:25:00.018Z [info][Jobs]: Starting scheduled job: Jellyfin Recently Added Scan 
2026-09-18T01:25:00.018Z [info][Jellyfin Sync]: Scan starting {"sessionId":"cbd9985c-f366-4c3b-9db7-cdc7d8d42b6b"}
2026-09-18T01:25:00.023Z [info][Jellyfin Sync]: Beginning to process recently added for library: Movies 
2026-09-18T01:25:00.049Z [debug][Jellyfin Sync]: Title already exists and no changes detected for The Shawshank Redemption 
2026-09-18T01:25:00.052Z [debug][Jellyfin Sync]: Title already exists and no changes detected for 3 Idiots 
2026-09-18T01:25:00.055Z [debug][Jellyfin Sync]: Title already exists and no changes detected for Shrek 
2026-09-18T01:25:00.059Z [debug][Jellyfin Sync]: Title already exists and no changes detected for Nirvanna the Band the Show the Movie 
2026-09-18T01:25:04.063Z [info][Jellyfin Sync]: Beginning to process recently added for library: Shows 
2026-09-18T01:25:04.128Z [debug][Jellyfin Sync]: Updating existing title: The Pitt 
2026-09-18T01:25:04.129Z [debug][Jellyfin Sync]: Updating existing title: Game Changer 
2026-09-18T01:25:04.134Z [debug][Jellyfin Sync]: Updating existing title: Nathan for You 
2026-09-18T01:25:04.191Z [debug][Jellyfin Sync]: Updating existing title: Adventure Time 
2026-09-18T01:25:08.192Z [info][Jellyfin Sync]: Recently Added Scan Complete 
2026-09-18T01:26:00.007Z [debug][Jobs]: Starting scheduled job: Download Sync 
2026-09-18T01:27:00.013Z [debug][Jobs]: Starting scheduled job: Download Sync 
2026-09-18T01:28:00.015Z [debug][Jobs]: Starting scheduled job: Download Sync 
2026-09-18T01:29:00.015Z [debug][Jobs]: Starting scheduled job: Download Sync 
2026-09-18T01:30:00.008Z [debug][Jobs]: Starting scheduled job: Download Sync 
2026-09-18T01:30:00.013Z [info][Jobs]: Starting scheduled job: Jellyfin Recently Added Scan 
2026-09-18T01:30:00.014Z [info][Jellyfin Sync]: Scan starting {"sessionId":"7039d420-f6a5-4afd-8096-546e714f2177"}
2026-09-18T01:30:00.021Z [info][Jellyfin Sync]: Beginning to process recently added for library: Movies 
2026-09-18T01:30:00.047Z [debug][Jellyfin Sync]: Title already exists and no changes detected for The Shawshank Redemption 
2026-09-18T01:30:00.052Z [debug][Jellyfin Sync]: Title already exists and no changes detected for Nirvanna the Band the Show the Movie 
2026-09-18T01:30:00.053Z [debug][Jellyfin Sync]: Title already exists and no changes detected for 3 Idiots 
2026-09-18T01:30:00.056Z [debug][Jellyfin Sync]: Title already exists and no changes detected for Shrek 
2026-09-18T01:30:04.058Z [info][Jellyfin Sync]: Beginning to process recently added for library: Shows 
2026-09-18T01:30:04.123Z [debug][Jellyfin Sync]: Updating existing title: Game Changer 
2026-09-18T01:30:04.130Z [debug][Jellyfin Sync]: Updating existing title: The Pitt 
2026-09-18T01:30:04.132Z [debug][Jellyfin Sync]: Updating existing title: Nathan for You 
2026-09-18T01:30:04.164Z [debug][Jellyfin Sync]: Updating existing title: Adventure Time 
2026-09-18T01:30:08.165Z [info][Jellyfin Sync]: Recently Added Scan Complete 
2026-09-18T01:31:00.014Z [debug][Jobs]: Starting scheduled job: Download Sync 
2026-09-18T01:32:00.014Z [debug][Jobs]: Starting scheduled job: Download Sync 
2026-09-18T01:33:00.014Z [debug][Jobs]: Starting scheduled job: Download Sync 
2026-09-18T01:34:00.016Z [debug][Jobs]: Starting scheduled job: Download Sync 
2026-09-18T01:35:00.008Z [debug][Jobs]: Starting scheduled job: Download Sync 
2026-09-18T01:35:00.014Z [info][Jobs]: Starting scheduled job: Jellyfin Recently Added Scan 
2026-09-18T01:35:00.015Z [info][Jellyfin Sync]: Scan starting {"sessionId":"9a03cab9-931d-4e3e-a9e8-4e6e68789f9f"}
2026-09-18T01:35:00.020Z [info][Jellyfin Sync]: Beginning to process recently added for library: Movies 
2026-09-18T01:35:00.058Z [debug][Jellyfin Sync]: Title already exists and no changes detected for 3 Idiots 
2026-09-18T01:35:00.059Z [debug][Jellyfin Sync]: Title already exists and no changes detected for The Shawshank Redemption 
2026-09-18T01:35:00.060Z [debug][Jellyfin Sync]: Title already exists and no changes detected for Nirvanna the Band the Show the Movie 
2026-09-18T01:35:00.062Z [debug][Jellyfin Sync]: Title already exists and no changes detected for Shrek 
2026-09-18T01:35:04.063Z [info][Jellyfin Sync]: Beginning to process recently added for library: Shows 
2026-09-18T01:35:04.117Z [debug][Jellyfin Sync]: Updating existing title: Game Changer 
2026-09-18T01:35:04.124Z [debug][Jellyfin Sync]: Updating existing title: The Pitt 
2026-09-18T01:35:04.129Z [debug][Jellyfin Sync]: Updating existing title: Nathan for You 
2026-09-18T01:35:04.152Z [debug][Jellyfin Sync]: Updating existing title: Adventure Time 
2026-09-18T01:35:08.153Z [info][Jellyfin Sync]: Recently Added Scan Complete 
2026-09-18T01:36:00.014Z [debug][Jobs]: Starting scheduled job: Download Sync 
2026-09-18T01:37:00.008Z [debug][Jobs]: Starting scheduled job: Download Sync 
2026-09-18T01:38:00.015Z [debug][Jobs]: Starting scheduled job: Download Sync 
2026-09-18T01:39:00.015Z [debug][Jobs]: Starting scheduled job: Download Sync 
2026-09-18T01:40:00.012Z [debug][Jobs]: Starting scheduled job: Download Sync 
2026-09-18T01:40:00.015Z [info][Jobs]: Starting scheduled job: Jellyfin Recently Added Scan 
2026-09-18T01:40:00.016Z [info][Jellyfin Sync]: Scan starting {"sessionId":"dd84d5a4-bef0-4b5d-a088-7038d471a07b"}
2026-09-18T01:40:00.020Z [info][Jellyfin Sync]: Beginning to process recently added for library: Movies 
2026-09-18T01:40:00.048Z [debug][Jellyfin Sync]: Title already exists and no changes detected for The Shawshank Redemption 
2026-09-18T01:40:00.055Z [debug][Jellyfin Sync]: Title already exists and no changes detected for Shrek 
2026-09-18T01:40:00.055Z [debug][Jellyfin Sync]: Title already exists and no changes detected for Nirvanna the Band the Show the Movie 
2026-09-18T01:40:00.057Z [debug][Jellyfin Sync]: Title already exists and no changes detected for 3 Idiots 
2026-09-18T01:40:04.061Z [info][Jellyfin Sync]: Beginning to process recently added for library: Shows 
2026-09-18T01:40:04.124Z [debug][Jellyfin Sync]: Updating existing title: Game Changer 
2026-09-18T01:40:04.127Z [debug][Jellyfin Sync]: Updating existing title: The Pitt 
2026-09-18T01:40:04.137Z [debug][Jellyfin Sync]: Updating existing title: Nathan for You 
2026-09-18T01:40:04.165Z [debug][Jellyfin Sync]: Updating existing title: Adventure Time 
2026-09-18T01:40:08.165Z [info][Jellyfin Sync]: Recently Added Scan Complete 
2026-09-18T01:41:00.008Z [debug][Jobs]: Starting scheduled job: Download Sync 
2026-09-18T01:42:00.006Z [debug][Jobs]: Starting scheduled job: Download Sync 
2026-09-18T01:43:00.010Z [debug][Jobs]: Starting scheduled job: Download Sync 
2026-09-18T01:44:00.013Z [debug][Jobs]: Starting scheduled job: Download Sync 
2026-09-18T01:45:00.012Z [debug][Jobs]: Starting scheduled job: Download Sync 
2026-09-18T01:45:00.017Z [info][Jobs]: Starting scheduled job: Jellyfin Recently Added Scan 
2026-09-18T01:45:00.017Z [info][Jellyfin Sync]: Scan starting {"sessionId":"767a1147-eaa5-48c5-8320-91f8ba807b50"}
2026-09-18T01:45:00.024Z [info][Jellyfin Sync]: Beginning to process recently added for library: Movies 
2026-09-18T01:45:00.047Z [debug][Jellyfin Sync]: Title already exists and no changes detected for The Shawshank Redemption 
2026-09-18T01:45:00.054Z [debug][Jellyfin Sync]: Title already exists and no changes detected for 3 Idiots 
2026-09-18T01:45:00.054Z [debug][Jellyfin Sync]: Title already exists and no changes detected for Nirvanna the Band the Show the Movie 
2026-09-18T01:45:00.055Z [debug][Jellyfin Sync]: Title already exists and no changes detected for Shrek 
2026-09-18T01:45:04.060Z [info][Jellyfin Sync]: Beginning to process recently added for library: Shows 
2026-09-18T01:45:04.112Z [debug][Jellyfin Sync]: Updating existing title: Game Changer 
2026-09-18T01:45:04.117Z [debug][Jellyfin Sync]: Updating existing title: The Pitt 
2026-09-18T01:45:04.125Z [debug][Jellyfin Sync]: Updating existing title: Nathan for You 
2026-09-18T01:45:04.159Z [debug][Jellyfin Sync]: Updating existing title: Adventure Time 
2026-09-18T01:45:08.160Z [info][Jellyfin Sync]: Recently Added Scan Complete 
2026-09-18T01:46:00.012Z [debug][Jobs]: Starting scheduled job: Download Sync 
2026-09-18T01:47:00.008Z [debug][Jobs]: Starting scheduled job: Download Sync 
2026-09-18T01:48:00.009Z [debug][Jobs]: Starting scheduled job: Download Sync 
2026-09-18T01:49:00.010Z [debug][Jobs]: Starting scheduled job: Download Sync 
2026-09-18T01:50:00.011Z [debug][Jobs]: Starting scheduled job: Download Sync 
2026-09-18T01:50:00.016Z [info][Jobs]: Starting scheduled job: Jellyfin Recently Added Scan 
2026-09-18T01:50:00.016Z [info][Jellyfin Sync]: Scan starting {"sessionId":"32bb1cb3-cd9f-4826-9713-0dac2a3a2562"}
2026-09-18T01:50:00.020Z [info][Jellyfin Sync]: Beginning to process recently added for library: Movies 
2026-09-18T01:50:00.052Z [debug][Jellyfin Sync]: Title already exists and no changes detected for Nirvanna the Band the Show the Movie 
2026-09-18T01:50:00.053Z [debug][Jellyfin Sync]: Title already exists and no changes detected for Shrek 
2026-09-18T01:50:00.055Z [debug][Jellyfin Sync]: Title already exists and no changes detected for The Shawshank Redemption 
2026-09-18T01:50:00.056Z [debug][Jellyfin Sync]: Title already exists and no changes detected for 3 Idiots 
2026-09-18T01:50:04.061Z [info][Jellyfin Sync]: Beginning to process recently added for library: Shows 
2026-09-18T01:50:04.121Z [debug][Jellyfin Sync]: Updating existing title: Game Changer 
2026-09-18T01:50:04.125Z [debug][Jellyfin Sync]: Updating existing title: The Pitt 
2026-09-18T01:50:04.128Z [debug][Jellyfin Sync]: Updating existing title: Nathan for You 
2026-09-18T01:50:04.152Z [debug][Jellyfin Sync]: Updating existing title: Adventure Time 
2026-09-18T01:50:08.153Z [info][Jellyfin Sync]: Recently Added Scan Complete 
2026-09-18T01:51:00.008Z [debug][Jobs]: Starting scheduled job: Download Sync 
2026-09-18T01:52:00.008Z [debug][Jobs]: Starting scheduled job: Download Sync 
2026-09-18T01:53:00.011Z [debug][Jobs]: Starting scheduled job: Download Sync 
2026-09-18T01:54:00.011Z [debug][Jobs]: Starting scheduled job: Download Sync 
2026-09-18T01:55:00.009Z [debug][Jobs]: Starting scheduled job: Download Sync 
2026-09-18T01:55:00.013Z [info][Jobs]: Starting scheduled job: Jellyfin Recently Added Scan 
2026-09-18T01:55:00.013Z [info][Jellyfin Sync]: Scan starting {"sessionId":"c1a32e80-67cd-4dfb-a608-5dfa701ecea0"}
2026-09-18T01:55:00.018Z [info][Jellyfin Sync]: Beginning to process recently added for library: Movies 
2026-09-18T01:55:00.044Z [debug][Jellyfin Sync]: Title already exists and no changes detected for The Shawshank Redemption 
2026-09-18T01:55:00.048Z [debug][Jellyfin Sync]: Title already exists and no changes detected for Nirvanna the Band the Show the Movie 
2026-09-18T01:55:00.049Z [debug][Jellyfin Sync]: Title already exists and no changes detected for 3 Idiots 
2026-09-18T01:55:00.050Z [debug][Jellyfin Sync]: Title already exists and no changes detected for Shrek 
2026-09-18T01:55:04.054Z [info][Jellyfin Sync]: Beginning to process recently added for library: Shows 
2026-09-18T01:55:04.109Z [debug][Jellyfin Sync]: Updating existing title: Game Changer 
2026-09-18T01:55:04.116Z [debug][Jellyfin Sync]: Updating existing title: The Pitt 
2026-09-18T01:55:04.116Z [debug][Jellyfin Sync]: Updating existing title: Nathan for You 
2026-09-18T01:55:04.144Z [debug][Jellyfin Sync]: Updating existing title: Adventure Time 
2026-09-18T01:55:08.144Z [info][Jellyfin Sync]: Recently Added Scan Complete 
2026-09-18T01:56:00.010Z [debug][Jobs]: Starting scheduled job: Download Sync 
2026-09-18T01:57:00.009Z [debug][Jobs]: Starting scheduled job: Download Sync 
2026-09-18T01:58:00.010Z [debug][Jobs]: Starting scheduled job: Download Sync 
2026-09-18T01:59:00.010Z [debug][Jobs]: Starting scheduled job: Download Sync 
2026-09-18T02:00:00.008Z [debug][Jobs]: Starting scheduled job: Download Sync 
2026-09-18T02:00:00.017Z [info][Jobs]: Starting scheduled job: Jellyfin Recently Added Scan 
2026-09-18T02:00:00.017Z [info][Jellyfin Sync]: Scan starting {"sessionId":"470d2747-b199-4aaf-b26c-6f13381ffa72"}
2026-09-18T02:00:00.030Z [info][Jobs]: Starting scheduled job: Jellyfin Full Scan 
2026-09-18T02:00:00.030Z [info][Jellyfin Sync]: Scan starting {"sessionId":"cf188351-44a3-4d39-aa2b-1ef43a0260ef"}
2026-09-18T02:00:00.041Z [info][Jellyfin Sync]: Beginning to process recently added for library: Movies 
2026-09-18T02:00:00.043Z [info][Jellyfin Sync]: Beginning to process library: Movies 
2026-09-18T02:00:00.074Z [debug][Jellyfin Sync]: Title already exists and no changes detected for The Shawshank Redemption 
2026-09-18T02:00:00.075Z [debug][Jellyfin Sync]: Title already exists and no changes detected for 3 Idiots 
2026-09-18T02:00:00.081Z [debug][Jellyfin Sync]: Title already exists and no changes detected for Shrek 
2026-09-18T02:00:00.083Z [debug][Jellyfin Sync]: Title already exists and no changes detected for Nirvanna the Band the Show the Movie 
2026-09-18T02:00:00.295Z [debug][Jellyfin Sync]: Title already exists and no changes detected for The Shawshank Redemption 
2026-09-18T02:00:00.296Z [debug][Jellyfin Sync]: Title already exists and no changes detected for Nirvanna the Band the Show the Movie 
2026-09-18T02:00:00.297Z [debug][Jellyfin Sync]: Title already exists and no changes detected for 3 Idiots 
2026-09-18T02:00:00.298Z [debug][Jellyfin Sync]: Title already exists and no changes detected for Shrek 
2026-09-18T02:00:04.087Z [info][Jellyfin Sync]: Beginning to process recently added for library: Shows 
2026-09-18T02:00:04.156Z [debug][Jellyfin Sync]: Updating existing title: Game Changer 
2026-09-18T02:00:04.161Z [debug][Jellyfin Sync]: Updating existing title: The Pitt 
2026-09-18T02:00:04.165Z [debug][Jellyfin Sync]: Updating existing title: Nathan for You 
2026-09-18T02:00:04.192Z [debug][Jellyfin Sync]: Updating existing title: Adventure Time 
2026-09-18T02:00:04.299Z [info][Jellyfin Sync]: Beginning to process library: Shows 
2026-09-18T02:00:04.372Z [debug][Jellyfin Sync]: Updating existing title: Game Changer 
2026-09-18T02:00:04.377Z [debug][Jellyfin Sync]: Updating existing title: The Pitt 
2026-09-18T02:00:04.383Z [debug][Jellyfin Sync]: Updating existing title: Nathan for You 
2026-09-18T02:00:04.411Z [debug][Jellyfin Sync]: Updating existing title: Adventure Time 
2026-09-18T02:00:08.192Z [info][Jellyfin Sync]: Recently Added Scan Complete 
2026-09-18T02:00:08.413Z [info][Jellyfin Sync]: Full Scan Complete 
2026-09-18T02:01:00.008Z [debug][Jobs]: Starting scheduled job: Download Sync 
2026-09-18T02:02:00.008Z [debug][Jobs]: Starting scheduled job: Download Sync 
2026-09-18T02:03:00.008Z [debug][Jobs]: Starting scheduled job: Download Sync 
2026-09-18T02:04:00.007Z [debug][Jobs]: Starting scheduled job: Download Sync 
2026-09-18T02:05:00.007Z [debug][Jobs]: Starting scheduled job: Download Sync 
2026-09-18T02:05:00.011Z [info][Jobs]: Starting scheduled job: Jellyfin Recently Added Scan 
2026-09-18T02:05:00.011Z [info][Jellyfin Sync]: Scan starting {"sessionId":"dafb3117-4991-4c36-9fb7-54468f3d7f1c"}
2026-09-18T02:05:00.015Z [info][Jellyfin Sync]: Beginning to process recently added for library: Movies 
2026-09-18T02:05:00.043Z [debug][Jellyfin Sync]: Title already exists and no changes detected for The Shawshank Redemption 
2026-09-18T02:05:00.051Z [debug][Jellyfin Sync]: Title already exists and no changes detected for 3 Idiots 
2026-09-18T02:05:00.054Z [debug][Jellyfin Sync]: Title already exists and no changes detected for Nirvanna the Band the Show the Movie 
2026-09-18T02:05:00.055Z [debug][Jellyfin Sync]: Title already exists and no changes detected for Shrek 
2026-09-18T02:05:04.061Z [info][Jellyfin Sync]: Beginning to process recently added for library: Shows 
2026-09-18T02:05:04.180Z [debug][Jellyfin Sync]: Updating existing title: Game Changer 
2026-09-18T02:05:04.195Z [debug][Jellyfin Sync]: Updating existing title: Nathan for You 
2026-09-18T02:05:04.199Z [debug][Jellyfin Sync]: Updating existing title: The Pitt 
2026-09-18T02:05:04.236Z [debug][Jellyfin Sync]: Updating existing title: Adventure Time 
2026-09-18T02:05:08.236Z [info][Jellyfin Sync]: Recently Added Scan Complete 
2026-09-18T02:06:00.005Z [debug][Jobs]: Starting scheduled job: Download Sync 
2026-09-18T02:07:00.007Z [debug][Jobs]: Starting scheduled job: Download Sync 
2026-09-18T02:08:00.008Z [debug][Jobs]: Starting scheduled job: Download Sync 
2026-09-18T02:09:00.006Z [debug][Jobs]: Starting scheduled job: Download Sync 
2026-09-18T02:10:00.007Z [debug][Jobs]: Starting scheduled job: Download Sync 
2026-09-18T02:10:00.011Z [info][Jobs]: Starting scheduled job: Jellyfin Recently Added Scan 
2026-09-18T02:10:00.011Z [info][Jellyfin Sync]: Scan starting {"sessionId":"a51c1034-586f-4650-bcc3-eef7b4e43e88"}
2026-09-18T02:10:00.017Z [info][Jellyfin Sync]: Beginning to process recently added for library: Movies 
2026-09-18T02:10:00.042Z [debug][Jellyfin Sync]: Title already exists and no changes detected for The Shawshank Redemption 
2026-09-18T02:10:00.045Z [debug][Jellyfin Sync]: Title already exists and no changes detected for Shrek 
2026-09-18T02:10:00.050Z [debug][Jellyfin Sync]: Title already exists and no changes detected for 3 Idiots 
2026-09-18T02:10:00.050Z [debug][Jellyfin Sync]: Title already exists and no changes detected for Nirvanna the Band the Show the Movie 
2026-09-18T02:10:04.055Z [info][Jellyfin Sync]: Beginning to process recently added for library: Shows 
2026-09-18T02:10:04.114Z [debug][Jellyfin Sync]: Updating existing title: Game Changer 
2026-09-18T02:10:04.120Z [debug][Jellyfin Sync]: Updating existing title: The Pitt 
2026-09-18T02:10:04.125Z [debug][Jellyfin Sync]: Updating existing title: Nathan for You 
2026-09-18T02:10:04.148Z [debug][Jellyfin Sync]: Updating existing title: Adventure Time 
2026-09-18T02:10:08.148Z [info][Jellyfin Sync]: Recently Added Scan Complete 
2026-09-18T02:11:00.007Z [debug][Jobs]: Starting scheduled job: Download Sync 
2026-09-18T02:12:00.006Z [debug][Jobs]: Starting scheduled job: Download Sync 
2026-09-18T02:13:00.004Z [debug][Jobs]: Starting scheduled job: Download Sync 
2026-09-18T02:14:00.004Z [debug][Jobs]: Starting scheduled job: Download Sync 
2026-09-18T02:15:00.003Z [debug][Jobs]: Starting scheduled job: Download Sync 
2026-09-18T02:15:00.005Z [info][Jobs]: Starting scheduled job: Jellyfin Recently Added Scan 
2026-09-18T02:15:00.005Z [info][Jellyfin Sync]: Scan starting {"sessionId":"94788cd8-98c5-48bc-a58a-3f7293c0488b"}
2026-09-18T02:15:00.012Z [info][Jellyfin Sync]: Beginning to process recently added for library: Movies 
2026-09-18T02:15:00.040Z [debug][Jellyfin Sync]: Title already exists and no changes detected for The Shawshank Redemption 
2026-09-18T02:15:00.047Z [debug][Jellyfin Sync]: Title already exists and no changes detected for Nirvanna the Band the Show the Movie 
2026-09-18T02:15:00.049Z [debug][Jellyfin Sync]: Title already exists and no changes detected for Shrek 
2026-09-18T02:15:00.049Z [debug][Jellyfin Sync]: Title already exists and no changes detected for 3 Idiots 
2026-09-18T02:15:04.054Z [info][Jellyfin Sync]: Beginning to process recently added for library: Shows 
2026-09-18T02:15:04.111Z [debug][Jellyfin Sync]: Updating existing title: Game Changer 
2026-09-18T02:15:04.114Z [debug][Jellyfin Sync]: Updating existing title: The Pitt 
2026-09-18T02:15:04.118Z [debug][Jellyfin Sync]: Updating existing title: Nathan for You 
2026-09-18T02:15:04.148Z [debug][Jellyfin Sync]: Updating existing title: Adventure Time 
2026-09-18T02:15:08.148Z [info][Jellyfin Sync]: Recently Added Scan Complete 
2026-09-18T02:16:00.006Z [debug][Jobs]: Starting scheduled job: Download Sync 
2026-09-18T02:17:00.004Z [debug][Jobs]: Starting scheduled job: Download Sync 
2026-09-18T02:18:00.005Z [debug][Jobs]: Starting scheduled job: Download Sync 
2026-09-18T02:19:00.006Z [debug][Jobs]: Starting scheduled job: Download Sync 
2026-09-18T02:20:00.003Z [debug][Jobs]: Starting scheduled job: Download Sync 
2026-09-18T02:20:00.007Z [info][Jobs]: Starting scheduled job: Jellyfin Recently Added Scan 
2026-09-18T02:20:00.007Z [info][Jellyfin Sync]: Scan starting {"sessionId":"69f48db5-0638-4f26-8d68-9ef8df138849"}
2026-09-18T02:20:00.012Z [info][Jellyfin Sync]: Beginning to process recently added for library: Movies 
2026-09-18T02:20:00.055Z [debug][Jellyfin Sync]: Title already exists and no changes detected for The Shawshank Redemption 
2026-09-18T02:20:00.055Z [debug][Jellyfin Sync]: Title already exists and no changes detected for Shrek 
2026-09-18T02:20:00.059Z [debug][Jellyfin Sync]: Title already exists and no changes detected for 3 Idiots 
2026-09-18T02:20:00.060Z [debug][Jellyfin Sync]: Title already exists and no changes detected for Nirvanna the Band the Show the Movie 
2026-09-18T02:20:04.065Z [info][Jellyfin Sync]: Beginning to process recently added for library: Shows 
2026-09-18T02:20:04.141Z [debug][Jellyfin Sync]: Updating existing title: Game Changer 
2026-09-18T02:20:04.148Z [debug][Jellyfin Sync]: Updating existing title: The Pitt 
2026-09-18T02:20:04.153Z [debug][Jellyfin Sync]: Updating existing title: Nathan for You 
2026-09-18T02:20:04.183Z [debug][Jellyfin Sync]: Updating existing title: Adventure Time 
2026-09-18T02:20:08.184Z [info][Jellyfin Sync]: Recently Added Scan Complete 
2026-09-18T02:21:00.006Z [debug][Jobs]: Starting scheduled job: Download Sync 
2026-09-18T02:22:00.003Z [debug][Jobs]: Starting scheduled job: Download Sync 
2026-09-18T02:23:00.004Z [debug][Jobs]: Starting scheduled job: Download Sync 
2026-09-18T02:24:00.003Z [debug][Jobs]: Starting scheduled job: Download Sync 
2026-09-18T02:25:00.012Z [debug][Jobs]: Starting scheduled job: Download Sync 
2026-09-18T02:25:00.020Z [info][Jobs]: Starting scheduled job: Jellyfin Recently Added Scan 
2026-09-18T02:25:00.021Z [info][Jellyfin Sync]: Scan starting {"sessionId":"0e0ae31b-73f2-43f0-b868-c7a525d7516c"}
2026-09-18T02:25:00.024Z [info][Jellyfin Sync]: Beginning to process recently added for library: Movies 
2026-09-18T02:25:00.049Z [debug][Jellyfin Sync]: Title already exists and no changes detected for The Shawshank Redemption 
2026-09-18T02:25:00.054Z [debug][Jellyfin Sync]: Title already exists and no changes detected for Nirvanna the Band the Show the Movie 
2026-09-18T02:25:00.054Z [debug][Jellyfin Sync]: Title already exists and no changes detected for 3 Idiots 
2026-09-18T02:25:00.056Z [debug][Jellyfin Sync]: Title already exists and no changes detected for Shrek 
2026-09-18T02:25:04.060Z [info][Jellyfin Sync]: Beginning to process recently added for library: Shows 
2026-09-18T02:25:04.119Z [debug][Jellyfin Sync]: Updating existing title: Game Changer 
2026-09-18T02:25:04.124Z [debug][Jellyfin Sync]: Updating existing title: The Pitt 
2026-09-18T02:25:04.130Z [debug][Jellyfin Sync]: Updating existing title: Nathan for You 
2026-09-18T02:25:04.160Z [debug][Jellyfin Sync]: Updating existing title: Adventure Time 
2026-09-18T02:25:08.160Z [info][Jellyfin Sync]: Recently Added Scan Complete 
2026-09-18T02:26:00.014Z [debug][Jobs]: Starting scheduled job: Download Sync 
2026-09-18T02:27:00.009Z [debug][Jobs]: Starting scheduled job: Download Sync 
2026-09-18T02:28:00.013Z [debug][Jobs]: Starting scheduled job: Download Sync 
2026-09-18T02:29:00.007Z [debug][Jobs]: Starting scheduled job: Download Sync 
2026-09-18T02:30:00.013Z [debug][Jobs]: Starting scheduled job: Download Sync 
2026-09-18T02:30:00.015Z [info][Jobs]: Starting scheduled job: Jellyfin Recently Added Scan 
2026-09-18T02:30:00.015Z [info][Jellyfin Sync]: Scan starting {"sessionId":"d8cc1a7b-0f45-497b-bcf6-4675fa16ae8c"}
2026-09-18T02:30:00.021Z [info][Jellyfin Sync]: Beginning to process recently added for library: Movies 
2026-09-18T02:30:00.047Z [debug][Jellyfin Sync]: Title already exists and no changes detected for The Shawshank Redemption 
2026-09-18T02:30:00.052Z [debug][Jellyfin Sync]: Title already exists and no changes detected for 3 Idiots 
2026-09-18T02:30:00.057Z [debug][Jellyfin Sync]: Title already exists and no changes detected for Shrek 
2026-09-18T02:30:00.057Z [debug][Jellyfin Sync]: Title already exists and no changes detected for Nirvanna the Band the Show the Movie 
2026-09-18T02:30:04.059Z [info][Jellyfin Sync]: Beginning to process recently added for library: Shows 
2026-09-18T02:30:04.145Z [debug][Jellyfin Sync]: Updating existing title: Game Changer 
2026-09-18T02:30:04.152Z [debug][Jellyfin Sync]: Updating existing title: Nathan for You 
2026-09-18T02:30:04.154Z [debug][Jellyfin Sync]: Updating existing title: The Pitt 
2026-09-18T02:30:04.180Z [debug][Jellyfin Sync]: Updating existing title: Adventure Time 
2026-09-18T02:30:08.180Z [info][Jellyfin Sync]: Recently Added Scan Complete 
2026-09-18T02:31:00.014Z [debug][Jobs]: Starting scheduled job: Download Sync 
2026-09-18T02:32:00.008Z [debug][Jobs]: Starting scheduled job: Download Sync 
2026-09-18T02:33:00.015Z [debug][Jobs]: Starting scheduled job: Download Sync 
2026-09-18T02:34:00.014Z [debug][Jobs]: Starting scheduled job: Download Sync 
2026-09-18T02:35:00.013Z [debug][Jobs]: Starting scheduled job: Download Sync 
2026-09-18T02:35:00.016Z [info][Jobs]: Starting scheduled job: Jellyfin Recently Added Scan 
2026-09-18T02:35:00.016Z [info][Jellyfin Sync]: Scan starting {"sessionId":"3846c096-b91e-4c65-9b08-bc15083b7309"}
2026-09-18T02:35:00.023Z [info][Jellyfin Sync]: Beginning to process recently added for library: Movies 
2026-09-18T02:35:00.053Z [debug][Jellyfin Sync]: Title already exists and no changes detected for The Shawshank Redemption 
2026-09-18T02:35:00.058Z [debug][Jellyfin Sync]: Title already exists and no changes detected for 3 Idiots 
2026-09-18T02:35:00.060Z [debug][Jellyfin Sync]: Title already exists and no changes detected for Nirvanna the Band the Show the Movie 
2026-09-18T02:35:00.062Z [debug][Jellyfin Sync]: Title already exists and no changes detected for Shrek 
2026-09-18T02:35:04.064Z [info][Jellyfin Sync]: Beginning to process recently added for library: Shows 
2026-09-18T02:35:04.130Z [debug][Jellyfin Sync]: Updating existing title: Game Changer 
2026-09-18T02:35:04.131Z [debug][Jellyfin Sync]: Updating existing title: The Pitt 
2026-09-18T02:35:04.135Z [debug][Jellyfin Sync]: Updating existing title: Nathan for You 
2026-09-18T02:35:04.188Z [debug][Jellyfin Sync]: Updating existing title: Adventure Time 
2026-09-18T02:35:08.189Z [info][Jellyfin Sync]: Recently Added Scan Complete 
2026-09-18T02:36:00.008Z [debug][Jobs]: Starting scheduled job: Download Sync 
2026-09-18T02:37:00.014Z [debug][Jobs]: Starting scheduled job: Download Sync 
2026-09-18T02:38:00.014Z [debug][Jobs]: Starting scheduled job: Download Sync 
2026-09-18T02:39:00.013Z [debug][Jobs]: Starting scheduled job: Download Sync 
2026-09-18T02:40:00.013Z [debug][Jobs]: Starting scheduled job: Download Sync 
2026-09-18T02:40:00.017Z [info][Jobs]: Starting scheduled job: Jellyfin Recently Added Scan 
2026-09-18T02:40:00.017Z [info][Jellyfin Sync]: Scan starting {"sessionId":"98932c34-75ab-4380-8370-3e99e428695c"}
2026-09-18T02:40:00.026Z [info][Jellyfin Sync]: Beginning to process recently added for library: Movies 
2026-09-18T02:40:00.056Z [debug][Jellyfin Sync]: Title already exists and no changes detected for The Shawshank Redemption 
2026-09-18T02:40:00.061Z [debug][Jellyfin Sync]: Title already exists and no changes detected for Nirvanna the Band the Show the Movie 
2026-09-18T02:40:00.062Z [debug][Jellyfin Sync]: Title already exists and no changes detected for 3 Idiots 
2026-09-18T02:40:00.063Z [debug][Jellyfin Sync]: Title already exists and no changes detected for Shrek 
2026-09-18T02:40:04.063Z [info][Jellyfin Sync]: Beginning to process recently added for library: Shows 
2026-09-18T02:40:04.123Z [debug][Jellyfin Sync]: Updating existing title: Game Changer 
2026-09-18T02:40:04.128Z [debug][Jellyfin Sync]: Updating existing title: The Pitt 
2026-09-18T02:40:04.132Z [debug][Jellyfin Sync]: Updating existing title: Nathan for You 
2026-09-18T02:40:04.156Z [debug][Jellyfin Sync]: Updating existing title: Adventure Time 
2026-09-18T02:40:08.156Z [info][Jellyfin Sync]: Recently Added Scan Complete 
2026-09-18T02:41:00.017Z [debug][Jobs]: Starting scheduled job: Download Sync 
2026-09-18T02:42:00.012Z [debug][Jobs]: Starting scheduled job: Download Sync 
2026-09-18T02:43:00.011Z [debug][Jobs]: Starting scheduled job: Download Sync 
2026-09-18T02:44:00.007Z [debug][Jobs]: Starting scheduled job: Download Sync 
2026-09-18T02:45:00.012Z [debug][Jobs]: Starting scheduled job: Download Sync 
2026-09-18T02:45:00.016Z [info][Jobs]: Starting scheduled job: Jellyfin Recently Added Scan 
2026-09-18T02:45:00.016Z [info][Jellyfin Sync]: Scan starting {"sessionId":"a3402fe5-4442-4adf-9dfe-20bc648e9a98"}
2026-09-18T02:45:00.019Z [info][Jellyfin Sync]: Beginning to process recently added for library: Movies 
2026-09-18T02:45:00.043Z [debug][Jellyfin Sync]: Title already exists and no changes detected for The Shawshank Redemption 
2026-09-18T02:45:00.049Z [debug][Jellyfin Sync]: Title already exists and no changes detected for Shrek 
2026-09-18T02:45:00.051Z [debug][Jellyfin Sync]: Title already exists and no changes detected for 3 Idiots 
2026-09-18T02:45:00.052Z [debug][Jellyfin Sync]: Title already exists and no changes detected for Nirvanna the Band the Show the Movie 
2026-09-18T02:45:04.055Z [info][Jellyfin Sync]: Beginning to process recently added for library: Shows 
2026-09-18T02:45:04.111Z [debug][Jellyfin Sync]: Updating existing title: Game Changer 
2026-09-18T02:45:04.114Z [debug][Jellyfin Sync]: Updating existing title: The Pitt 
2026-09-18T02:45:04.119Z [debug][Jellyfin Sync]: Updating existing title: Nathan for You 
2026-09-18T02:45:04.141Z [debug][Jellyfin Sync]: Updating existing title: Adventure Time 
2026-09-18T02:45:08.142Z [info][Jellyfin Sync]: Recently Added Scan Complete 
2026-09-18T02:46:00.013Z [debug][Jobs]: Starting scheduled job: Download Sync 
2026-09-18T02:47:00.013Z [debug][Jobs]: Starting scheduled job: Download Sync 
2026-09-18T02:48:00.013Z [debug][Jobs]: Starting scheduled job: Download Sync 
2026-09-18T02:49:00.006Z [debug][Jobs]: Starting scheduled job: Download Sync 
2026-09-18T02:50:00.010Z [debug][Jobs]: Starting scheduled job: Download Sync 
2026-09-18T02:50:00.015Z [info][Jobs]: Starting scheduled job: Jellyfin Recently Added Scan 
2026-09-18T02:50:00.015Z [info][Jellyfin Sync]: Scan starting {"sessionId":"e60e5bf3-0bb1-427f-8a4f-75465e95793f"}
2026-09-18T02:50:00.019Z [info][Jellyfin Sync]: Beginning to process recently added for library: Movies 
2026-09-18T02:50:00.051Z [debug][Jellyfin Sync]: Title already exists and no changes detected for The Shawshank Redemption 
2026-09-18T02:50:00.054Z [debug][Jellyfin Sync]: Title already exists and no changes detected for 3 Idiots 
2026-09-18T02:50:00.057Z [debug][Jellyfin Sync]: Title already exists and no changes detected for Nirvanna the Band the Show the Movie 
2026-09-18T02:50:00.058Z [debug][Jellyfin Sync]: Title already exists and no changes detected for Shrek 
2026-09-18T02:50:04.062Z [info][Jellyfin Sync]: Beginning to process recently added for library: Shows 
2026-09-18T02:50:04.128Z [debug][Jellyfin Sync]: Updating existing title: Game Changer 
2026-09-18T02:50:04.133Z [debug][Jellyfin Sync]: Updating existing title: The Pitt 
2026-09-18T02:50:04.134Z [debug][Jellyfin Sync]: Updating existing title: Nathan for You 
2026-09-18T02:50:04.161Z [debug][Jellyfin Sync]: Updating existing title: Adventure Time 
2026-09-18T02:50:08.161Z [info][Jellyfin Sync]: Recently Added Scan Complete 
2026-09-18T02:51:00.012Z [debug][Jobs]: Starting scheduled job: Download Sync 
2026-09-18T02:52:00.013Z [debug][Jobs]: Starting scheduled job: Download Sync 
2026-09-18T02:53:00.008Z [debug][Jobs]: Starting scheduled job: Download Sync 
2026-09-18T02:54:00.010Z [debug][Jobs]: Starting scheduled job: Download Sync 
2026-09-18T02:55:00.010Z [debug][Jobs]: Starting scheduled job: Download Sync 
2026-09-18T02:55:00.014Z [info][Jobs]: Starting scheduled job: Jellyfin Recently Added Scan 
2026-09-18T02:55:00.015Z [info][Jellyfin Sync]: Scan starting {"sessionId":"c5de0129-a401-49b3-a2e7-639f99a9231b"}
2026-09-18T02:55:00.020Z [info][Jellyfin Sync]: Beginning to process recently added for library: Movies 
2026-09-18T02:55:00.051Z [debug][Jellyfin Sync]: Title already exists and no changes detected for 3 Idiots 
2026-09-18T02:55:00.051Z [debug][Jellyfin Sync]: Title already exists and no changes detected for The Shawshank Redemption 
2026-09-18T02:55:00.054Z [debug][Jellyfin Sync]: Title already exists and no changes detected for Nirvanna the Band the Show the Movie 
2026-09-18T02:55:00.056Z [debug][Jellyfin Sync]: Title already exists and no changes detected for Shrek 
2026-09-18T02:55:04.061Z [info][Jellyfin Sync]: Beginning to process recently added for library: Shows 
2026-09-18T02:55:04.117Z [debug][Jellyfin Sync]: Updating existing title: Game Changer 
2026-09-18T02:55:04.120Z [debug][Jellyfin Sync]: Updating existing title: The Pitt 
2026-09-18T02:55:04.126Z [debug][Jellyfin Sync]: Updating existing title: Nathan for You 
2026-09-18T02:55:04.153Z [debug][Jellyfin Sync]: Updating existing title: Adventure Time 
2026-09-18T02:55:08.153Z [info][Jellyfin Sync]: Recently Added Scan Complete 
2026-09-18T02:56:00.012Z [debug][Jobs]: Starting scheduled job: Download Sync 
2026-09-18T02:57:00.010Z [debug][Jobs]: Starting scheduled job: Download Sync 
2026-09-18T02:58:00.010Z [debug][Jobs]: Starting scheduled job: Download Sync 
2026-09-18T02:59:00.008Z [debug][Jobs]: Starting scheduled job: Download Sync 
2026-09-18T03:00:00.009Z [debug][Jobs]: Starting scheduled job: Download Sync 
2026-09-18T03:00:00.018Z [info][Jobs]: Starting scheduled job: Jellyfin Recently Added Scan 
2026-09-18T03:00:00.020Z [info][Jellyfin Sync]: Scan starting {"sessionId":"64914773-d97d-4247-9370-549e218a7f21"}
2026-09-18T03:00:00.037Z [info][Jobs]: Starting scheduled job: Radarr Scan 
2026-09-18T03:00:00.039Z [info][Radarr Scan]: Scan starting {"sessionId":"b323538c-e80e-4305-ab21-cfc156e2bf12"}
2026-09-18T03:00:00.040Z [info][Radarr Scan]: Beginning to process Radarr server: Radarr 
2026-09-18T03:00:00.054Z [info][Jellyfin Sync]: Beginning to process recently added for library: Movies 
2026-09-18T03:00:00.074Z [debug][Radarr Scan]: Title already exists and no changes detected for Nirvanna the Band the Show the Movie 
2026-09-18T03:00:00.075Z [debug][Radarr Scan]: Title already exists and no changes detected for 3 Idiots 
2026-09-18T03:00:00.075Z [debug][Radarr Scan]: Title already exists and no changes detected for The Shawshank Redemption 
2026-09-18T03:00:00.076Z [debug][Radarr Scan]: Title already exists and no changes detected for Shrek 
2026-09-18T03:00:00.104Z [debug][Jellyfin Sync]: Title already exists and no changes detected for The Shawshank Redemption 
2026-09-18T03:00:00.105Z [debug][Jellyfin Sync]: Title already exists and no changes detected for 3 Idiots 
2026-09-18T03:00:00.105Z [debug][Jellyfin Sync]: Title already exists and no changes detected for Nirvanna the Band the Show the Movie 
2026-09-18T03:00:00.106Z [debug][Jellyfin Sync]: Title already exists and no changes detected for Shrek 
2026-09-18T03:00:04.100Z [info][Radarr Scan]: Radarr scan complete 
2026-09-18T03:00:04.107Z [info][Jellyfin Sync]: Beginning to process recently added for library: Shows 
2026-09-18T03:00:04.162Z [debug][Jellyfin Sync]: Updating existing title: The Pitt 
2026-09-18T03:00:04.174Z [debug][Jellyfin Sync]: Updating existing title: Game Changer 
2026-09-18T03:00:04.175Z [debug][Jellyfin Sync]: Updating existing title: Nathan for You 
2026-09-18T03:00:04.203Z [debug][Jellyfin Sync]: Updating existing title: Adventure Time 
2026-09-18T03:00:08.204Z [info][Jellyfin Sync]: Recently Added Scan Complete 
2026-09-18T03:01:00.010Z [debug][Jobs]: Starting scheduled job: Download Sync 
2026-09-18T03:02:00.007Z [debug][Jobs]: Starting scheduled job: Download Sync 
2026-09-18T03:03:00.009Z [debug][Jobs]: Starting scheduled job: Download Sync 
2026-09-18T03:04:00.009Z [debug][Jobs]: Starting scheduled job: Download Sync 
2026-09-18T03:05:00.008Z [debug][Jobs]: Starting scheduled job: Download Sync 
2026-09-18T03:05:00.013Z [info][Jobs]: Starting scheduled job: Jellyfin Recently Added Scan 
2026-09-18T03:05:00.013Z [info][Jellyfin Sync]: Scan starting {"sessionId":"571c0e84-2601-42d4-a460-da5dc7268e1d"}
2026-09-18T03:05:00.016Z [info][Jellyfin Sync]: Beginning to process recently added for library: Movies 
2026-09-18T03:05:00.048Z [debug][Jellyfin Sync]: Title already exists and no changes detected for The Shawshank Redemption 
2026-09-18T03:05:00.051Z [debug][Jellyfin Sync]: Title already exists and no changes detected for Shrek 
2026-09-18T03:05:00.051Z [debug][Jellyfin Sync]: Title already exists and no changes detected for 3 Idiots 
2026-09-18T03:05:00.052Z [debug][Jellyfin Sync]: Title already exists and no changes detected for Nirvanna the Band the Show the Movie 
2026-09-18T03:05:04.057Z [info][Jellyfin Sync]: Beginning to process recently added for library: Shows 
2026-09-18T03:05:04.111Z [debug][Jellyfin Sync]: Updating existing title: Game Changer 
2026-09-18T03:05:04.128Z [debug][Jellyfin Sync]: Updating existing title: The Pitt 
2026-09-18T03:05:04.131Z [debug][Jellyfin Sync]: Updating existing title: Nathan for You 
2026-09-18T03:05:04.178Z [debug][Jellyfin Sync]: Updating existing title: Adventure Time 
2026-09-18T03:05:08.178Z [info][Jellyfin Sync]: Recently Added Scan Complete 
2026-09-18T03:06:00.008Z [debug][Jobs]: Starting scheduled job: Download Sync 
2026-09-18T03:07:00.007Z [debug][Jobs]: Starting scheduled job: Download Sync 
2026-09-18T03:08:00.005Z [debug][Jobs]: Starting scheduled job: Download Sync 
2026-09-18T03:09:00.008Z [debug][Jobs]: Starting scheduled job: Download Sync 
2026-09-18T03:10:00.005Z [debug][Jobs]: Starting scheduled job: Download Sync 
2026-09-18T03:10:00.009Z [info][Jobs]: Starting scheduled job: Jellyfin Recently Added Scan 
2026-09-18T03:10:00.010Z [info][Jellyfin Sync]: Scan starting {"sessionId":"d1e6fc54-a997-4252-94df-14723fb70d56"}
2026-09-18T03:10:00.015Z [info][Jellyfin Sync]: Beginning to process recently added for library: Movies 
2026-09-18T03:10:00.045Z [debug][Jellyfin Sync]: Title already exists and no changes detected for Shrek 
2026-09-18T03:10:00.051Z [debug][Jellyfin Sync]: Title already exists and no changes detected for Nirvanna the Band the Show the Movie 
2026-09-18T03:10:00.051Z [debug][Jellyfin Sync]: Title already exists and no changes detected for 3 Idiots 
2026-09-18T03:10:00.052Z [debug][Jellyfin Sync]: Title already exists and no changes detected for The Shawshank Redemption 
2026-09-18T03:10:04.057Z [info][Jellyfin Sync]: Beginning to process recently added for library: Shows 
2026-09-18T03:10:04.109Z [debug][Jellyfin Sync]: Updating existing title: Game Changer 
2026-09-18T03:10:04.115Z [debug][Jellyfin Sync]: Updating existing title: The Pitt 
2026-09-18T03:10:04.117Z [debug][Jellyfin Sync]: Updating existing title: Nathan for You 
2026-09-18T03:10:04.144Z [debug][Jellyfin Sync]: Updating existing title: Adventure Time 
2026-09-18T03:10:08.148Z [info][Jellyfin Sync]: Recently Added Scan Complete 
2026-09-18T03:11:00.006Z [debug][Jobs]: Starting scheduled job: Download Sync 
2026-09-18T03:12:00.007Z [debug][Jobs]: Starting scheduled job: Download Sync 
2026-09-18T03:13:00.003Z [debug][Jobs]: Starting scheduled job: Download Sync 
2026-09-18T03:14:00.006Z [debug][Jobs]: Starting scheduled job: Download Sync 
2026-09-18T03:15:00.006Z [debug][Jobs]: Starting scheduled job: Download Sync 
2026-09-18T03:15:00.010Z [info][Jobs]: Starting scheduled job: Jellyfin Recently Added Scan 
2026-09-18T03:15:00.010Z [info][Jellyfin Sync]: Scan starting {"sessionId":"00799fda-260f-4332-bb92-a3f3fc9fcbad"}
2026-09-18T03:15:00.015Z [info][Jellyfin Sync]: Beginning to process recently added for library: Movies 
2026-09-18T03:15:00.037Z [debug][Jellyfin Sync]: Title already exists and no changes detected for The Shawshank Redemption 
2026-09-18T03:15:00.046Z [debug][Jellyfin Sync]: Title already exists and no changes detected for 3 Idiots 
2026-09-18T03:15:00.049Z [debug][Jellyfin Sync]: Title already exists and no changes detected for Shrek 
2026-09-18T03:15:00.049Z [debug][Jellyfin Sync]: Title already exists and no changes detected for Nirvanna the Band the Show the Movie 
2026-09-18T03:15:04.053Z [info][Jellyfin Sync]: Beginning to process recently added for library: Shows 
2026-09-18T03:15:04.112Z [debug][Jellyfin Sync]: Updating existing title: Game Changer 
2026-09-18T03:15:04.122Z [debug][Jellyfin Sync]: Updating existing title: The Pitt 
2026-09-18T03:15:04.125Z [debug][Jellyfin Sync]: Updating existing title: Nathan for You 
2026-09-18T03:15:04.167Z [debug][Jellyfin Sync]: Updating existing title: Adventure Time 
2026-09-18T03:15:08.168Z [info][Jellyfin Sync]: Recently Added Scan Complete 
2026-09-18T03:16:00.005Z [debug][Jobs]: Starting scheduled job: Download Sync 
2026-09-18T03:17:00.007Z [debug][Jobs]: Starting scheduled job: Download Sync 
2026-09-18T03:18:00.004Z [debug][Jobs]: Starting scheduled job: Download Sync 
2026-09-18T03:19:00.004Z [debug][Jobs]: Starting scheduled job: Download Sync 
2026-09-18T03:20:00.004Z [debug][Jobs]: Starting scheduled job: Download Sync 
2026-09-18T03:20:00.008Z [info][Jobs]: Starting scheduled job: Jellyfin Recently Added Scan 
2026-09-18T03:20:00.009Z [info][Jellyfin Sync]: Scan starting {"sessionId":"dc70b1b3-a356-4632-b027-c5b0e1c54019"}
2026-09-18T03:20:00.014Z [info][Jellyfin Sync]: Beginning to process recently added for library: Movies 
2026-09-18T03:20:00.047Z [debug][Jellyfin Sync]: Title already exists and no changes detected for 3 Idiots 
2026-09-18T03:20:00.048Z [debug][Jellyfin Sync]: Title already exists and no changes detected for The Shawshank Redemption 
2026-09-18T03:20:00.049Z [debug][Jellyfin Sync]: Title already exists and no changes detected for Nirvanna the Band the Show the Movie 
2026-09-18T03:20:00.050Z [debug][Jellyfin Sync]: Title already exists and no changes detected for Shrek 
2026-09-18T03:20:04.054Z [info][Jellyfin Sync]: Beginning to process recently added for library: Shows 
2026-09-18T03:20:04.127Z [debug][Jellyfin Sync]: Updating existing title: Game Changer 
2026-09-18T03:20:04.129Z [debug][Jellyfin Sync]: Updating existing title: The Pitt 
2026-09-18T03:20:04.136Z [debug][Jellyfin Sync]: Updating existing title: Nathan for You 
2026-09-18T03:20:04.162Z [debug][Jellyfin Sync]: Updating existing title: Adventure Time 
2026-09-18T03:20:08.166Z [info][Jellyfin Sync]: Recently Added Scan Complete 
2026-09-18T03:21:00.005Z [debug][Jobs]: Starting scheduled job: Download Sync 
2026-09-18T03:22:00.006Z [debug][Jobs]: Starting scheduled job: Download Sync 
2026-09-18T03:23:00.005Z [debug][Jobs]: Starting scheduled job: Download Sync 
2026-09-18T03:24:00.004Z [debug][Jobs]: Starting scheduled job: Download Sync 
2026-09-18T03:25:00.003Z [debug][Jobs]: Starting scheduled job: Download Sync 
2026-09-18T03:25:00.012Z [info][Jobs]: Starting scheduled job: Jellyfin Recently Added Scan 
2026-09-18T03:25:00.012Z [info][Jellyfin Sync]: Scan starting {"sessionId":"90a6ec2c-5ee3-44ce-b0a2-ed1b6176df7b"}
2026-09-18T03:25:00.018Z [info][Jellyfin Sync]: Beginning to process recently added for library: Movies 
2026-09-18T03:25:00.044Z [debug][Jellyfin Sync]: Title already exists and no changes detected for 3 Idiots 
2026-09-18T03:25:00.049Z [debug][Jellyfin Sync]: Title already exists and no changes detected for The Shawshank Redemption 
2026-09-18T03:25:00.050Z [debug][Jellyfin Sync]: Title already exists and no changes detected for Nirvanna the Band the Show the Movie 
2026-09-18T03:25:00.053Z [debug][Jellyfin Sync]: Title already exists and no changes detected for Shrek 
2026-09-18T03:25:04.059Z [info][Jellyfin Sync]: Beginning to process recently added for library: Shows 
2026-09-18T03:25:04.129Z [debug][Jellyfin Sync]: Updating existing title: Game Changer 
2026-09-18T03:25:04.133Z [debug][Jellyfin Sync]: Updating existing title: The Pitt 
2026-09-18T03:25:04.139Z [debug][Jellyfin Sync]: Updating existing title: Nathan for You 
2026-09-18T03:25:04.187Z [debug][Jellyfin Sync]: Updating existing title: Adventure Time 
2026-09-18T03:25:08.188Z [info][Jellyfin Sync]: Recently Added Scan Complete 
2026-09-18T03:26:00.001Z [debug][Jobs]: Starting scheduled job: Download Sync 
2026-09-18T03:27:00.014Z [debug][Jobs]: Starting scheduled job: Download Sync 
2026-09-18T03:28:00.011Z [debug][Jobs]: Starting scheduled job: Download Sync 
2026-09-18T03:29:00.013Z [debug][Jobs]: Starting scheduled job: Download Sync 
2026-09-18T03:30:00.013Z [debug][Jobs]: Starting scheduled job: Download Sync 
2026-09-18T03:30:00.016Z [info][Jobs]: Starting scheduled job: Jellyfin Recently Added Scan 
2026-09-18T03:30:00.017Z [info][Jellyfin Sync]: Scan starting {"sessionId":"79a21a1a-a5e6-47a5-9ef1-b84d204cd8ab"}
2026-09-18T03:30:00.022Z [info][Jobs]: Starting scheduled job: Sonarr Scan 
2026-09-18T03:30:00.026Z [info][Sonarr Scan]: Scan starting {"sessionId":"c33f70a5-f556-4f41-a7e3-ad1f8dfc6c1d"}
2026-09-18T03:30:00.027Z [info][Sonarr Scan]: Beginning to process Sonarr server: Sonarr 
2026-09-18T03:30:00.034Z [info][Jellyfin Sync]: Beginning to process recently added for library: Movies 
2026-09-18T03:30:00.092Z [debug][Sonarr Scan]: Updating existing title: Adventure Time 
2026-09-18T03:30:00.093Z [debug][Sonarr Scan]: Updating existing title: Jersey Shore 
2026-09-18T03:30:00.093Z [debug][Sonarr Scan]: Updating existing title: The Pitt 
2026-09-18T03:30:00.094Z [debug][Sonarr Scan]: Updating existing title: Nathan for You 
2026-09-18T03:30:00.096Z [debug][Sonarr Scan]: Updating existing title: Game Changer 
2026-09-18T03:30:00.101Z [debug][Jellyfin Sync]: Title already exists and no changes detected for 3 Idiots 
2026-09-18T03:30:00.102Z [debug][Jellyfin Sync]: Title already exists and no changes detected for Nirvanna the Band the Show the Movie 
2026-09-18T03:30:00.102Z [debug][Jellyfin Sync]: Title already exists and no changes detected for The Shawshank Redemption 
2026-09-18T03:30:00.103Z [debug][Jellyfin Sync]: Title already exists and no changes detected for Shrek 
2026-09-18T03:30:04.112Z [info][Jellyfin Sync]: Beginning to process recently added for library: Shows 
2026-09-18T03:30:04.121Z [info][Sonarr Scan]: Sonarr scan complete 
2026-09-18T03:30:04.165Z [debug][Jellyfin Sync]: Updating existing title: Game Changer 
2026-09-18T03:30:04.168Z [debug][Jellyfin Sync]: Updating existing title: The Pitt 
2026-09-18T03:30:04.170Z [debug][Jellyfin Sync]: Updating existing title: Nathan for You 
2026-09-18T03:30:04.198Z [debug][Jellyfin Sync]: Updating existing title: Adventure Time 
2026-09-18T03:30:08.198Z [info][Jellyfin Sync]: Recently Added Scan Complete 
2026-09-18T03:31:00.023Z [debug][Jobs]: Starting scheduled job: Download Sync 
2026-09-18T03:32:00.011Z [debug][Jobs]: Starting scheduled job: Download Sync 
2026-09-18T03:33:00.016Z [debug][Jobs]: Starting scheduled job: Download Sync 
2026-09-18T03:34:00.014Z [debug][Jobs]: Starting scheduled job: Download Sync 
2026-09-18T03:35:00.012Z [debug][Jobs]: Starting scheduled job: Download Sync 
2026-09-18T03:35:00.015Z [info][Jobs]: Starting scheduled job: Jellyfin Recently Added Scan 
2026-09-18T03:35:00.015Z [info][Jellyfin Sync]: Scan starting {"sessionId":"d0f73a40-ac72-4cf7-b096-580f6863d4c3"}
2026-09-18T03:35:00.019Z [info][Jellyfin Sync]: Beginning to process recently added for library: Movies 
2026-09-18T03:35:00.053Z [debug][Jellyfin Sync]: Title already exists and no changes detected for Shrek 
2026-09-18T03:35:00.054Z [debug][Jellyfin Sync]: Title already exists and no changes detected for The Shawshank Redemption 
2026-09-18T03:35:00.055Z [debug][Jellyfin Sync]: Title already exists and no changes detected for Nirvanna the Band the Show the Movie 
2026-09-18T03:35:00.056Z [debug][Jellyfin Sync]: Title already exists and no changes detected for 3 Idiots 
2026-09-18T03:35:04.058Z [info][Jellyfin Sync]: Beginning to process recently added for library: Shows 
2026-09-18T03:35:04.116Z [debug][Jellyfin Sync]: Updating existing title: Game Changer 
2026-09-18T03:35:04.123Z [debug][Jellyfin Sync]: Updating existing title: The Pitt 
2026-09-18T03:35:04.141Z [debug][Jellyfin Sync]: Updating existing title: Nathan for You 
2026-09-18T03:35:04.173Z [debug][Jellyfin Sync]: Updating existing title: Adventure Time 
2026-09-18T03:35:08.174Z [info][Jellyfin Sync]: Recently Added Scan Complete 
2026-09-18T03:36:00.013Z [debug][Jobs]: Starting scheduled job: Download Sync 
2026-09-18T03:37:00.009Z [debug][Jobs]: Starting scheduled job: Download Sync 
2026-09-18T03:38:00.010Z [debug][Jobs]: Starting scheduled job: Download Sync 
2026-09-18T03:39:00.006Z [debug][Jobs]: Starting scheduled job: Download Sync 
2026-09-18T03:40:00.012Z [debug][Jobs]: Starting scheduled job: Download Sync 
2026-09-18T03:40:00.014Z [info][Jobs]: Starting scheduled job: Jellyfin Recently Added Scan 
2026-09-18T03:40:00.015Z [info][Jellyfin Sync]: Scan starting {"sessionId":"2f0b9c91-26ac-49e6-94ad-8f46879f16cb"}
2026-09-18T03:40:00.020Z [info][Jellyfin Sync]: Beginning to process recently added for library: Movies 
2026-09-18T03:40:00.049Z [debug][Jellyfin Sync]: Title already exists and no changes detected for The Shawshank Redemption 
2026-09-18T03:40:00.053Z [debug][Jellyfin Sync]: Title already exists and no changes detected for 3 Idiots 
2026-09-18T03:40:00.054Z [debug][Jellyfin Sync]: Title already exists and no changes detected for Nirvanna the Band the Show the Movie 
2026-09-18T03:40:00.054Z [debug][Jellyfin Sync]: Title already exists and no changes detected for Shrek 
2026-09-18T03:40:04.054Z [info][Jellyfin Sync]: Beginning to process recently added for library: Shows 
2026-09-18T03:40:04.108Z [debug][Jellyfin Sync]: Updating existing title: Game Changer 
2026-09-18T03:40:04.112Z [debug][Jellyfin Sync]: Updating existing title: The Pitt 
2026-09-18T03:40:04.114Z [debug][Jellyfin Sync]: Updating existing title: Nathan for You 
2026-09-18T03:40:04.141Z [debug][Jellyfin Sync]: Updating existing title: Adventure Time 
2026-09-18T03:40:08.144Z [info][Jellyfin Sync]: Recently Added Scan Complete 
2026-09-18T03:41:00.014Z [debug][Jobs]: Starting scheduled job: Download Sync 
2026-09-18T03:42:00.010Z [debug][Jobs]: Starting scheduled job: Download Sync 
2026-09-18T03:43:00.012Z [debug][Jobs]: Starting scheduled job: Download Sync 
2026-09-18T03:44:00.012Z [debug][Jobs]: Starting scheduled job: Download Sync 
2026-09-18T03:45:00.012Z [debug][Jobs]: Starting scheduled job: Download Sync 
2026-09-18T03:45:00.015Z [info][Jobs]: Starting scheduled job: Jellyfin Recently Added Scan 
2026-09-18T03:45:00.015Z [info][Jellyfin Sync]: Scan starting {"sessionId":"d05a8985-ea37-4ea3-a4c4-f9524056cf57"}
2026-09-18T03:45:00.019Z [info][Jellyfin Sync]: Beginning to process recently added for library: Movies 
2026-09-18T03:45:00.044Z [debug][Jellyfin Sync]: Title already exists and no changes detected for The Shawshank Redemption 
2026-09-18T03:45:00.045Z [debug][Jellyfin Sync]: Title already exists and no changes detected for 3 Idiots 
2026-09-18T03:45:00.050Z [debug][Jellyfin Sync]: Title already exists and no changes detected for Shrek 
2026-09-18T03:45:00.051Z [debug][Jellyfin Sync]: Title already exists and no changes detected for Nirvanna the Band the Show the Movie 
2026-09-18T03:45:04.055Z [info][Jellyfin Sync]: Beginning to process recently added for library: Shows 
2026-09-18T03:45:04.115Z [debug][Jellyfin Sync]: Updating existing title: Game Changer 
2026-09-18T03:45:04.125Z [debug][Jellyfin Sync]: Updating existing title: The Pitt 
2026-09-18T03:45:04.129Z [debug][Jellyfin Sync]: Updating existing title: Nathan for You 
2026-09-18T03:45:04.178Z [debug][Jellyfin Sync]: Updating existing title: Adventure Time 
2026-09-18T03:45:08.178Z [info][Jellyfin Sync]: Recently Added Scan Complete 
2026-09-18T03:46:00.014Z [debug][Jobs]: Starting scheduled job: Download Sync 
2026-09-18T03:47:00.010Z [debug][Jobs]: Starting scheduled job: Download Sync 
2026-09-18T03:48:00.013Z [debug][Jobs]: Starting scheduled job: Download Sync 
2026-09-18T03:49:00.008Z [debug][Jobs]: Starting scheduled job: Download Sync 
2026-09-18T03:50:00.014Z [debug][Jobs]: Starting scheduled job: Download Sync 
2026-09-18T03:50:00.017Z [info][Jobs]: Starting scheduled job: Jellyfin Recently Added Scan 
2026-09-18T03:50:00.018Z [info][Jellyfin Sync]: Scan starting {"sessionId":"73a85065-4866-4494-ba45-48327556fb1b"}
2026-09-18T03:50:00.023Z [info][Jellyfin Sync]: Beginning to process recently added for library: Movies 
2026-09-18T03:50:00.054Z [debug][Jellyfin Sync]: Title already exists and no changes detected for 3 Idiots 
2026-09-18T03:50:00.055Z [debug][Jellyfin Sync]: Title already exists and no changes detected for The Shawshank Redemption 
2026-09-18T03:50:00.058Z [debug][Jellyfin Sync]: Title already exists and no changes detected for Shrek 
2026-09-18T03:50:00.060Z [debug][Jellyfin Sync]: Title already exists and no changes detected for Nirvanna the Band the Show the Movie 
2026-09-18T03:50:04.064Z [info][Jellyfin Sync]: Beginning to process recently added for library: Shows 
2026-09-18T03:50:04.117Z [debug][Jellyfin Sync]: Updating existing title: Game Changer 
2026-09-18T03:50:04.122Z [debug][Jellyfin Sync]: Updating existing title: The Pitt 
2026-09-18T03:50:04.127Z [debug][Jellyfin Sync]: Updating existing title: Nathan for You 
2026-09-18T03:50:04.148Z [debug][Jellyfin Sync]: Updating existing title: Adventure Time 
2026-09-18T03:50:08.150Z [info][Jellyfin Sync]: Recently Added Scan Complete 
2026-09-18T03:51:00.012Z [debug][Jobs]: Starting scheduled job: Download Sync 
2026-09-18T03:52:00.008Z [debug][Jobs]: Starting scheduled job: Download Sync 
2026-09-18T03:53:00.007Z [debug][Jobs]: Starting scheduled job: Download Sync 
2026-09-18T03:54:00.012Z [debug][Jobs]: Starting scheduled job: Download Sync 
2026-09-18T03:55:00.011Z [debug][Jobs]: Starting scheduled job: Download Sync 
2026-09-18T03:55:00.014Z [info][Jobs]: Starting scheduled job: Jellyfin Recently Added Scan 
2026-09-18T03:55:00.014Z [info][Jellyfin Sync]: Scan starting {"sessionId":"73c89a85-d953-43d5-9cd1-8a353dac80c7"}
2026-09-18T03:55:00.019Z [info][Jellyfin Sync]: Beginning to process recently added for library: Movies 
2026-09-18T03:55:00.048Z [debug][Jellyfin Sync]: Title already exists and no changes detected for The Shawshank Redemption 
2026-09-18T03:55:00.052Z [debug][Jellyfin Sync]: Title already exists and no changes detected for 3 Idiots 
2026-09-18T03:55:00.053Z [debug][Jellyfin Sync]: Title already exists and no changes detected for Nirvanna the Band the Show the Movie 
2026-09-18T03:55:00.054Z [debug][Jellyfin Sync]: Title already exists and no changes detected for Shrek 
2026-09-18T03:55:04.059Z [info][Jellyfin Sync]: Beginning to process recently added for library: Shows 
2026-09-18T03:55:04.115Z [debug][Jellyfin Sync]: Updating existing title: Game Changer 
2026-09-18T03:55:04.117Z [debug][Jellyfin Sync]: Updating existing title: The Pitt 
2026-09-18T03:55:04.121Z [debug][Jellyfin Sync]: Updating existing title: Nathan for You 
2026-09-18T03:55:04.145Z [debug][Jellyfin Sync]: Updating existing title: Adventure Time 
2026-09-18T03:55:08.145Z [info][Jellyfin Sync]: Recently Added Scan Complete 
2026-09-18T03:56:00.012Z [debug][Jobs]: Starting scheduled job: Download Sync 
2026-09-18T03:57:00.007Z [debug][Jobs]: Starting scheduled job: Download Sync 
2026-09-18T03:58:00.008Z [debug][Jobs]: Starting scheduled job: Download Sync 
2026-09-18T03:59:00.005Z [debug][Jobs]: Starting scheduled job: Download Sync 
2026-09-18T04:00:00.010Z [debug][Jobs]: Starting scheduled job: Download Sync 
2026-09-18T04:00:00.013Z [info][Jobs]: Starting scheduled job: Jellyfin Recently Added Scan 
2026-09-18T04:00:00.014Z [info][Jellyfin Sync]: Scan starting {"sessionId":"7c4e155d-62c8-43ed-865e-18ee97a94ad8"}
2026-09-18T04:00:00.017Z [info][Jobs]: Starting scheduled job: Image Cache Cleanup 
2026-09-18T04:00:00.022Z [info][Jobs]: Starting scheduled job: Media Availability Sync 
2026-09-18T04:00:00.025Z [info][AvailabilitySync]: Starting availability sync... 
2026-09-18T04:00:00.036Z [info][Jellyfin Sync]: Beginning to process recently added for library: Movies 
2026-09-18T04:00:00.042Z [info][Image Cache]: Cleared 4 stale image(s) from cache 'avatar' 
2026-09-18T04:00:00.077Z [debug][Jellyfin Sync]: Title already exists and no changes detected for The Shawshank Redemption 
2026-09-18T04:00:00.080Z [debug][Jellyfin Sync]: Title already exists and no changes detected for 3 Idiots 
2026-09-18T04:00:00.083Z [debug][Jellyfin Sync]: Title already exists and no changes detected for Shrek 
2026-09-18T04:00:00.085Z [debug][Jellyfin Sync]: Title already exists and no changes detected for Nirvanna the Band the Show the Movie 
2026-09-18T04:00:00.113Z [debug][AvailabilitySync]: The non-4K movie [TMDB ID 1154538] still exists. Preventing removal. 
2026-09-18T04:00:00.199Z [debug][AvailabilitySync]: The non-4K show [TMDB ID 15260] still exists. Preventing removal. 
2026-09-18T04:00:00.249Z [debug][AvailabilitySync]: The non-4K show [TMDB ID 129412] still exists. Preventing removal. 
2026-09-18T04:00:00.312Z [debug][AvailabilitySync]: The non-4K movie [TMDB ID 20453] still exists. Preventing removal. 
2026-09-18T04:00:00.331Z [debug][AvailabilitySync]: The non-4K movie [TMDB ID 808] still exists. Preventing removal. 
2026-09-18T04:00:00.349Z [debug][AvailabilitySync]: The non-4K show [TMDB ID 250307] still exists. Preventing removal. 
2026-09-18T04:00:00.390Z [debug][AvailabilitySync]: The non-4K show [TMDB ID 58957] still exists. Preventing removal. 
2026-09-18T04:00:00.425Z [debug][AvailabilitySync]: The non-4K movie [TMDB ID 278] still exists. Preventing removal. 
2026-09-18T04:00:00.427Z [info][AvailabilitySync]: Availability sync complete. 
2026-09-18T04:00:04.089Z [info][Jellyfin Sync]: Beginning to process recently added for library: Shows 
2026-09-18T04:00:04.147Z [debug][Jellyfin Sync]: Updating existing title: Game Changer 
2026-09-18T04:00:04.155Z [debug][Jellyfin Sync]: Updating existing title: The Pitt 
2026-09-18T04:00:04.160Z [debug][Jellyfin Sync]: Updating existing title: Nathan for You 
2026-09-18T04:00:04.180Z [debug][Jellyfin Sync]: Updating existing title: Adventure Time 
2026-09-18T04:00:08.183Z [info][Jellyfin Sync]: Recently Added Scan Complete 
2026-09-18T04:01:00.009Z [debug][Jobs]: Starting scheduled job: Download Sync 
2026-09-18T04:02:00.005Z [debug][Jobs]: Starting scheduled job: Download Sync 
2026-09-18T04:03:00.007Z [debug][Jobs]: Starting scheduled job: Download Sync 
2026-09-18T04:04:00.006Z [debug][Jobs]: Starting scheduled job: Download Sync 
2026-09-18T04:05:00.007Z [debug][Jobs]: Starting scheduled job: Download Sync 
2026-09-18T04:05:00.011Z [info][Jobs]: Starting scheduled job: Jellyfin Recently Added Scan 
2026-09-18T04:05:00.011Z [info][Jellyfin Sync]: Scan starting {"sessionId":"f81f6ab5-0572-4f67-8c94-894596cc1928"}
2026-09-18T04:05:00.017Z [info][Jellyfin Sync]: Beginning to process recently added for library: Movies 
2026-09-18T04:05:00.047Z [debug][Jellyfin Sync]: Title already exists and no changes detected for The Shawshank Redemption 
2026-09-18T04:05:00.049Z [debug][Jellyfin Sync]: Title already exists and no changes detected for Nirvanna the Band the Show the Movie 
2026-09-18T04:05:00.052Z [debug][Jellyfin Sync]: Title already exists and no changes detected for 3 Idiots 
2026-09-18T04:05:00.053Z [debug][Jellyfin Sync]: Title already exists and no changes detected for Shrek 
2026-09-18T04:05:04.058Z [info][Jellyfin Sync]: Beginning to process recently added for library: Shows 
2026-09-18T04:05:04.109Z [debug][Jellyfin Sync]: Updating existing title: Game Changer 
2026-09-18T04:05:04.114Z [debug][Jellyfin Sync]: Updating existing title: The Pitt 
2026-09-18T04:05:04.127Z [debug][Jellyfin Sync]: Updating existing title: Nathan for You 
2026-09-18T04:05:04.165Z [debug][Jellyfin Sync]: Updating existing title: Adventure Time 
2026-09-18T04:05:08.166Z [info][Jellyfin Sync]: Recently Added Scan Complete 
2026-09-18T04:06:00.008Z [debug][Jobs]: Starting scheduled job: Download Sync 
2026-09-18T04:07:00.007Z [debug][Jobs]: Starting scheduled job: Download Sync 
2026-09-18T04:08:00.007Z [debug][Jobs]: Starting scheduled job: Download Sync 
2026-09-18T04:09:00.007Z [debug][Jobs]: Starting scheduled job: Download Sync 
2026-09-18T04:10:00.006Z [debug][Jobs]: Starting scheduled job: Download Sync 
2026-09-18T04:10:00.010Z [info][Jobs]: Starting scheduled job: Jellyfin Recently Added Scan 
2026-09-18T04:10:00.011Z [info][Jellyfin Sync]: Scan starting {"sessionId":"d36a9b6d-2bb7-484e-9451-5441969d1f08"}
2026-09-18T04:10:00.018Z [info][Jellyfin Sync]: Beginning to process recently added for library: Movies 
2026-09-18T04:10:00.041Z [debug][Jellyfin Sync]: Title already exists and no changes detected for The Shawshank Redemption 
2026-09-18T04:10:00.048Z [debug][Jellyfin Sync]: Title already exists and no changes detected for 3 Idiots 
2026-09-18T04:10:00.050Z [debug][Jellyfin Sync]: Title already exists and no changes detected for Shrek 
2026-09-18T04:10:00.053Z [debug][Jellyfin Sync]: Title already exists and no changes detected for Nirvanna the Band the Show the Movie 
2026-09-18T04:10:04.058Z [info][Jellyfin Sync]: Beginning to process recently added for library: Shows 
2026-09-18T04:10:04.113Z [debug][Jellyfin Sync]: Updating existing title: Game Changer 
2026-09-18T04:10:04.116Z [debug][Jellyfin Sync]: Updating existing title: The Pitt 
2026-09-18T04:10:04.120Z [debug][Jellyfin Sync]: Updating existing title: Nathan for You 
2026-09-18T04:10:04.144Z [debug][Jellyfin Sync]: Updating existing title: Adventure Time 
2026-09-18T04:10:08.147Z [info][Jellyfin Sync]: Recently Added Scan Complete 
2026-09-18T04:11:00.005Z [debug][Jobs]: Starting scheduled job: Download Sync 
2026-09-18T04:12:00.006Z [debug][Jobs]: Starting scheduled job: Download Sync 
2026-09-18T04:13:00.005Z [debug][Jobs]: Starting scheduled job: Download Sync 
2026-09-18T04:14:00.006Z [debug][Jobs]: Starting scheduled job: Download Sync 
2026-09-18T04:15:00.003Z [debug][Jobs]: Starting scheduled job: Download Sync 
2026-09-18T04:15:00.008Z [info][Jobs]: Starting scheduled job: Jellyfin Recently Added Scan 
2026-09-18T04:15:00.008Z [info][Jellyfin Sync]: Scan starting {"sessionId":"07c7474d-9f1a-4101-af7a-4bc4ba40186a"}
2026-09-18T04:15:00.013Z [info][Jellyfin Sync]: Beginning to process recently added for library: Movies 
2026-09-18T04:15:00.039Z [debug][Jellyfin Sync]: Title already exists and no changes detected for The Shawshank Redemption 
2026-09-18T04:15:00.043Z [debug][Jellyfin Sync]: Title already exists and no changes detected for 3 Idiots 
2026-09-18T04:15:00.044Z [debug][Jellyfin Sync]: Title already exists and no changes detected for Nirvanna the Band the Show the Movie 
2026-09-18T04:15:00.045Z [debug][Jellyfin Sync]: Title already exists and no changes detected for Shrek 
2026-09-18T04:15:04.050Z [info][Jellyfin Sync]: Beginning to process recently added for library: Shows 
2026-09-18T04:15:04.105Z [debug][Jellyfin Sync]: Updating existing title: Game Changer 
2026-09-18T04:15:04.109Z [debug][Jellyfin Sync]: Updating existing title: The Pitt 
2026-09-18T04:15:04.120Z [debug][Jellyfin Sync]: Updating existing title: Nathan for You 
2026-09-18T04:15:04.137Z [debug][Jellyfin Sync]: Updating existing title: Adventure Time 
2026-09-18T04:15:08.140Z [info][Jellyfin Sync]: Recently Added Scan Complete 
2026-09-18T04:16:00.006Z [debug][Jobs]: Starting scheduled job: Download Sync 
2026-09-18T04:17:00.007Z [debug][Jobs]: Starting scheduled job: Download Sync 
2026-09-18T04:18:00.003Z [debug][Jobs]: Starting scheduled job: Download Sync 
2026-09-18T04:19:00.005Z [debug][Jobs]: Starting scheduled job: Download Sync 
2026-09-18T04:20:00.005Z [debug][Jobs]: Starting scheduled job: Download Sync 
2026-09-18T04:20:00.008Z [info][Jobs]: Starting scheduled job: Jellyfin Recently Added Scan 
2026-09-18T04:20:00.009Z [info][Jellyfin Sync]: Scan starting {"sessionId":"5c2ca253-86fe-42e5-9c8c-f97c8fb5c36b"}
2026-09-18T04:20:00.014Z [info][Jellyfin Sync]: Beginning to process recently added for library: Movies 
2026-09-18T04:20:00.043Z [debug][Jellyfin Sync]: Title already exists and no changes detected for 3 Idiots 
2026-09-18T04:20:00.043Z [debug][Jellyfin Sync]: Title already exists and no changes detected for The Shawshank Redemption 
2026-09-18T04:20:00.048Z [debug][Jellyfin Sync]: Title already exists and no changes detected for Nirvanna the Band the Show the Movie 
2026-09-18T04:20:00.050Z [debug][Jellyfin Sync]: Title already exists and no changes detected for Shrek 
2026-09-18T04:20:04.054Z [info][Jellyfin Sync]: Beginning to process recently added for library: Shows 
2026-09-18T04:20:04.108Z [debug][Jellyfin Sync]: Updating existing title: Game Changer 
2026-09-18T04:20:04.116Z [debug][Jellyfin Sync]: Updating existing title: Nathan for You 
2026-09-18T04:20:04.117Z [debug][Jellyfin Sync]: Updating existing title: The Pitt 
2026-09-18T04:20:04.138Z [debug][Jellyfin Sync]: Updating existing title: Adventure Time 
2026-09-18T04:20:08.140Z [info][Jellyfin Sync]: Recently Added Scan Complete 
2026-09-18T04:21:00.002Z [debug][Jobs]: Starting scheduled job: Download Sync 
2026-09-18T04:22:00.005Z [debug][Jobs]: Starting scheduled job: Download Sync 
2026-09-18T04:23:00.005Z [debug][Jobs]: Starting scheduled job: Download Sync 
2026-09-18T04:24:00.005Z [debug][Jobs]: Starting scheduled job: Download Sync 
2026-09-18T04:25:00.004Z [debug][Jobs]: Starting scheduled job: Download Sync 
2026-09-18T04:25:00.007Z [info][Jobs]: Starting scheduled job: Jellyfin Recently Added Scan 
2026-09-18T04:25:00.007Z [info][Jellyfin Sync]: Scan starting {"sessionId":"45b3285b-1456-4397-b2a5-de6b0599da01"}
2026-09-18T04:25:00.012Z [info][Jellyfin Sync]: Beginning to process recently added for library: Movies 
2026-09-18T04:25:00.041Z [debug][Jellyfin Sync]: Title already exists and no changes detected for The Shawshank Redemption 
2026-09-18T04:25:00.044Z [debug][Jellyfin Sync]: Title already exists and no changes detected for 3 Idiots 
2026-09-18T04:25:00.046Z [debug][Jellyfin Sync]: Title already exists and no changes detected for Nirvanna the Band the Show the Movie 
2026-09-18T04:25:00.049Z [debug][Jellyfin Sync]: Title already exists and no changes detected for Shrek 
2026-09-18T04:25:04.052Z [info][Jellyfin Sync]: Beginning to process recently added for library: Shows 
2026-09-18T04:25:04.108Z [debug][Jellyfin Sync]: Updating existing title: Game Changer 
2026-09-18T04:25:04.113Z [debug][Jellyfin Sync]: Updating existing title: The Pitt 
2026-09-18T04:25:04.120Z [debug][Jellyfin Sync]: Updating existing title: Nathan for You 
2026-09-18T04:25:04.141Z [debug][Jellyfin Sync]: Updating existing title: Adventure Time 
2026-09-18T04:25:08.145Z [info][Jellyfin Sync]: Recently Added Scan Complete 
2026-09-18T04:26:00.004Z [debug][Jobs]: Starting scheduled job: Download Sync 
2026-09-18T04:27:00.011Z [debug][Jobs]: Starting scheduled job: Download Sync 
2026-09-18T04:28:00.011Z [debug][Jobs]: Starting scheduled job: Download Sync 
2026-09-18T04:29:00.008Z [debug][Jobs]: Starting scheduled job: Download Sync 
2026-09-18T04:30:00.013Z [debug][Jobs]: Starting scheduled job: Download Sync 
2026-09-18T04:30:00.016Z [info][Jobs]: Starting scheduled job: Jellyfin Recently Added Scan 
2026-09-18T04:30:00.016Z [info][Jellyfin Sync]: Scan starting {"sessionId":"ca7bdb84-80e4-4085-9ec4-8a26f62c16f7"}
2026-09-18T04:30:00.021Z [info][Jellyfin Sync]: Beginning to process recently added for library: Movies 
2026-09-18T04:30:00.047Z [debug][Jellyfin Sync]: Title already exists and no changes detected for The Shawshank Redemption 
2026-09-18T04:30:00.053Z [debug][Jellyfin Sync]: Title already exists and no changes detected for 3 Idiots 
2026-09-18T04:30:00.054Z [debug][Jellyfin Sync]: Title already exists and no changes detected for Nirvanna the Band the Show the Movie 
2026-09-18T04:30:00.054Z [debug][Jellyfin Sync]: Title already exists and no changes detected for Shrek 
2026-09-18T04:30:04.057Z [info][Jellyfin Sync]: Beginning to process recently added for library: Shows 
2026-09-18T04:30:04.109Z [debug][Jellyfin Sync]: Updating existing title: Game Changer 
2026-09-18T04:30:04.116Z [debug][Jellyfin Sync]: Updating existing title: The Pitt 
2026-09-18T04:30:04.118Z [debug][Jellyfin Sync]: Updating existing title: Nathan for You 
2026-09-18T04:30:04.144Z [debug][Jellyfin Sync]: Updating existing title: Adventure Time 
2026-09-18T04:30:08.147Z [info][Jellyfin Sync]: Recently Added Scan Complete 
2026-09-18T04:31:00.013Z [debug][Jobs]: Starting scheduled job: Download Sync 
2026-09-18T04:32:00.005Z [debug][Jobs]: Starting scheduled job: Download Sync 
2026-09-18T04:33:00.001Z [debug][Jobs]: Starting scheduled job: Download Sync 
2026-09-18T04:34:00.012Z [debug][Jobs]: Starting scheduled job: Download Sync 
2026-09-18T04:35:00.005Z [debug][Jobs]: Starting scheduled job: Download Sync 
2026-09-18T04:35:00.008Z [info][Jobs]: Starting scheduled job: Jellyfin Recently Added Scan 
2026-09-18T04:35:00.008Z [info][Jellyfin Sync]: Scan starting {"sessionId":"28b6109b-ae0c-40f6-a8e1-2af1e49633f4"}
2026-09-18T04:35:00.014Z [info][Jellyfin Sync]: Beginning to process recently added for library: Movies 
2026-09-18T04:35:00.052Z [debug][Jellyfin Sync]: Title already exists and no changes detected for The Shawshank Redemption 
2026-09-18T04:35:00.053Z [debug][Jellyfin Sync]: Title already exists and no changes detected for 3 Idiots 
2026-09-18T04:35:00.056Z [debug][Jellyfin Sync]: Title already exists and no changes detected for Nirvanna the Band the Show the Movie 
2026-09-18T04:35:00.057Z [debug][Jellyfin Sync]: Title already exists and no changes detected for Shrek 
2026-09-18T04:35:04.058Z [info][Jellyfin Sync]: Beginning to process recently added for library: Shows 
2026-09-18T04:35:04.118Z [debug][Jellyfin Sync]: Updating existing title: Game Changer 
2026-09-18T04:35:04.121Z [debug][Jellyfin Sync]: Updating existing title: The Pitt 
2026-09-18T04:35:04.128Z [debug][Jellyfin Sync]: Updating existing title: Nathan for You 
2026-09-18T04:35:04.148Z [debug][Jellyfin Sync]: Updating existing title: Adventure Time 
2026-09-18T04:35:08.148Z [info][Jellyfin Sync]: Recently Added Scan Complete 
2026-09-18T04:36:00.012Z [debug][Jobs]: Starting scheduled job: Download Sync 
2026-09-18T04:37:00.011Z [debug][Jobs]: Starting scheduled job: Download Sync 
2026-09-18T04:38:00.012Z [debug][Jobs]: Starting scheduled job: Download Sync 
2026-09-18T04:39:00.011Z [debug][Jobs]: Starting scheduled job: Download Sync 
2026-09-18T04:40:00.010Z [debug][Jobs]: Starting scheduled job: Download Sync 
2026-09-18T04:40:00.015Z [info][Jobs]: Starting scheduled job: Jellyfin Recently Added Scan 
2026-09-18T04:40:00.015Z [info][Jellyfin Sync]: Scan starting {"sessionId":"3fed1a76-226f-44c9-bdf9-300b6cd2b62b"}
2026-09-18T04:40:00.019Z [info][Jellyfin Sync]: Beginning to process recently added for library: Movies 
2026-09-18T04:40:00.046Z [debug][Jellyfin Sync]: Title already exists and no changes detected for The Shawshank Redemption 
2026-09-18T04:40:00.050Z [debug][Jellyfin Sync]: Title already exists and no changes detected for Shrek 
2026-09-18T04:40:00.053Z [debug][Jellyfin Sync]: Title already exists and no changes detected for 3 Idiots 
2026-09-18T04:40:00.055Z [debug][Jellyfin Sync]: Title already exists and no changes detected for Nirvanna the Band the Show the Movie 
2026-09-18T04:40:04.054Z [info][Jellyfin Sync]: Beginning to process recently added for library: Shows 
2026-09-18T04:40:04.118Z [debug][Jellyfin Sync]: Updating existing title: Game Changer 
2026-09-18T04:40:04.132Z [debug][Jellyfin Sync]: Updating existing title: The Pitt 
2026-09-18T04:40:04.136Z [debug][Jellyfin Sync]: Updating existing title: Nathan for You 
2026-09-18T04:40:04.178Z [debug][Jellyfin Sync]: Updating existing title: Adventure Time 
2026-09-18T04:40:08.181Z [info][Jellyfin Sync]: Recently Added Scan Complete 
2026-09-18T04:41:00.011Z [debug][Jobs]: Starting scheduled job: Download Sync 
2026-09-18T04:42:00.010Z [debug][Jobs]: Starting scheduled job: Download Sync 
2026-09-18T04:43:00.006Z [debug][Jobs]: Starting scheduled job: Download Sync 
2026-09-18T04:44:00.011Z [debug][Jobs]: Starting scheduled job: Download Sync 
2026-09-18T04:45:00.011Z [debug][Jobs]: Starting scheduled job: Download Sync 
2026-09-18T04:45:00.015Z [info][Jobs]: Starting scheduled job: Jellyfin Recently Added Scan 
2026-09-18T04:45:00.015Z [info][Jellyfin Sync]: Scan starting {"sessionId":"87a17dc6-6128-47f0-bbbc-8fb20a064ea2"}
2026-09-18T04:45:00.020Z [info][Jellyfin Sync]: Beginning to process recently added for library: Movies 
2026-09-18T04:45:00.046Z [debug][Jellyfin Sync]: Title already exists and no changes detected for The Shawshank Redemption 
2026-09-18T04:45:00.048Z [debug][Jellyfin Sync]: Title already exists and no changes detected for Nirvanna the Band the Show the Movie 
2026-09-18T04:45:00.051Z [debug][Jellyfin Sync]: Title already exists and no changes detected for 3 Idiots 
2026-09-18T04:45:00.053Z [debug][Jellyfin Sync]: Title already exists and no changes detected for Shrek 
2026-09-18T04:45:04.057Z [info][Jellyfin Sync]: Beginning to process recently added for library: Shows 
2026-09-18T04:45:04.107Z [debug][Jellyfin Sync]: Updating existing title: Game Changer 
2026-09-18T04:45:04.114Z [debug][Jellyfin Sync]: Updating existing title: The Pitt 
2026-09-18T04:45:04.115Z [debug][Jellyfin Sync]: Updating existing title: Nathan for You 
2026-09-18T04:45:04.141Z [debug][Jellyfin Sync]: Updating existing title: Adventure Time 
2026-09-18T04:45:08.144Z [info][Jellyfin Sync]: Recently Added Scan Complete 
2026-09-18T04:46:00.004Z [debug][Jobs]: Starting scheduled job: Download Sync 
2026-09-18T04:47:00.012Z [debug][Jobs]: Starting scheduled job: Download Sync 
2026-09-18T04:48:00.010Z [debug][Jobs]: Starting scheduled job: Download Sync 
2026-09-18T04:49:00.011Z [debug][Jobs]: Starting scheduled job: Download Sync 
2026-09-18T04:50:00.011Z [debug][Jobs]: Starting scheduled job: Download Sync 
2026-09-18T04:50:00.018Z [info][Jobs]: Starting scheduled job: Jellyfin Recently Added Scan 
2026-09-18T04:50:00.019Z [info][Jellyfin Sync]: Scan starting {"sessionId":"4b01a79e-db5d-439b-9f66-46c41ffe0694"}
2026-09-18T04:50:00.030Z [info][Jellyfin Sync]: Beginning to process recently added for library: Movies 
2026-09-18T04:50:00.069Z [debug][Jellyfin Sync]: Title already exists and no changes detected for The Shawshank Redemption 
2026-09-18T04:50:00.073Z [debug][Jellyfin Sync]: Title already exists and no changes detected for 3 Idiots 
2026-09-18T04:50:00.077Z [debug][Jellyfin Sync]: Title already exists and no changes detected for Nirvanna the Band the Show the Movie 
2026-09-18T04:50:00.077Z [debug][Jellyfin Sync]: Title already exists and no changes detected for Shrek 
2026-09-18T04:50:04.082Z [info][Jellyfin Sync]: Beginning to process recently added for library: Shows 
2026-09-18T04:50:04.136Z [debug][Jellyfin Sync]: Updating existing title: The Pitt 
2026-09-18T04:50:04.140Z [debug][Jellyfin Sync]: Updating existing title: Game Changer 
2026-09-18T04:50:04.142Z [debug][Jellyfin Sync]: Updating existing title: Nathan for You 
2026-09-18T04:50:04.171Z [debug][Jellyfin Sync]: Updating existing title: Adventure Time 
2026-09-18T04:50:08.174Z [info][Jellyfin Sync]: Recently Added Scan Complete 
2026-09-18T04:51:00.008Z [debug][Jobs]: Starting scheduled job: Download Sync 
2026-09-18T04:52:00.011Z [debug][Jobs]: Starting scheduled job: Download Sync 
2026-09-18T04:53:00.006Z [debug][Jobs]: Starting scheduled job: Download Sync 
2026-09-18T04:54:00.011Z [debug][Jobs]: Starting scheduled job: Download Sync 
2026-09-18T04:55:00.008Z [debug][Jobs]: Starting scheduled job: Download Sync 
2026-09-18T04:55:00.010Z [info][Jobs]: Starting scheduled job: Jellyfin Recently Added Scan 
2026-09-18T04:55:00.010Z [info][Jellyfin Sync]: Scan starting {"sessionId":"3f314b11-7756-4b37-abed-fa5592e32e04"}
2026-09-18T04:55:00.017Z [info][Jellyfin Sync]: Beginning to process recently added for library: Movies 
2026-09-18T04:55:00.050Z [debug][Jellyfin Sync]: Title already exists and no changes detected for The Shawshank Redemption 
2026-09-18T04:55:00.050Z [debug][Jellyfin Sync]: Title already exists and no changes detected for Nirvanna the Band the Show the Movie 
2026-09-18T04:55:00.053Z [debug][Jellyfin Sync]: Title already exists and no changes detected for Shrek 
2026-09-18T04:55:00.055Z [debug][Jellyfin Sync]: Title already exists and no changes detected for 3 Idiots 
2026-09-18T04:55:04.056Z [info][Jellyfin Sync]: Beginning to process recently added for library: Shows 
2026-09-18T04:55:04.108Z [debug][Jellyfin Sync]: Updating existing title: Game Changer 
2026-09-18T04:55:04.114Z [debug][Jellyfin Sync]: Updating existing title: The Pitt 
2026-09-18T04:55:04.118Z [debug][Jellyfin Sync]: Updating existing title: Nathan for You 
2026-09-18T04:55:04.142Z [debug][Jellyfin Sync]: Updating existing title: Adventure Time 
2026-09-18T04:55:08.142Z [info][Jellyfin Sync]: Recently Added Scan Complete 
2026-09-18T04:56:00.010Z [debug][Jobs]: Starting scheduled job: Download Sync 
2026-09-18T04:57:00.008Z [debug][Jobs]: Starting scheduled job: Download Sync 
2026-09-18T04:58:00.010Z [debug][Jobs]: Starting scheduled job: Download Sync 
2026-09-18T04:59:00.010Z [debug][Jobs]: Starting scheduled job: Download Sync 
2026-09-18T05:00:00.008Z [debug][Jobs]: Starting scheduled job: Download Sync 
2026-09-18T05:00:00.012Z [info][Jobs]: Starting scheduled job: Jellyfin Recently Added Scan 
2026-09-18T05:00:00.013Z [info][Jellyfin Sync]: Scan starting {"sessionId":"064e5b3a-8994-4671-a63d-a9d5bf1256b5"}
2026-09-18T05:00:00.019Z [info][Jellyfin Sync]: Beginning to process recently added for library: Movies 
2026-09-18T05:00:00.054Z [debug][Jellyfin Sync]: Title already exists and no changes detected for Nirvanna the Band the Show the Movie 
2026-09-18T05:00:00.054Z [debug][Jellyfin Sync]: Title already exists and no changes detected for 3 Idiots 
2026-09-18T05:00:00.055Z [debug][Jellyfin Sync]: Title already exists and no changes detected for The Shawshank Redemption 
2026-09-18T05:00:00.056Z [debug][Jellyfin Sync]: Title already exists and no changes detected for Shrek 
2026-09-18T05:00:04.061Z [info][Jellyfin Sync]: Beginning to process recently added for library: Shows 
2026-09-18T05:00:04.119Z [debug][Jellyfin Sync]: Updating existing title: Game Changer 
2026-09-18T05:00:04.127Z [debug][Jellyfin Sync]: Updating existing title: The Pitt 
2026-09-18T05:00:04.127Z [debug][Jellyfin Sync]: Updating existing title: Nathan for You 
2026-09-18T05:00:04.153Z [debug][Jellyfin Sync]: Updating existing title: Adventure Time 
2026-09-18T05:00:08.156Z [info][Jellyfin Sync]: Recently Added Scan Complete 
2026-09-18T05:01:00.010Z [debug][Jobs]: Starting scheduled job: Download Sync 
2026-09-18T05:02:00.009Z [debug][Jobs]: Starting scheduled job: Download Sync 
2026-09-18T05:03:00.012Z [debug][Jobs]: Starting scheduled job: Download Sync 
2026-09-18T05:04:00.008Z [debug][Jobs]: Starting scheduled job: Download Sync 
2026-09-18T05:05:00.007Z [debug][Jobs]: Starting scheduled job: Download Sync 
2026-09-18T05:05:00.012Z [info][Jobs]: Starting scheduled job: Jellyfin Recently Added Scan 
2026-09-18T05:05:00.012Z [info][Jellyfin Sync]: Scan starting {"sessionId":"a3ae46fe-dfaa-46d1-9ba5-3a172c7ad6cd"}
2026-09-18T05:05:00.018Z [info][Jellyfin Sync]: Beginning to process recently added for library: Movies 
2026-09-18T05:05:00.041Z [debug][Jellyfin Sync]: Title already exists and no changes detected for The Shawshank Redemption 
2026-09-18T05:05:00.050Z [debug][Jellyfin Sync]: Title already exists and no changes detected for Shrek 
2026-09-18T05:05:00.054Z [debug][Jellyfin Sync]: Title already exists and no changes detected for 3 Idiots 
2026-09-18T05:05:00.055Z [debug][Jellyfin Sync]: Title already exists and no changes detected for Nirvanna the Band the Show the Movie 
2026-09-18T05:05:04.060Z [info][Jellyfin Sync]: Beginning to process recently added for library: Shows 
2026-09-18T05:05:04.138Z [debug][Jellyfin Sync]: Updating existing title: Game Changer 
2026-09-18T05:05:04.147Z [debug][Jellyfin Sync]: Updating existing title: The Pitt 
2026-09-18T05:05:04.154Z [debug][Jellyfin Sync]: Updating existing title: Nathan for You 
2026-09-18T05:05:04.179Z [debug][Jellyfin Sync]: Updating existing title: Adventure Time 
2026-09-18T05:05:08.180Z [info][Jellyfin Sync]: Recently Added Scan Complete 
2026-09-18T05:06:00.002Z [debug][Jobs]: Starting scheduled job: Download Sync 
2026-09-18T05:07:00.007Z [debug][Jobs]: Starting scheduled job: Download Sync 
2026-09-18T05:08:00.003Z [debug][Jobs]: Starting scheduled job: Download Sync 
2026-09-18T05:09:00.007Z [debug][Jobs]: Starting scheduled job: Download Sync 
2026-09-18T05:10:00.006Z [debug][Jobs]: Starting scheduled job: Download Sync 
2026-09-18T05:10:00.008Z [info][Jobs]: Starting scheduled job: Jellyfin Recently Added Scan 
2026-09-18T05:10:00.009Z [info][Jellyfin Sync]: Scan starting {"sessionId":"c0341292-299e-4428-a95c-25b3fa284227"}
2026-09-18T05:10:00.012Z [info][Jellyfin Sync]: Beginning to process recently added for library: Movies 
2026-09-18T05:10:00.047Z [debug][Jellyfin Sync]: Title already exists and no changes detected for 3 Idiots 
2026-09-18T05:10:00.050Z [debug][Jellyfin Sync]: Title already exists and no changes detected for The Shawshank Redemption 
2026-09-18T05:10:00.051Z [debug][Jellyfin Sync]: Title already exists and no changes detected for Nirvanna the Band the Show the Movie 
2026-09-18T05:10:00.051Z [debug][Jellyfin Sync]: Title already exists and no changes detected for Shrek 
2026-09-18T05:10:04.056Z [info][Jellyfin Sync]: Beginning to process recently added for library: Shows 
2026-09-18T05:10:04.109Z [debug][Jellyfin Sync]: Updating existing title: Game Changer 
2026-09-18T05:10:04.114Z [debug][Jellyfin Sync]: Updating existing title: The Pitt 
2026-09-18T05:10:04.118Z [debug][Jellyfin Sync]: Updating existing title: Nathan for You 
2026-09-18T05:10:04.140Z [debug][Jellyfin Sync]: Updating existing title: Adventure Time 
2026-09-18T05:10:08.144Z [info][Jellyfin Sync]: Recently Added Scan Complete 
2026-09-18T05:11:00.006Z [debug][Jobs]: Starting scheduled job: Download Sync 
2026-09-18T05:12:00.007Z [debug][Jobs]: Starting scheduled job: Download Sync 
2026-09-18T05:13:00.007Z [debug][Jobs]: Starting scheduled job: Download Sync 
2026-09-18T05:14:00.005Z [debug][Jobs]: Starting scheduled job: Download Sync 
2026-09-18T05:15:00.005Z [debug][Jobs]: Starting scheduled job: Download Sync 
2026-09-18T05:15:00.010Z [info][Jobs]: Starting scheduled job: Jellyfin Recently Added Scan 
2026-09-18T05:15:00.010Z [info][Jellyfin Sync]: Scan starting {"sessionId":"3b6c57f1-b137-436f-b164-9b82bd6da19d"}
2026-09-18T05:15:00.015Z [info][Jellyfin Sync]: Beginning to process recently added for library: Movies 
2026-09-18T05:15:00.047Z [debug][Jellyfin Sync]: Title already exists and no changes detected for The Shawshank Redemption 
2026-09-18T05:15:00.050Z [debug][Jellyfin Sync]: Title already exists and no changes detected for Shrek 
2026-09-18T05:15:00.051Z [debug][Jellyfin Sync]: Title already exists and no changes detected for 3 Idiots 
2026-09-18T05:15:00.053Z [debug][Jellyfin Sync]: Title already exists and no changes detected for Nirvanna the Band the Show the Movie 
2026-09-18T05:15:04.058Z [info][Jellyfin Sync]: Beginning to process recently added for library: Shows 
2026-09-18T05:15:04.106Z [debug][Jellyfin Sync]: Updating existing title: Game Changer 
2026-09-18T05:15:04.114Z [debug][Jellyfin Sync]: Updating existing title: The Pitt 
2026-09-18T05:15:04.120Z [debug][Jellyfin Sync]: Updating existing title: Nathan for You 
2026-09-18T05:15:04.144Z [debug][Jellyfin Sync]: Updating existing title: Adventure Time 
2026-09-18T05:15:08.147Z [info][Jellyfin Sync]: Recently Added Scan Complete 
2026-09-18T05:16:00.004Z [debug][Jobs]: Starting scheduled job: Download Sync 
2026-09-18T05:17:00.006Z [debug][Jobs]: Starting scheduled job: Download Sync 
2026-09-18T05:18:00.005Z [debug][Jobs]: Starting scheduled job: Download Sync 
2026-09-18T05:19:00.005Z [debug][Jobs]: Starting scheduled job: Download Sync 
2026-09-18T05:20:00.003Z [debug][Jobs]: Starting scheduled job: Download Sync 
2026-09-18T05:20:00.007Z [info][Jobs]: Starting scheduled job: Jellyfin Recently Added Scan 
2026-09-18T05:20:00.007Z [info][Jellyfin Sync]: Scan starting {"sessionId":"2aea96f4-b0e7-407c-a375-929ab555d04b"}
2026-09-18T05:20:00.012Z [info][Jellyfin Sync]: Beginning to process recently added for library: Movies 
2026-09-18T05:20:00.036Z [debug][Jellyfin Sync]: Title already exists and no changes detected for The Shawshank Redemption 
2026-09-18T05:20:00.045Z [debug][Jellyfin Sync]: Title already exists and no changes detected for Nirvanna the Band the Show the Movie 
2026-09-18T05:20:00.047Z [debug][Jellyfin Sync]: Title already exists and no changes detected for Shrek 
2026-09-18T05:20:00.047Z [debug][Jellyfin Sync]: Title already exists and no changes detected for 3 Idiots 
2026-09-18T05:20:04.052Z [info][Jellyfin Sync]: Beginning to process recently added for library: Shows 
2026-09-18T05:20:04.102Z [debug][Jellyfin Sync]: Updating existing title: Game Changer 
2026-09-18T05:20:04.107Z [debug][Jellyfin Sync]: Updating existing title: The Pitt 
2026-09-18T05:20:04.109Z [debug][Jellyfin Sync]: Updating existing title: Nathan for You 
2026-09-18T05:20:04.139Z [debug][Jellyfin Sync]: Updating existing title: Adventure Time 
2026-09-18T05:20:08.142Z [info][Jellyfin Sync]: Recently Added Scan Complete 
2026-09-18T05:21:00.002Z [debug][Jobs]: Starting scheduled job: Download Sync 
2026-09-18T05:22:00.005Z [debug][Jobs]: Starting scheduled job: Download Sync 
2026-09-18T05:23:00.005Z [debug][Jobs]: Starting scheduled job: Download Sync 
2026-09-18T05:24:00.004Z [debug][Jobs]: Starting scheduled job: Download Sync 
2026-09-18T05:25:00.003Z [debug][Jobs]: Starting scheduled job: Download Sync 
2026-09-18T05:25:00.011Z [info][Jobs]: Starting scheduled job: Jellyfin Recently Added Scan 
2026-09-18T05:25:00.011Z [info][Jellyfin Sync]: Scan starting {"sessionId":"45c8cfd9-447e-460f-9530-6f217a54d618"}
2026-09-18T05:25:00.020Z [info][Jellyfin Sync]: Beginning to process recently added for library: Movies 
2026-09-18T05:25:00.050Z [debug][Jellyfin Sync]: Title already exists and no changes detected for 3 Idiots 
2026-09-18T05:25:00.050Z [debug][Jellyfin Sync]: Title already exists and no changes detected for The Shawshank Redemption 
2026-09-18T05:25:00.051Z [debug][Jellyfin Sync]: Title already exists and no changes detected for Shrek 
2026-09-18T05:25:00.054Z [debug][Jellyfin Sync]: Title already exists and no changes detected for Nirvanna the Band the Show the Movie 
2026-09-18T05:25:04.059Z [info][Jellyfin Sync]: Beginning to process recently added for library: Shows 
2026-09-18T05:25:04.139Z [debug][Jellyfin Sync]: Updating existing title: Game Changer 
2026-09-18T05:25:04.142Z [debug][Jellyfin Sync]: Updating existing title: The Pitt 
2026-09-18T05:25:04.147Z [debug][Jellyfin Sync]: Updating existing title: Nathan for You 
2026-09-18T05:25:04.171Z [debug][Jellyfin Sync]: Updating existing title: Adventure Time 
2026-09-18T05:25:08.175Z [info][Jellyfin Sync]: Recently Added Scan Complete 
2026-09-18T05:26:00.003Z [debug][Jobs]: Starting scheduled job: Download Sync 
2026-09-18T05:27:00.011Z [debug][Jobs]: Starting scheduled job: Download Sync 
2026-09-18T05:28:00.011Z [debug][Jobs]: Starting scheduled job: Download Sync 
2026-09-18T05:29:00.012Z [debug][Jobs]: Starting scheduled job: Download Sync 
2026-09-18T05:30:00.010Z [debug][Jobs]: Starting scheduled job: Download Sync 
2026-09-18T05:30:00.013Z [info][Jobs]: Starting scheduled job: Jellyfin Recently Added Scan 
2026-09-18T05:30:00.013Z [info][Jellyfin Sync]: Scan starting {"sessionId":"2072bba7-fe4a-478f-9be7-31323db52f07"}
2026-09-18T05:30:00.018Z [info][Jellyfin Sync]: Beginning to process recently added for library: Movies 
2026-09-18T05:30:00.063Z [debug][Jellyfin Sync]: Title already exists and no changes detected for The Shawshank Redemption 
2026-09-18T05:30:00.065Z [debug][Jellyfin Sync]: Title already exists and no changes detected for 3 Idiots 
2026-09-18T05:30:00.065Z [debug][Jellyfin Sync]: Title already exists and no changes detected for Nirvanna the Band the Show the Movie 
2026-09-18T05:30:00.066Z [debug][Jellyfin Sync]: Title already exists and no changes detected for Shrek 
2026-09-18T05:30:04.066Z [info][Jellyfin Sync]: Beginning to process recently added for library: Shows 
2026-09-18T05:30:04.120Z [debug][Jellyfin Sync]: Updating existing title: Game Changer 
2026-09-18T05:30:04.136Z [debug][Jellyfin Sync]: Updating existing title: The Pitt 
2026-09-18T05:30:04.142Z [debug][Jellyfin Sync]: Updating existing title: Nathan for You 
2026-09-18T05:30:04.181Z [debug][Jellyfin Sync]: Updating existing title: Adventure Time 
2026-09-18T05:30:08.185Z [info][Jellyfin Sync]: Recently Added Scan Complete 
2026-09-18T05:31:00.012Z [debug][Jobs]: Starting scheduled job: Download Sync 
2026-09-18T05:32:00.010Z [debug][Jobs]: Starting scheduled job: Download Sync 
2026-09-18T05:33:00.011Z [debug][Jobs]: Starting scheduled job: Download Sync 
2026-09-18T05:34:00.010Z [debug][Jobs]: Starting scheduled job: Download Sync 
2026-09-18T05:35:00.012Z [debug][Jobs]: Starting scheduled job: Download Sync 
2026-09-18T05:35:00.014Z [info][Jobs]: Starting scheduled job: Jellyfin Recently Added Scan 
2026-09-18T05:35:00.014Z [info][Jellyfin Sync]: Scan starting {"sessionId":"260d2a83-fbd8-4bf5-8949-712a434c2d71"}
2026-09-18T05:35:00.020Z [info][Jellyfin Sync]: Beginning to process recently added for library: Movies 
2026-09-18T05:35:00.048Z [debug][Jellyfin Sync]: Title already exists and no changes detected for 3 Idiots 
2026-09-18T05:35:00.049Z [debug][Jellyfin Sync]: Title already exists and no changes detected for The Shawshank Redemption 
2026-09-18T05:35:00.054Z [debug][Jellyfin Sync]: Title already exists and no changes detected for Shrek 
2026-09-18T05:35:00.054Z [debug][Jellyfin Sync]: Title already exists and no changes detected for Nirvanna the Band the Show the Movie 
2026-09-18T05:35:04.055Z [info][Jellyfin Sync]: Beginning to process recently added for library: Shows 
2026-09-18T05:35:04.139Z [debug][Jellyfin Sync]: Updating existing title: Game Changer 
2026-09-18T05:35:04.145Z [debug][Jellyfin Sync]: Updating existing title: The Pitt 
2026-09-18T05:35:04.146Z [debug][Jellyfin Sync]: Updating existing title: Nathan for You 
2026-09-18T05:35:04.171Z [debug][Jellyfin Sync]: Updating existing title: Adventure Time 
2026-09-18T05:35:08.171Z [info][Jellyfin Sync]: Recently Added Scan Complete 
2026-09-18T05:36:00.012Z [debug][Jobs]: Starting scheduled job: Download Sync 
2026-09-18T05:37:00.013Z [debug][Jobs]: Starting scheduled job: Download Sync 
2026-09-18T05:38:00.007Z [debug][Jobs]: Starting scheduled job: Download Sync 
2026-09-18T05:39:00.009Z [debug][Jobs]: Starting scheduled job: Download Sync 
2026-09-18T05:40:00.009Z [debug][Jobs]: Starting scheduled job: Download Sync 
2026-09-18T05:40:00.015Z [info][Jobs]: Starting scheduled job: Jellyfin Recently Added Scan 
2026-09-18T05:40:00.015Z [info][Jellyfin Sync]: Scan starting {"sessionId":"1f4ea1ad-d37d-4c94-8f90-87c32bf92f33"}
2026-09-18T05:40:00.024Z [info][Jellyfin Sync]: Beginning to process recently added for library: Movies 
2026-09-18T05:40:00.054Z [debug][Jellyfin Sync]: Title already exists and no changes detected for Nirvanna the Band the Show the Movie 
2026-09-18T05:40:00.054Z [debug][Jellyfin Sync]: Title already exists and no changes detected for 3 Idiots 
2026-09-18T05:40:00.054Z [debug][Jellyfin Sync]: Title already exists and no changes detected for The Shawshank Redemption 
2026-09-18T05:40:00.056Z [debug][Jellyfin Sync]: Title already exists and no changes detected for Shrek 
2026-09-18T05:40:04.056Z [info][Jellyfin Sync]: Beginning to process recently added for library: Shows 
2026-09-18T05:40:04.102Z [debug][Jellyfin Sync]: Updating existing title: Game Changer 
2026-09-18T05:40:04.110Z [debug][Jellyfin Sync]: Updating existing title: The Pitt 
2026-09-18T05:40:04.113Z [debug][Jellyfin Sync]: Updating existing title: Nathan for You 
2026-09-18T05:40:04.139Z [debug][Jellyfin Sync]: Updating existing title: Adventure Time 
2026-09-18T05:40:08.142Z [info][Jellyfin Sync]: Recently Added Scan Complete 
2026-09-18T05:41:00.010Z [debug][Jobs]: Starting scheduled job: Download Sync 
2026-09-18T05:42:00.012Z [debug][Jobs]: Starting scheduled job: Download Sync 
2026-09-18T05:43:00.008Z [debug][Jobs]: Starting scheduled job: Download Sync 
2026-09-18T05:44:00.009Z [debug][Jobs]: Starting scheduled job: Download Sync 
2026-09-18T05:45:00.011Z [debug][Jobs]: Starting scheduled job: Download Sync 
2026-09-18T05:45:00.014Z [info][Jobs]: Starting scheduled job: Jellyfin Recently Added Scan 
2026-09-18T05:45:00.014Z [info][Jellyfin Sync]: Scan starting {"sessionId":"4b859e59-5afa-46bd-a923-6673c5837db3"}
2026-09-18T05:45:00.019Z [info][Jellyfin Sync]: Beginning to process recently added for library: Movies 
2026-09-18T05:45:00.045Z [debug][Jellyfin Sync]: Title already exists and no changes detected for 3 Idiots 
2026-09-18T05:45:00.050Z [debug][Jellyfin Sync]: Title already exists and no changes detected for Nirvanna the Band the Show the Movie 
2026-09-18T05:45:00.051Z [debug][Jellyfin Sync]: Title already exists and no changes detected for The Shawshank Redemption 
2026-09-18T05:45:00.054Z [debug][Jellyfin Sync]: Title already exists and no changes detected for Shrek 
2026-09-18T05:45:04.060Z [info][Jellyfin Sync]: Beginning to process recently added for library: Shows 
2026-09-18T05:45:04.118Z [debug][Jellyfin Sync]: Updating existing title: Game Changer 
2026-09-18T05:45:04.121Z [debug][Jellyfin Sync]: Updating existing title: The Pitt 
2026-09-18T05:45:04.125Z [debug][Jellyfin Sync]: Updating existing title: Nathan for You 
2026-09-18T05:45:04.149Z [debug][Jellyfin Sync]: Updating existing title: Adventure Time 
2026-09-18T05:45:08.153Z [info][Jellyfin Sync]: Recently Added Scan Complete 
2026-09-18T05:46:00.012Z [debug][Jobs]: Starting scheduled job: Download Sync 
2026-09-18T05:47:00.011Z [debug][Jobs]: Starting scheduled job: Download Sync 
2026-09-18T05:48:00.010Z [debug][Jobs]: Starting scheduled job: Download Sync 
2026-09-18T05:49:00.006Z [debug][Jobs]: Starting scheduled job: Download Sync 
2026-09-18T05:50:00.012Z [debug][Jobs]: Starting scheduled job: Download Sync 
2026-09-18T05:50:00.014Z [info][Jobs]: Starting scheduled job: Jellyfin Recently Added Scan 
2026-09-18T05:50:00.015Z [info][Jellyfin Sync]: Scan starting {"sessionId":"375712f3-3bb9-44ff-a672-52b500d09d1e"}
2026-09-18T05:50:00.020Z [info][Jellyfin Sync]: Beginning to process recently added for library: Movies 
2026-09-18T05:50:00.052Z [debug][Jellyfin Sync]: Title already exists and no changes detected for The Shawshank Redemption 
2026-09-18T05:50:00.055Z [debug][Jellyfin Sync]: Title already exists and no changes detected for 3 Idiots 
2026-09-18T05:50:00.057Z [debug][Jellyfin Sync]: Title already exists and no changes detected for Nirvanna the Band the Show the Movie 
2026-09-18T05:50:00.059Z [debug][Jellyfin Sync]: Title already exists and no changes detected for Shrek 
2026-09-18T05:50:04.063Z [info][Jellyfin Sync]: Beginning to process recently added for library: Shows 
2026-09-18T05:50:04.118Z [debug][Jellyfin Sync]: Updating existing title: Game Changer 
2026-09-18T05:50:04.124Z [debug][Jellyfin Sync]: Updating existing title: The Pitt 
2026-09-18T05:50:04.127Z [debug][Jellyfin Sync]: Updating existing title: Nathan for You 
2026-09-18T05:50:04.154Z [debug][Jellyfin Sync]: Updating existing title: Adventure Time 
2026-09-18T05:50:08.155Z [info][Jellyfin Sync]: Recently Added Scan Complete 
2026-09-18T05:51:00.012Z [debug][Jobs]: Starting scheduled job: Download Sync 
2026-09-18T05:52:00.010Z [debug][Jobs]: Starting scheduled job: Download Sync 
2026-09-18T05:53:00.009Z [debug][Jobs]: Starting scheduled job: Download Sync 
2026-09-18T05:54:00.010Z [debug][Jobs]: Starting scheduled job: Download Sync 
2026-09-18T05:55:00.011Z [debug][Jobs]: Starting scheduled job: Download Sync 
2026-09-18T05:55:00.014Z [info][Jobs]: Starting scheduled job: Jellyfin Recently Added Scan 
2026-09-18T05:55:00.015Z [info][Jellyfin Sync]: Scan starting {"sessionId":"2f9f0163-c15d-4931-9c5b-508fd35b1974"}
2026-09-18T05:55:00.019Z [info][Jellyfin Sync]: Beginning to process recently added for library: Movies 
2026-09-18T05:55:00.047Z [debug][Jellyfin Sync]: Title already exists and no changes detected for The Shawshank Redemption 
2026-09-18T05:55:00.048Z [debug][Jellyfin Sync]: Title already exists and no changes detected for 3 Idiots 
2026-09-18T05:55:00.055Z [debug][Jellyfin Sync]: Title already exists and no changes detected for Shrek 
2026-09-18T05:55:00.056Z [debug][Jellyfin Sync]: Title already exists and no changes detected for Nirvanna the Band the Show the Movie 
2026-09-18T05:55:04.060Z [info][Jellyfin Sync]: Beginning to process recently added for library: Shows 
2026-09-18T05:55:04.120Z [debug][Jellyfin Sync]: Updating existing title: Game Changer 
2026-09-18T05:55:04.135Z [debug][Jellyfin Sync]: Updating existing title: The Pitt 
2026-09-18T05:55:04.138Z [debug][Jellyfin Sync]: Updating existing title: Nathan for You 
2026-09-18T05:55:04.182Z [debug][Jellyfin Sync]: Updating existing title: Adventure Time 
2026-09-18T05:55:08.182Z [info][Jellyfin Sync]: Recently Added Scan Complete 
2026-09-18T05:56:00.012Z [debug][Jobs]: Starting scheduled job: Download Sync 
2026-09-18T05:57:00.010Z [debug][Jobs]: Starting scheduled job: Download Sync 
2026-09-18T05:58:00.009Z [debug][Jobs]: Starting scheduled job: Download Sync 
2026-09-18T05:59:00.009Z [debug][Jobs]: Starting scheduled job: Download Sync 
2026-09-18T06:00:00.009Z [debug][Jobs]: Starting scheduled job: Download Sync 
2026-09-18T06:00:00.013Z [info][Jobs]: Starting scheduled job: Jellyfin Recently Added Scan 
2026-09-18T06:00:00.013Z [info][Jellyfin Sync]: Scan starting {"sessionId":"baae1b2a-0772-4eff-81f5-fc57da5c9f66"}
2026-09-18T06:00:00.017Z [info][Jellyfin Sync]: Beginning to process recently added for library: Movies 
2026-09-18T06:00:00.042Z [debug][Jellyfin Sync]: Title already exists and no changes detected for The Shawshank Redemption 
2026-09-18T06:00:00.045Z [debug][Jellyfin Sync]: Title already exists and no changes detected for 3 Idiots 
2026-09-18T06:00:00.052Z [debug][Jellyfin Sync]: Title already exists and no changes detected for Nirvanna the Band the Show the Movie 
2026-09-18T06:00:00.053Z [debug][Jellyfin Sync]: Title already exists and no changes detected for Shrek 
2026-09-18T06:00:04.057Z [info][Jellyfin Sync]: Beginning to process recently added for library: Shows 
2026-09-18T06:00:04.143Z [debug][Jellyfin Sync]: Updating existing title: The Pitt 
2026-09-18T06:00:04.144Z [debug][Jellyfin Sync]: Updating existing title: Game Changer 
2026-09-18T06:00:04.148Z [debug][Jellyfin Sync]: Updating existing title: Nathan for You 
2026-09-18T06:00:04.173Z [debug][Jellyfin Sync]: Updating existing title: Adventure Time 
2026-09-18T06:00:08.176Z [info][Jellyfin Sync]: Recently Added Scan Complete 
2026-09-18T06:01:00.008Z [debug][Jobs]: Starting scheduled job: Download Sync 
2026-09-18T06:02:00.010Z [debug][Jobs]: Starting scheduled job: Download Sync 
2026-09-18T06:03:00.003Z [debug][Jobs]: Starting scheduled job: Download Sync 
2026-09-18T06:04:00.008Z [debug][Jobs]: Starting scheduled job: Download Sync 
2026-09-18T06:05:00.009Z [debug][Jobs]: Starting scheduled job: Download Sync 
2026-09-18T06:05:00.013Z [info][Jobs]: Starting scheduled job: Jellyfin Recently Added Scan 
2026-09-18T06:05:00.013Z [info][Jellyfin Sync]: Scan starting {"sessionId":"b78026f9-3481-4dfc-9c97-1c5a43906b16"}
2026-09-18T06:05:00.018Z [info][Jellyfin Sync]: Beginning to process recently added for library: Movies 
2026-09-18T06:05:00.041Z [debug][Jellyfin Sync]: Title already exists and no changes detected for The Shawshank Redemption 
2026-09-18T06:05:00.046Z [debug][Jellyfin Sync]: Title already exists and no changes detected for 3 Idiots 
2026-09-18T06:05:00.049Z [debug][Jellyfin Sync]: Title already exists and no changes detected for Shrek 
2026-09-18T06:05:00.050Z [debug][Jellyfin Sync]: Title already exists and no changes detected for Nirvanna the Band the Show the Movie 
2026-09-18T06:05:04.054Z [info][Jellyfin Sync]: Beginning to process recently added for library: Shows 
2026-09-18T06:05:04.117Z [debug][Jellyfin Sync]: Updating existing title: Game Changer 
2026-09-18T06:05:04.118Z [debug][Jellyfin Sync]: Updating existing title: The Pitt 
2026-09-18T06:05:04.121Z [debug][Jellyfin Sync]: Updating existing title: Nathan for You 
2026-09-18T06:05:04.145Z [debug][Jellyfin Sync]: Updating existing title: Adventure Time 
2026-09-18T06:05:08.145Z [info][Jellyfin Sync]: Recently Added Scan Complete 
2026-09-18T06:06:00.006Z [debug][Jobs]: Starting scheduled job: Download Sync 
2026-09-18T06:07:00.006Z [debug][Jobs]: Starting scheduled job: Download Sync 
2026-09-18T06:08:00.001Z [debug][Jobs]: Starting scheduled job: Download Sync 
2026-09-18T06:09:00.007Z [debug][Jobs]: Starting scheduled job: Download Sync 
2026-09-18T06:10:00.006Z [debug][Jobs]: Starting scheduled job: Download Sync 
2026-09-18T06:10:00.011Z [info][Jobs]: Starting scheduled job: Jellyfin Recently Added Scan 
2026-09-18T06:10:00.012Z [info][Jellyfin Sync]: Scan starting {"sessionId":"35bc7cb0-f78f-464d-bf0f-54374a65efd5"}
2026-09-18T06:10:00.019Z [info][Jellyfin Sync]: Beginning to process recently added for library: Movies 
2026-09-18T06:10:00.043Z [debug][Jellyfin Sync]: Title already exists and no changes detected for The Shawshank Redemption 
2026-09-18T06:10:00.048Z [debug][Jellyfin Sync]: Title already exists and no changes detected for Shrek 
2026-09-18T06:10:00.050Z [debug][Jellyfin Sync]: Title already exists and no changes detected for 3 Idiots 
2026-09-18T06:10:00.051Z [debug][Jellyfin Sync]: Title already exists and no changes detected for Nirvanna the Band the Show the Movie 
2026-09-18T06:10:04.055Z [info][Jellyfin Sync]: Beginning to process recently added for library: Shows 
2026-09-18T06:10:04.108Z [debug][Jellyfin Sync]: Updating existing title: Game Changer 
2026-09-18T06:10:04.112Z [debug][Jellyfin Sync]: Updating existing title: The Pitt 
2026-09-18T06:10:04.115Z [debug][Jellyfin Sync]: Updating existing title: Nathan for You 
2026-09-18T06:10:04.141Z [debug][Jellyfin Sync]: Updating existing title: Adventure Time 
2026-09-18T06:10:08.144Z [info][Jellyfin Sync]: Recently Added Scan Complete 
2026-09-18T06:11:00.004Z [debug][Jobs]: Starting scheduled job: Download Sync 
2026-09-18T06:12:00.006Z [debug][Jobs]: Starting scheduled job: Download Sync 
2026-09-18T06:13:00.006Z [debug][Jobs]: Starting scheduled job: Download Sync 
2026-09-18T06:14:00.006Z [debug][Jobs]: Starting scheduled job: Download Sync 
2026-09-18T06:15:00.005Z [debug][Jobs]: Starting scheduled job: Download Sync 
2026-09-18T06:15:00.008Z [info][Jobs]: Starting scheduled job: Jellyfin Recently Added Scan 
2026-09-18T06:15:00.008Z [info][Jellyfin Sync]: Scan starting {"sessionId":"bbefe281-62b1-4c49-880d-a1648e419bf0"}
2026-09-18T06:15:00.013Z [info][Jellyfin Sync]: Beginning to process recently added for library: Movies 
2026-09-18T06:15:00.038Z [debug][Jellyfin Sync]: Title already exists and no changes detected for The Shawshank Redemption 
2026-09-18T06:15:00.040Z [debug][Jellyfin Sync]: Title already exists and no changes detected for Shrek 
2026-09-18T06:15:00.044Z [debug][Jellyfin Sync]: Title already exists and no changes detected for 3 Idiots 
2026-09-18T06:15:00.046Z [debug][Jellyfin Sync]: Title already exists and no changes detected for Nirvanna the Band the Show the Movie 
2026-09-18T06:15:04.051Z [info][Jellyfin Sync]: Beginning to process recently added for library: Shows 
2026-09-18T06:15:04.101Z [debug][Jellyfin Sync]: Updating existing title: Game Changer 
2026-09-18T06:15:04.106Z [debug][Jellyfin Sync]: Updating existing title: The Pitt 
2026-09-18T06:15:04.111Z [debug][Jellyfin Sync]: Updating existing title: Nathan for You 
2026-09-18T06:15:04.131Z [debug][Jellyfin Sync]: Updating existing title: Adventure Time 
2026-09-18T06:15:08.134Z [info][Jellyfin Sync]: Recently Added Scan Complete 
2026-09-18T06:16:00.006Z [debug][Jobs]: Starting scheduled job: Download Sync 
2026-09-18T06:17:00.005Z [debug][Jobs]: Starting scheduled job: Download Sync 
2026-09-18T06:18:00.006Z [debug][Jobs]: Starting scheduled job: Download Sync 
2026-09-18T06:19:00.004Z [debug][Jobs]: Starting scheduled job: Download Sync 
2026-09-18T06:20:00.004Z [debug][Jobs]: Starting scheduled job: Download Sync 
2026-09-18T06:20:00.007Z [info][Jobs]: Starting scheduled job: Jellyfin Recently Added Scan 
2026-09-18T06:20:00.008Z [info][Jellyfin Sync]: Scan starting {"sessionId":"bca4ee56-7d75-4020-af4e-ee9c216f2c20"}
2026-09-18T06:20:00.011Z [info][Jellyfin Sync]: Beginning to process recently added for library: Movies 
2026-09-18T06:20:00.042Z [debug][Jellyfin Sync]: Title already exists and no changes detected for The Shawshank Redemption 
2026-09-18T06:20:00.046Z [debug][Jellyfin Sync]: Title already exists and no changes detected for Nirvanna the Band the Show the Movie 
2026-09-18T06:20:00.048Z [debug][Jellyfin Sync]: Title already exists and no changes detected for 3 Idiots 
2026-09-18T06:20:00.049Z [debug][Jellyfin Sync]: Title already exists and no changes detected for Shrek 
2026-09-18T06:20:04.054Z [info][Jellyfin Sync]: Beginning to process recently added for library: Shows 
2026-09-18T06:20:04.105Z [debug][Jellyfin Sync]: Updating existing title: Game Changer 
2026-09-18T06:20:04.117Z [debug][Jellyfin Sync]: Updating existing title: The Pitt 
2026-09-18T06:20:04.131Z [debug][Jellyfin Sync]: Updating existing title: Nathan for You 
2026-09-18T06:20:04.168Z [debug][Jellyfin Sync]: Updating existing title: Adventure Time 
2026-09-18T06:20:08.172Z [info][Jellyfin Sync]: Recently Added Scan Complete 
2026-09-18T06:21:00.005Z [debug][Jobs]: Starting scheduled job: Download Sync 
2026-09-18T06:22:00.002Z [debug][Jobs]: Starting scheduled job: Download Sync 
2026-09-18T06:23:00.003Z [debug][Jobs]: Starting scheduled job: Download Sync 
2026-09-18T06:24:00.005Z [debug][Jobs]: Starting scheduled job: Download Sync 
2026-09-18T06:25:00.004Z [debug][Jobs]: Starting scheduled job: Download Sync 
2026-09-18T06:25:00.010Z [info][Jobs]: Starting scheduled job: Jellyfin Recently Added Scan 
2026-09-18T06:25:00.010Z [info][Jellyfin Sync]: Scan starting {"sessionId":"097d97cc-e097-4366-86b4-b8a10d60d5a4"}
2026-09-18T06:25:00.013Z [info][Jellyfin Sync]: Beginning to process recently added for library: Movies 
2026-09-18T06:25:00.039Z [debug][Jellyfin Sync]: Title already exists and no changes detected for The Shawshank Redemption 
2026-09-18T06:25:00.043Z [debug][Jellyfin Sync]: Title already exists and no changes detected for 3 Idiots 
2026-09-18T06:25:00.043Z [debug][Jellyfin Sync]: Title already exists and no changes detected for Shrek 
2026-09-18T06:25:00.045Z [debug][Jellyfin Sync]: Title already exists and no changes detected for Nirvanna the Band the Show the Movie 
2026-09-18T06:25:04.048Z [info][Jellyfin Sync]: Beginning to process recently added for library: Shows 
2026-09-18T06:25:04.099Z [debug][Jellyfin Sync]: Updating existing title: Game Changer 
2026-09-18T06:25:04.104Z [debug][Jellyfin Sync]: Updating existing title: The Pitt 
2026-09-18T06:25:04.110Z [debug][Jellyfin Sync]: Updating existing title: Nathan for You 
2026-09-18T06:25:04.131Z [debug][Jellyfin Sync]: Updating existing title: Adventure Time 
2026-09-18T06:25:08.132Z [info][Jellyfin Sync]: Recently Added Scan Complete 
2026-09-18T06:26:00.005Z [debug][Jobs]: Starting scheduled job: Download Sync 
2026-09-18T06:27:00.003Z [debug][Jobs]: Starting scheduled job: Download Sync 
2026-09-18T06:28:00.010Z [debug][Jobs]: Starting scheduled job: Download Sync 
2026-09-18T06:29:00.004Z [debug][Jobs]: Starting scheduled job: Download Sync 
2026-09-18T06:30:00.008Z [debug][Jobs]: Starting scheduled job: Download Sync 
2026-09-18T06:30:00.010Z [info][Jobs]: Starting scheduled job: Jellyfin Recently Added Scan 
2026-09-18T06:30:00.011Z [info][Jellyfin Sync]: Scan starting {"sessionId":"d2cd7dee-0e95-4aca-bb00-533c2ffbcea3"}
2026-09-18T06:30:00.013Z [info][Jellyfin Sync]: Beginning to process recently added for library: Movies 
2026-09-18T06:30:00.039Z [debug][Jellyfin Sync]: Title already exists and no changes detected for The Shawshank Redemption 
2026-09-18T06:30:00.044Z [debug][Jellyfin Sync]: Title already exists and no changes detected for 3 Idiots 
2026-09-18T06:30:00.046Z [debug][Jellyfin Sync]: Title already exists and no changes detected for Shrek 
2026-09-18T06:30:00.047Z [debug][Jellyfin Sync]: Title already exists and no changes detected for Nirvanna the Band the Show the Movie 
2026-09-18T06:30:04.051Z [info][Jellyfin Sync]: Beginning to process recently added for library: Shows 
2026-09-18T06:30:04.105Z [debug][Jellyfin Sync]: Updating existing title: Game Changer 
2026-09-18T06:30:04.108Z [debug][Jellyfin Sync]: Updating existing title: The Pitt 
2026-09-18T06:30:04.116Z [debug][Jellyfin Sync]: Updating existing title: Nathan for You 
2026-09-18T06:30:04.136Z [debug][Jellyfin Sync]: Updating existing title: Adventure Time 
2026-09-18T06:30:08.139Z [info][Jellyfin Sync]: Recently Added Scan Complete 
2026-09-18T06:31:00.010Z [debug][Jobs]: Starting scheduled job: Download Sync 
2026-09-18T06:32:00.011Z [debug][Jobs]: Starting scheduled job: Download Sync 
2026-09-18T06:33:00.010Z [debug][Jobs]: Starting scheduled job: Download Sync 
2026-09-18T06:34:00.008Z [debug][Jobs]: Starting scheduled job: Download Sync 
2026-09-18T06:35:00.013Z [debug][Jobs]: Starting scheduled job: Download Sync 
2026-09-18T06:35:00.019Z [info][Jobs]: Starting scheduled job: Jellyfin Recently Added Scan 
2026-09-18T06:35:00.020Z [info][Jellyfin Sync]: Scan starting {"sessionId":"3b8a60a6-5e45-40f0-8a94-ce87ad53d4de"}
2026-09-18T06:35:00.030Z [info][Jellyfin Sync]: Beginning to process recently added for library: Movies 
2026-09-18T06:35:00.059Z [debug][Jellyfin Sync]: Title already exists and no changes detected for The Shawshank Redemption 
2026-09-18T06:35:00.066Z [debug][Jellyfin Sync]: Title already exists and no changes detected for 3 Idiots 
2026-09-18T06:35:00.071Z [debug][Jellyfin Sync]: Title already exists and no changes detected for Nirvanna the Band the Show the Movie 
2026-09-18T06:35:00.071Z [debug][Jellyfin Sync]: Title already exists and no changes detected for Shrek 
2026-09-18T06:35:04.074Z [info][Jellyfin Sync]: Beginning to process recently added for library: Shows 
2026-09-18T06:35:04.134Z [debug][Jellyfin Sync]: Updating existing title: Game Changer 
2026-09-18T06:35:04.142Z [debug][Jellyfin Sync]: Updating existing title: The Pitt 
2026-09-18T06:35:04.143Z [debug][Jellyfin Sync]: Updating existing title: Nathan for You 
2026-09-18T06:35:04.172Z [debug][Jellyfin Sync]: Updating existing title: Adventure Time 
2026-09-18T06:35:08.173Z [info][Jellyfin Sync]: Recently Added Scan Complete 
2026-09-18T06:36:00.012Z [debug][Jobs]: Starting scheduled job: Download Sync 
2026-09-18T06:37:00.012Z [debug][Jobs]: Starting scheduled job: Download Sync 
2026-09-18T06:38:00.009Z [debug][Jobs]: Starting scheduled job: Download Sync 
2026-09-18T06:39:00.011Z [debug][Jobs]: Starting scheduled job: Download Sync 
2026-09-18T06:40:00.013Z [debug][Jobs]: Starting scheduled job: Download Sync 
2026-09-18T06:40:00.018Z [info][Jobs]: Starting scheduled job: Jellyfin Recently Added Scan 
2026-09-18T06:40:00.018Z [info][Jellyfin Sync]: Scan starting {"sessionId":"62766def-2363-4189-83e2-44fdec5a7d78"}
2026-09-18T06:40:00.026Z [info][Jellyfin Sync]: Beginning to process recently added for library: Movies 
2026-09-18T06:40:00.060Z [debug][Jellyfin Sync]: Title already exists and no changes detected for The Shawshank Redemption 
2026-09-18T06:40:00.063Z [debug][Jellyfin Sync]: Title already exists and no changes detected for 3 Idiots 
2026-09-18T06:40:00.065Z [debug][Jellyfin Sync]: Title already exists and no changes detected for Nirvanna the Band the Show the Movie 
2026-09-18T06:40:00.066Z [debug][Jellyfin Sync]: Title already exists and no changes detected for Shrek 
2026-09-18T06:40:04.066Z [info][Jellyfin Sync]: Beginning to process recently added for library: Shows 
2026-09-18T06:40:04.128Z [debug][Jellyfin Sync]: Updating existing title: The Pitt 
2026-09-18T06:40:04.135Z [debug][Jellyfin Sync]: Updating existing title: Game Changer 
2026-09-18T06:40:04.136Z [debug][Jellyfin Sync]: Updating existing title: Nathan for You 
2026-09-18T06:40:04.161Z [debug][Jellyfin Sync]: Updating existing title: Adventure Time 
2026-09-18T06:40:08.165Z [info][Jellyfin Sync]: Recently Added Scan Complete 
2026-09-18T06:41:00.010Z [debug][Jobs]: Starting scheduled job: Download Sync 
2026-09-18T06:42:00.010Z [debug][Jobs]: Starting scheduled job: Download Sync 
2026-09-18T06:43:00.011Z [debug][Jobs]: Starting scheduled job: Download Sync 
2026-09-18T06:44:00.010Z [debug][Jobs]: Starting scheduled job: Download Sync 
2026-09-18T06:45:00.011Z [debug][Jobs]: Starting scheduled job: Download Sync 
2026-09-18T06:45:00.018Z [info][Jobs]: Starting scheduled job: Jellyfin Recently Added Scan 
2026-09-18T06:45:00.018Z [info][Jellyfin Sync]: Scan starting {"sessionId":"43a647cf-150a-44a7-ae0a-130a80a1fe73"}
2026-09-18T06:45:00.036Z [info][Jellyfin Sync]: Beginning to process recently added for library: Movies 
2026-09-18T06:45:00.072Z [debug][Jellyfin Sync]: Title already exists and no changes detected for The Shawshank Redemption 
2026-09-18T06:45:00.074Z [debug][Jellyfin Sync]: Title already exists and no changes detected for 3 Idiots 
2026-09-18T06:45:00.074Z [debug][Jellyfin Sync]: Title already exists and no changes detected for Shrek 
2026-09-18T06:45:00.075Z [debug][Jellyfin Sync]: Title already exists and no changes detected for Nirvanna the Band the Show the Movie 
2026-09-18T06:45:04.080Z [info][Jellyfin Sync]: Beginning to process recently added for library: Shows 
2026-09-18T06:45:04.158Z [debug][Jellyfin Sync]: Updating existing title: Game Changer 
2026-09-18T06:45:04.175Z [debug][Jellyfin Sync]: Updating existing title: The Pitt 
2026-09-18T06:45:04.185Z [debug][Jellyfin Sync]: Updating existing title: Nathan for You 
2026-09-18T06:45:04.210Z [debug][Jellyfin Sync]: Updating existing title: Adventure Time 
2026-09-18T06:45:08.215Z [info][Jellyfin Sync]: Recently Added Scan Complete 
2026-09-18T06:46:00.012Z [debug][Jobs]: Starting scheduled job: Download Sync 
2026-09-18T06:47:00.010Z [debug][Jobs]: Starting scheduled job: Download Sync 
2026-09-18T06:48:00.010Z [debug][Jobs]: Starting scheduled job: Download Sync 
2026-09-18T06:49:00.010Z [debug][Jobs]: Starting scheduled job: Download Sync 
2026-09-18T06:50:00.004Z [debug][Jobs]: Starting scheduled job: Download Sync 
2026-09-18T06:50:00.007Z [info][Jobs]: Starting scheduled job: Jellyfin Recently Added Scan 
2026-09-18T06:50:00.008Z [info][Jellyfin Sync]: Scan starting {"sessionId":"0adb7d0b-d4e0-4e6f-8d46-622858904b92"}
2026-09-18T06:50:00.013Z [info][Jellyfin Sync]: Beginning to process recently added for library: Movies 
2026-09-18T06:50:00.048Z [debug][Jellyfin Sync]: Title already exists and no changes detected for The Shawshank Redemption 
2026-09-18T06:50:00.052Z [debug][Jellyfin Sync]: Title already exists and no changes detected for 3 Idiots 
2026-09-18T06:50:00.056Z [debug][Jellyfin Sync]: Title already exists and no changes detected for Nirvanna the Band the Show the Movie 
2026-09-18T06:50:00.057Z [debug][Jellyfin Sync]: Title already exists and no changes detected for Shrek 
2026-09-18T06:50:04.062Z [info][Jellyfin Sync]: Beginning to process recently added for library: Shows 
2026-09-18T06:50:04.155Z [debug][Jellyfin Sync]: Updating existing title: Game Changer 
2026-09-18T06:50:04.162Z [debug][Jellyfin Sync]: Updating existing title: The Pitt 
2026-09-18T06:50:04.167Z [debug][Jellyfin Sync]: Updating existing title: Nathan for You 
2026-09-18T06:50:04.195Z [debug][Jellyfin Sync]: Updating existing title: Adventure Time 
2026-09-18T06:50:08.199Z [info][Jellyfin Sync]: Recently Added Scan Complete 
2026-09-18T06:51:00.005Z [debug][Jobs]: Starting scheduled job: Download Sync 
2026-09-18T06:52:00.007Z [debug][Jobs]: Starting scheduled job: Download Sync 
2026-09-18T06:53:00.007Z [debug][Jobs]: Starting scheduled job: Download Sync 
2026-09-18T06:54:00.010Z [debug][Jobs]: Starting scheduled job: Download Sync 
2026-09-18T06:55:00.010Z [debug][Jobs]: Starting scheduled job: Download Sync 
2026-09-18T06:55:00.015Z [info][Jobs]: Starting scheduled job: Jellyfin Recently Added Scan 
2026-09-18T06:55:00.015Z [info][Jellyfin Sync]: Scan starting {"sessionId":"0390a47b-8201-4f6e-bffe-304e24500a0b"}
2026-09-18T06:55:00.019Z [info][Jellyfin Sync]: Beginning to process recently added for library: Movies 
2026-09-18T06:55:00.056Z [debug][Jellyfin Sync]: Title already exists and no changes detected for Nirvanna the Band the Show the Movie 
2026-09-18T06:55:00.056Z [debug][Jellyfin Sync]: Title already exists and no changes detected for The Shawshank Redemption 
2026-09-18T06:55:00.056Z [debug][Jellyfin Sync]: Title already exists and no changes detected for 3 Idiots 
2026-09-18T06:55:00.057Z [debug][Jellyfin Sync]: Title already exists and no changes detected for Shrek 
2026-09-18T06:55:04.061Z [info][Jellyfin Sync]: Beginning to process recently added for library: Shows 
2026-09-18T06:55:04.120Z [debug][Jellyfin Sync]: Updating existing title: Game Changer 
2026-09-18T06:55:04.123Z [debug][Jellyfin Sync]: Updating existing title: The Pitt 
2026-09-18T06:55:04.130Z [debug][Jellyfin Sync]: Updating existing title: Nathan for You 
2026-09-18T06:55:04.158Z [debug][Jellyfin Sync]: Updating existing title: Adventure Time 
2026-09-18T06:55:08.159Z [info][Jellyfin Sync]: Recently Added Scan Complete 
2026-09-18T06:56:00.011Z [debug][Jobs]: Starting scheduled job: Download Sync 
2026-09-18T06:57:00.010Z [debug][Jobs]: Starting scheduled job: Download Sync 
2026-09-18T06:58:00.011Z [debug][Jobs]: Starting scheduled job: Download Sync 
2026-09-18T06:59:00.010Z [debug][Jobs]: Starting scheduled job: Download Sync 
2026-09-18T07:00:00.003Z [debug][Jobs]: Starting scheduled job: Download Sync 
2026-09-18T07:00:00.008Z [info][Jobs]: Starting scheduled job: Jellyfin Recently Added Scan 
2026-09-18T07:00:00.008Z [info][Jellyfin Sync]: Scan starting {"sessionId":"07145a7d-3094-48ba-8b7e-8d2683bf8f6e"}
2026-09-18T07:00:00.013Z [info][Jellyfin Sync]: Beginning to process recently added for library: Movies 
2026-09-18T07:00:00.041Z [debug][Jellyfin Sync]: Title already exists and no changes detected for The Shawshank Redemption 
2026-09-18T07:00:00.046Z [debug][Jellyfin Sync]: Title already exists and no changes detected for 3 Idiots 
2026-09-18T07:00:00.050Z [debug][Jellyfin Sync]: Title already exists and no changes detected for Nirvanna the Band the Show the Movie 
2026-09-18T07:00:00.053Z [debug][Jellyfin Sync]: Title already exists and no changes detected for Shrek 
2026-09-18T07:00:04.058Z [info][Jellyfin Sync]: Beginning to process recently added for library: Shows 
2026-09-18T07:00:04.111Z [debug][Jellyfin Sync]: Updating existing title: The Pitt 
2026-09-18T07:00:04.119Z [debug][Jellyfin Sync]: Updating existing title: Game Changer 
2026-09-18T07:00:04.123Z [debug][Jellyfin Sync]: Updating existing title: Nathan for You 
2026-09-18T07:00:04.146Z [debug][Jellyfin Sync]: Updating existing title: Adventure Time 
2026-09-18T07:00:08.150Z [info][Jellyfin Sync]: Recently Added Scan Complete 
2026-09-18T07:01:00.007Z [debug][Jobs]: Starting scheduled job: Download Sync 
2026-09-18T07:02:00.010Z [debug][Jobs]: Starting scheduled job: Download Sync 
2026-09-18T07:03:00.009Z [debug][Jobs]: Starting scheduled job: Download Sync 
2026-09-18T07:04:00.008Z [debug][Jobs]: Starting scheduled job: Download Sync 
2026-09-18T07:05:00.007Z [debug][Jobs]: Starting scheduled job: Download Sync 
2026-09-18T07:05:00.011Z [info][Jobs]: Starting scheduled job: Jellyfin Recently Added Scan 
2026-09-18T07:05:00.011Z [info][Jellyfin Sync]: Scan starting {"sessionId":"6cbe8966-9016-4e25-b3a5-7766e8c02451"}
2026-09-18T07:05:00.049Z [info][Jellyfin Sync]: Beginning to process recently added for library: Movies 
2026-09-18T07:05:00.105Z [debug][Jellyfin Sync]: Title already exists and no changes detected for The Shawshank Redemption 
2026-09-18T07:05:00.105Z [debug][Jellyfin Sync]: Title already exists and no changes detected for Nirvanna the Band the Show the Movie 
2026-09-18T07:05:00.105Z [debug][Jellyfin Sync]: Title already exists and no changes detected for 3 Idiots 
2026-09-18T07:05:00.106Z [debug][Jellyfin Sync]: Title already exists and no changes detected for Shrek 
2026-09-18T07:05:04.110Z [info][Jellyfin Sync]: Beginning to process recently added for library: Shows 
2026-09-18T07:05:04.179Z [debug][Jellyfin Sync]: Updating existing title: Game Changer 
2026-09-18T07:05:04.184Z [debug][Jellyfin Sync]: Updating existing title: The Pitt 
2026-09-18T07:05:04.189Z [debug][Jellyfin Sync]: Updating existing title: Nathan for You 
2026-09-18T07:05:04.214Z [debug][Jellyfin Sync]: Updating existing title: Adventure Time 
2026-09-18T07:05:08.215Z [info][Jellyfin Sync]: Recently Added Scan Complete 
2026-09-18T07:06:00.008Z [debug][Jobs]: Starting scheduled job: Download Sync 
2026-09-18T07:07:00.007Z [debug][Jobs]: Starting scheduled job: Download Sync 
2026-09-18T07:08:00.007Z [debug][Jobs]: Starting scheduled job: Download Sync 
2026-09-18T07:09:00.006Z [debug][Jobs]: Starting scheduled job: Download Sync 
2026-09-18T07:10:00.008Z [debug][Jobs]: Starting scheduled job: Download Sync 
2026-09-18T07:10:00.011Z [info][Jobs]: Starting scheduled job: Jellyfin Recently Added Scan 
2026-09-18T07:10:00.012Z [info][Jellyfin Sync]: Scan starting {"sessionId":"a8be37d3-a988-4df1-837c-63c9dc849972"}
2026-09-18T07:10:00.018Z [info][Jellyfin Sync]: Beginning to process recently added for library: Movies 
2026-09-18T07:10:00.063Z [debug][Jellyfin Sync]: Title already exists and no changes detected for The Shawshank Redemption 
2026-09-18T07:10:00.072Z [debug][Jellyfin Sync]: Title already exists and no changes detected for 3 Idiots 
2026-09-18T07:10:00.073Z [debug][Jellyfin Sync]: Title already exists and no changes detected for Nirvanna the Band the Show the Movie 
2026-09-18T07:10:00.073Z [debug][Jellyfin Sync]: Title already exists and no changes detected for Shrek 
2026-09-18T07:10:04.077Z [info][Jellyfin Sync]: Beginning to process recently added for library: Shows 
2026-09-18T07:10:04.144Z [debug][Jellyfin Sync]: Updating existing title: Game Changer 
2026-09-18T07:10:04.149Z [debug][Jellyfin Sync]: Updating existing title: The Pitt 
2026-09-18T07:10:04.161Z [debug][Jellyfin Sync]: Updating existing title: Nathan for You 
2026-09-18T07:10:04.199Z [debug][Jellyfin Sync]: Updating existing title: Adventure Time 
2026-09-18T07:10:08.203Z [info][Jellyfin Sync]: Recently Added Scan Complete 
2026-09-18T07:11:00.005Z [debug][Jobs]: Starting scheduled job: Download Sync 
2026-09-18T07:12:00.006Z [debug][Jobs]: Starting scheduled job: Download Sync 
2026-09-18T07:13:00.006Z [debug][Jobs]: Starting scheduled job: Download Sync 
2026-09-18T07:14:00.005Z [debug][Jobs]: Starting scheduled job: Download Sync 
2026-09-18T07:15:00.005Z [debug][Jobs]: Starting scheduled job: Download Sync 
2026-09-18T07:15:00.008Z [info][Jobs]: Starting scheduled job: Jellyfin Recently Added Scan 
2026-09-18T07:15:00.008Z [info][Jellyfin Sync]: Scan starting {"sessionId":"b002824c-1d21-4f50-980e-4e06fd4bd766"}
2026-09-18T07:15:00.013Z [info][Jellyfin Sync]: Beginning to process recently added for library: Movies 
2026-09-18T07:15:00.050Z [debug][Jellyfin Sync]: Title already exists and no changes detected for The Shawshank Redemption 
2026-09-18T07:15:00.052Z [debug][Jellyfin Sync]: Title already exists and no changes detected for 3 Idiots 
2026-09-18T07:15:00.055Z [debug][Jellyfin Sync]: Title already exists and no changes detected for Nirvanna the Band the Show the Movie 
2026-09-18T07:15:00.056Z [debug][Jellyfin Sync]: Title already exists and no changes detected for Shrek 
2026-09-18T07:15:04.060Z [info][Jellyfin Sync]: Beginning to process recently added for library: Shows 
2026-09-18T07:15:04.127Z [debug][Jellyfin Sync]: Updating existing title: Game Changer 
2026-09-18T07:15:04.128Z [debug][Jellyfin Sync]: Updating existing title: The Pitt 
2026-09-18T07:15:04.132Z [debug][Jellyfin Sync]: Updating existing title: Nathan for You 
2026-09-18T07:15:04.158Z [debug][Jellyfin Sync]: Updating existing title: Adventure Time 
2026-09-18T07:15:08.162Z [info][Jellyfin Sync]: Recently Added Scan Complete 
2026-09-18T07:16:00.005Z [debug][Jobs]: Starting scheduled job: Download Sync 
2026-09-18T07:17:00.005Z [debug][Jobs]: Starting scheduled job: Download Sync 
2026-09-18T07:18:00.011Z [debug][Jobs]: Starting scheduled job: Download Sync 
2026-09-18T07:19:00.009Z [debug][Jobs]: Starting scheduled job: Download Sync 
2026-09-18T07:20:00.002Z [debug][Jobs]: Starting scheduled job: Download Sync 
2026-09-18T07:20:00.005Z [info][Jobs]: Starting scheduled job: Jellyfin Recently Added Scan 
2026-09-18T07:20:00.005Z [info][Jellyfin Sync]: Scan starting {"sessionId":"92296fee-9a9f-49b5-8ae0-080e172b437b"}
2026-09-18T07:20:00.009Z [info][Jellyfin Sync]: Beginning to process recently added for library: Movies 
2026-09-18T07:20:00.068Z [debug][Jellyfin Sync]: Title already exists and no changes detected for 3 Idiots 
2026-09-18T07:20:00.069Z [debug][Jellyfin Sync]: Title already exists and no changes detected for The Shawshank Redemption 
2026-09-18T07:20:00.075Z [debug][Jellyfin Sync]: Title already exists and no changes detected for Nirvanna the Band the Show the Movie 
2026-09-18T07:20:00.077Z [debug][Jellyfin Sync]: Title already exists and no changes detected for Shrek 
2026-09-18T07:20:04.082Z [info][Jellyfin Sync]: Beginning to process recently added for library: Shows 
2026-09-18T07:20:04.155Z [debug][Jellyfin Sync]: Updating existing title: Game Changer 
2026-09-18T07:20:04.166Z [debug][Jellyfin Sync]: Updating existing title: The Pitt 
2026-09-18T07:20:04.167Z [debug][Jellyfin Sync]: Updating existing title: Nathan for You 
2026-09-18T07:20:04.198Z [debug][Jellyfin Sync]: Updating existing title: Adventure Time 
2026-09-18T07:20:08.202Z [info][Jellyfin Sync]: Recently Added Scan Complete 
2026-09-18T07:21:00.005Z [debug][Jobs]: Starting scheduled job: Download Sync 
2026-09-18T07:22:00.006Z [debug][Jobs]: Starting scheduled job: Download Sync 
2026-09-18T07:23:00.004Z [debug][Jobs]: Starting scheduled job: Download Sync 
2026-09-18T07:24:00.004Z [debug][Jobs]: Starting scheduled job: Download Sync 
2026-09-18T07:25:00.004Z [debug][Jobs]: Starting scheduled job: Download Sync 
2026-09-18T07:25:00.007Z [info][Jobs]: Starting scheduled job: Jellyfin Recently Added Scan 
2026-09-18T07:25:00.007Z [info][Jellyfin Sync]: Scan starting {"sessionId":"ebb829b1-bedb-4287-a98d-cbdb42ff1ffd"}
2026-09-18T07:25:00.016Z [info][Jellyfin Sync]: Beginning to process recently added for library: Movies 
2026-09-18T07:25:00.044Z [debug][Jellyfin Sync]: Title already exists and no changes detected for 3 Idiots 
2026-09-18T07:25:00.049Z [debug][Jellyfin Sync]: Title already exists and no changes detected for Shrek 
2026-09-18T07:25:00.049Z [debug][Jellyfin Sync]: Title already exists and no changes detected for Nirvanna the Band the Show the Movie 
2026-09-18T07:25:00.049Z [debug][Jellyfin Sync]: Title already exists and no changes detected for The Shawshank Redemption 
2026-09-18T07:25:04.054Z [info][Jellyfin Sync]: Beginning to process recently added for library: Shows 
2026-09-18T07:25:04.114Z [debug][Jellyfin Sync]: Updating existing title: Game Changer 
2026-09-18T07:25:04.119Z [debug][Jellyfin Sync]: Updating existing title: The Pitt 
2026-09-18T07:25:04.127Z [debug][Jellyfin Sync]: Updating existing title: Nathan for You 
2026-09-18T07:25:04.147Z [debug][Jellyfin Sync]: Updating existing title: Adventure Time 
2026-09-18T07:25:08.151Z [info][Jellyfin Sync]: Recently Added Scan Complete 
2026-09-18T07:26:00.004Z [debug][Jobs]: Starting scheduled job: Download Sync 
2026-09-18T07:27:00.004Z [debug][Jobs]: Starting scheduled job: Download Sync 
2026-09-18T07:28:00.011Z [debug][Jobs]: Starting scheduled job: Download Sync 
2026-09-18T07:29:00.009Z [debug][Jobs]: Starting scheduled job: Download Sync 
2026-09-18T07:30:00.010Z [debug][Jobs]: Starting scheduled job: Download Sync 
2026-09-18T07:30:00.015Z [info][Jobs]: Starting scheduled job: Jellyfin Recently Added Scan 
2026-09-18T07:30:00.016Z [info][Jellyfin Sync]: Scan starting {"sessionId":"538b3f0f-7c34-424c-ab35-04142a37afc1"}
2026-09-18T07:30:00.027Z [info][Jellyfin Sync]: Beginning to process recently added for library: Movies 
2026-09-18T07:30:00.060Z [debug][Jellyfin Sync]: Title already exists and no changes detected for 3 Idiots 
2026-09-18T07:30:00.061Z [debug][Jellyfin Sync]: Title already exists and no changes detected for Nirvanna the Band the Show the Movie 
2026-09-18T07:30:00.062Z [debug][Jellyfin Sync]: Title already exists and no changes detected for Shrek 
2026-09-18T07:30:00.063Z [debug][Jellyfin Sync]: Title already exists and no changes detected for The Shawshank Redemption 
2026-09-18T07:30:04.066Z [info][Jellyfin Sync]: Beginning to process recently added for library: Shows 
2026-09-18T07:30:04.136Z [debug][Jellyfin Sync]: Updating existing title: The Pitt 
2026-09-18T07:30:04.138Z [debug][Jellyfin Sync]: Updating existing title: Game Changer 
2026-09-18T07:30:04.141Z [debug][Jellyfin Sync]: Updating existing title: Nathan for You 
2026-09-18T07:30:04.190Z [debug][Jellyfin Sync]: Updating existing title: Adventure Time 
2026-09-18T07:30:08.193Z [info][Jellyfin Sync]: Recently Added Scan Complete 
2026-09-18T07:31:00.010Z [debug][Jobs]: Starting scheduled job: Download Sync 
2026-09-18T07:32:00.009Z [debug][Jobs]: Starting scheduled job: Download Sync 
2026-09-18T07:33:00.009Z [debug][Jobs]: Starting scheduled job: Download Sync 
2026-09-18T07:34:00.010Z [debug][Jobs]: Starting scheduled job: Download Sync 
2026-09-18T07:35:00.010Z [debug][Jobs]: Starting scheduled job: Download Sync 
2026-09-18T07:35:00.014Z [info][Jobs]: Starting scheduled job: Jellyfin Recently Added Scan 
2026-09-18T07:35:00.014Z [info][Jellyfin Sync]: Scan starting {"sessionId":"f1799409-74bc-4d23-979d-b90131623bc2"}
2026-09-18T07:35:00.022Z [info][Jellyfin Sync]: Beginning to process recently added for library: Movies 
2026-09-18T07:35:00.057Z [debug][Jellyfin Sync]: Title already exists and no changes detected for The Shawshank Redemption 
2026-09-18T07:35:00.058Z [debug][Jellyfin Sync]: Title already exists and no changes detected for 3 Idiots 
2026-09-18T07:35:00.058Z [debug][Jellyfin Sync]: Title already exists and no changes detected for Nirvanna the Band the Show the Movie 
2026-09-18T07:35:00.059Z [debug][Jellyfin Sync]: Title already exists and no changes detected for Shrek 
2026-09-18T07:35:04.061Z [info][Jellyfin Sync]: Beginning to process recently added for library: Shows 
2026-09-18T07:35:04.124Z [debug][Jellyfin Sync]: Updating existing title: Game Changer 
2026-09-18T07:35:04.130Z [debug][Jellyfin Sync]: Updating existing title: The Pitt 
2026-09-18T07:35:04.134Z [debug][Jellyfin Sync]: Updating existing title: Nathan for You 
2026-09-18T07:35:04.161Z [debug][Jellyfin Sync]: Updating existing title: Adventure Time 
2026-09-18T07:35:08.162Z [info][Jellyfin Sync]: Recently Added Scan Complete 
2026-09-18T07:36:00.014Z [debug][Jobs]: Starting scheduled job: Download Sync 
2026-09-18T07:37:00.008Z [debug][Jobs]: Starting scheduled job: Download Sync 
2026-09-18T07:38:00.011Z [debug][Jobs]: Starting scheduled job: Download Sync 
2026-09-18T07:39:00.009Z [debug][Jobs]: Starting scheduled job: Download Sync 
2026-09-18T07:40:00.010Z [debug][Jobs]: Starting scheduled job: Download Sync 
2026-09-18T07:40:00.013Z [info][Jobs]: Starting scheduled job: Jellyfin Recently Added Scan 
2026-09-18T07:40:00.014Z [info][Jellyfin Sync]: Scan starting {"sessionId":"d462d114-c6b6-412f-a9e4-75ab406be583"}
2026-09-18T07:40:00.020Z [info][Jellyfin Sync]: Beginning to process recently added for library: Movies 
2026-09-18T07:40:00.050Z [debug][Jellyfin Sync]: Title already exists and no changes detected for The Shawshank Redemption 
2026-09-18T07:40:00.055Z [debug][Jellyfin Sync]: Title already exists and no changes detected for Nirvanna the Band the Show the Movie 
2026-09-18T07:40:00.055Z [debug][Jellyfin Sync]: Title already exists and no changes detected for Shrek 
2026-09-18T07:40:00.056Z [debug][Jellyfin Sync]: Title already exists and no changes detected for 3 Idiots 
2026-09-18T07:40:04.056Z [info][Jellyfin Sync]: Beginning to process recently added for library: Shows 
2026-09-18T07:40:04.121Z [debug][Jellyfin Sync]: Updating existing title: Game Changer 
2026-09-18T07:40:04.128Z [debug][Jellyfin Sync]: Updating existing title: Nathan for You 
2026-09-18T07:40:04.129Z [debug][Jellyfin Sync]: Updating existing title: The Pitt 
2026-09-18T07:40:04.154Z [debug][Jellyfin Sync]: Updating existing title: Adventure Time 
2026-09-18T07:40:08.158Z [info][Jellyfin Sync]: Recently Added Scan Complete 
2026-09-18T07:41:00.008Z [debug][Jobs]: Starting scheduled job: Download Sync 
2026-09-18T07:42:00.007Z [debug][Jobs]: Starting scheduled job: Download Sync 
2026-09-18T07:43:00.011Z [debug][Jobs]: Starting scheduled job: Download Sync 
2026-09-18T07:44:00.009Z [debug][Jobs]: Starting scheduled job: Download Sync 
2026-09-18T07:45:00.008Z [debug][Jobs]: Starting scheduled job: Download Sync 
2026-09-18T07:45:00.012Z [info][Jobs]: Starting scheduled job: Jellyfin Recently Added Scan 
2026-09-18T07:45:00.012Z [info][Jellyfin Sync]: Scan starting {"sessionId":"b99c8c77-a920-4cfb-934e-c7e8aed93cb1"}
2026-09-18T07:45:00.020Z [info][Jellyfin Sync]: Beginning to process recently added for library: Movies 
2026-09-18T07:45:00.049Z [debug][Jellyfin Sync]: Title already exists and no changes detected for 3 Idiots 
2026-09-18T07:45:00.051Z [debug][Jellyfin Sync]: Title already exists and no changes detected for Shrek 
2026-09-18T07:45:00.053Z [debug][Jellyfin Sync]: Title already exists and no changes detected for Nirvanna the Band the Show the Movie 
2026-09-18T07:45:00.053Z [debug][Jellyfin Sync]: Title already exists and no changes detected for The Shawshank Redemption 
2026-09-18T07:45:04.058Z [info][Jellyfin Sync]: Beginning to process recently added for library: Shows 
2026-09-18T07:45:04.116Z [debug][Jellyfin Sync]: Updating existing title: Game Changer 
2026-09-18T07:45:04.117Z [debug][Jellyfin Sync]: Updating existing title: The Pitt 
2026-09-18T07:45:04.121Z [debug][Jellyfin Sync]: Updating existing title: Nathan for You 
2026-09-18T07:45:04.148Z [debug][Jellyfin Sync]: Updating existing title: Adventure Time 
2026-09-18T07:45:08.152Z [info][Jellyfin Sync]: Recently Added Scan Complete 
2026-09-18T07:46:00.010Z [debug][Jobs]: Starting scheduled job: Download Sync 
2026-09-18T07:47:00.007Z [debug][Jobs]: Starting scheduled job: Download Sync 
2026-09-18T07:48:00.007Z [debug][Jobs]: Starting scheduled job: Download Sync 
2026-09-18T07:49:00.011Z [debug][Jobs]: Starting scheduled job: Download Sync 
2026-09-18T07:50:00.005Z [debug][Jobs]: Starting scheduled job: Download Sync 
2026-09-18T07:50:00.009Z [info][Jobs]: Starting scheduled job: Jellyfin Recently Added Scan 
2026-09-18T07:50:00.009Z [info][Jellyfin Sync]: Scan starting {"sessionId":"a6e7a720-ddb6-4225-8787-b1f4b79a92e6"}
2026-09-18T07:50:00.019Z [info][Jellyfin Sync]: Beginning to process recently added for library: Movies 
2026-09-18T07:50:00.045Z [debug][Jellyfin Sync]: Title already exists and no changes detected for The Shawshank Redemption 
2026-09-18T07:50:00.054Z [debug][Jellyfin Sync]: Title already exists and no changes detected for 3 Idiots 
2026-09-18T07:50:00.055Z [debug][Jellyfin Sync]: Title already exists and no changes detected for Nirvanna the Band the Show the Movie 
2026-09-18T07:50:00.057Z [debug][Jellyfin Sync]: Title already exists and no changes detected for Shrek 
2026-09-18T07:50:04.061Z [info][Jellyfin Sync]: Beginning to process recently added for library: Shows 
2026-09-18T07:50:04.122Z [debug][Jellyfin Sync]: Updating existing title: Game Changer 
2026-09-18T07:50:04.127Z [debug][Jellyfin Sync]: Updating existing title: The Pitt 
2026-09-18T07:50:04.132Z [debug][Jellyfin Sync]: Updating existing title: Nathan for You 
2026-09-18T07:50:04.157Z [debug][Jellyfin Sync]: Updating existing title: Adventure Time 
2026-09-18T07:50:08.159Z [info][Jellyfin Sync]: Recently Added Scan Complete 
2026-09-18T07:51:00.009Z [debug][Jobs]: Starting scheduled job: Download Sync 
2026-09-18T07:52:00.004Z [debug][Jobs]: Starting scheduled job: Download Sync 
2026-09-18T07:53:00.005Z [debug][Jobs]: Starting scheduled job: Download Sync 
2026-09-18T07:54:00.009Z [debug][Jobs]: Starting scheduled job: Download Sync 
2026-09-18T07:55:00.010Z [debug][Jobs]: Starting scheduled job: Download Sync 
2026-09-18T07:55:00.014Z [info][Jobs]: Starting scheduled job: Jellyfin Recently Added Scan 
2026-09-18T07:55:00.014Z [info][Jellyfin Sync]: Scan starting {"sessionId":"a5ec7e23-40c4-4245-b8d5-fad7670bb279"}
2026-09-18T07:55:00.018Z [info][Jellyfin Sync]: Beginning to process recently added for library: Movies 
2026-09-18T07:55:00.052Z [debug][Jellyfin Sync]: Title already exists and no changes detected for The Shawshank Redemption 
2026-09-18T07:55:00.054Z [debug][Jellyfin Sync]: Title already exists and no changes detected for Shrek 
2026-09-18T07:55:00.058Z [debug][Jellyfin Sync]: Title already exists and no changes detected for Nirvanna the Band the Show the Movie 
2026-09-18T07:55:00.058Z [debug][Jellyfin Sync]: Title already exists and no changes detected for 3 Idiots 
2026-09-18T07:55:04.063Z [info][Jellyfin Sync]: Beginning to process recently added for library: Shows 
2026-09-18T07:55:04.128Z [debug][Jellyfin Sync]: Updating existing title: Game Changer 
2026-09-18T07:55:04.143Z [debug][Jellyfin Sync]: Updating existing title: The Pitt 
2026-09-18T07:55:04.145Z [debug][Jellyfin Sync]: Updating existing title: Nathan for You 
2026-09-18T07:55:04.181Z [debug][Jellyfin Sync]: Updating existing title: Adventure Time 
2026-09-18T07:55:08.183Z [info][Jellyfin Sync]: Recently Added Scan Complete 
2026-09-18T07:56:00.009Z [debug][Jobs]: Starting scheduled job: Download Sync 
2026-09-18T07:57:00.010Z [debug][Jobs]: Starting scheduled job: Download Sync 
2026-09-18T07:58:00.007Z [debug][Jobs]: Starting scheduled job: Download Sync 
2026-09-18T07:59:00.007Z [debug][Jobs]: Starting scheduled job: Download Sync 
2026-09-18T08:00:00.010Z [debug][Jobs]: Starting scheduled job: Download Sync 
2026-09-18T08:00:00.013Z [info][Jobs]: Starting scheduled job: Jellyfin Recently Added Scan 
2026-09-18T08:00:00.013Z [info][Jellyfin Sync]: Scan starting {"sessionId":"5308fde6-777c-47d5-a562-3b563b61f264"}
2026-09-18T08:00:00.018Z [info][Jellyfin Sync]: Beginning to process recently added for library: Movies 
2026-09-18T08:00:00.055Z [debug][Jellyfin Sync]: Title already exists and no changes detected for 3 Idiots 
2026-09-18T08:00:00.059Z [debug][Jellyfin Sync]: Title already exists and no changes detected for The Shawshank Redemption 
2026-09-18T08:00:00.062Z [debug][Jellyfin Sync]: Title already exists and no changes detected for Shrek 
2026-09-18T08:00:00.063Z [debug][Jellyfin Sync]: Title already exists and no changes detected for Nirvanna the Band the Show the Movie 
2026-09-18T08:00:04.066Z [info][Jellyfin Sync]: Beginning to process recently added for library: Shows 
2026-09-18T08:00:04.122Z [debug][Jellyfin Sync]: Updating existing title: Game Changer 
2026-09-18T08:00:04.127Z [debug][Jellyfin Sync]: Updating existing title: The Pitt 
2026-09-18T08:00:04.131Z [debug][Jellyfin Sync]: Updating existing title: Nathan for You 
2026-09-18T08:00:04.158Z [debug][Jellyfin Sync]: Updating existing title: Adventure Time 
2026-09-18T08:00:08.158Z [info][Jellyfin Sync]: Recently Added Scan Complete 
2026-09-18T08:01:00.009Z [debug][Jobs]: Starting scheduled job: Download Sync 
2026-09-18T08:02:00.009Z [debug][Jobs]: Starting scheduled job: Download Sync 
2026-09-18T08:03:00.004Z [debug][Jobs]: Starting scheduled job: Download Sync 
2026-09-18T08:04:00.007Z [debug][Jobs]: Starting scheduled job: Download Sync 
2026-09-18T08:05:00.004Z [debug][Jobs]: Starting scheduled job: Download Sync 
2026-09-18T08:05:00.008Z [info][Jobs]: Starting scheduled job: Jellyfin Recently Added Scan 
2026-09-18T08:05:00.008Z [info][Jellyfin Sync]: Scan starting {"sessionId":"5e55c2b4-6015-4cd9-9d04-fcdf299072b9"}
2026-09-18T08:05:00.013Z [info][Jellyfin Sync]: Beginning to process recently added for library: Movies 
2026-09-18T08:05:00.050Z [debug][Jellyfin Sync]: Title already exists and no changes detected for The Shawshank Redemption 
2026-09-18T08:05:00.051Z [debug][Jellyfin Sync]: Title already exists and no changes detected for Shrek 
2026-09-18T08:05:00.055Z [debug][Jellyfin Sync]: Title already exists and no changes detected for 3 Idiots 
2026-09-18T08:05:00.057Z [debug][Jellyfin Sync]: Title already exists and no changes detected for Nirvanna the Band the Show the Movie 
2026-09-18T08:05:04.062Z [info][Jellyfin Sync]: Beginning to process recently added for library: Shows 
2026-09-18T08:05:04.118Z [debug][Jellyfin Sync]: Updating existing title: Game Changer 
2026-09-18T08:05:04.122Z [debug][Jellyfin Sync]: Updating existing title: The Pitt 
2026-09-18T08:05:04.124Z [debug][Jellyfin Sync]: Updating existing title: Nathan for You 
2026-09-18T08:05:04.149Z [debug][Jellyfin Sync]: Updating existing title: Adventure Time 
2026-09-18T08:05:08.149Z [info][Jellyfin Sync]: Recently Added Scan Complete 
2026-09-18T08:06:00.009Z [debug][Jobs]: Starting scheduled job: Download Sync 
2026-09-18T08:07:00.008Z [debug][Jobs]: Starting scheduled job: Download Sync 
2026-09-18T08:08:00.007Z [debug][Jobs]: Starting scheduled job: Download Sync 
2026-09-18T08:09:00.007Z [debug][Jobs]: Starting scheduled job: Download Sync 
2026-09-18T08:10:00.008Z [debug][Jobs]: Starting scheduled job: Download Sync 
2026-09-18T08:10:00.011Z [info][Jobs]: Starting scheduled job: Jellyfin Recently Added Scan 
2026-09-18T08:10:00.012Z [info][Jellyfin Sync]: Scan starting {"sessionId":"f96f1fbd-381d-4fdb-8ea0-4ea1da6fa221"}
2026-09-18T08:10:00.017Z [info][Jellyfin Sync]: Beginning to process recently added for library: Movies 
2026-09-18T08:10:00.055Z [debug][Jellyfin Sync]: Title already exists and no changes detected for The Shawshank Redemption 
2026-09-18T08:10:00.057Z [debug][Jellyfin Sync]: Title already exists and no changes detected for Nirvanna the Band the Show the Movie 
2026-09-18T08:10:00.062Z [debug][Jellyfin Sync]: Title already exists and no changes detected for 3 Idiots 
2026-09-18T08:10:00.064Z [debug][Jellyfin Sync]: Title already exists and no changes detected for Shrek 
2026-09-18T08:10:04.068Z [info][Jellyfin Sync]: Beginning to process recently added for library: Shows 
2026-09-18T08:10:04.133Z [debug][Jellyfin Sync]: Updating existing title: Nathan for You 
2026-09-18T08:10:04.143Z [debug][Jellyfin Sync]: Updating existing title: The Pitt 
2026-09-18T08:10:04.144Z [debug][Jellyfin Sync]: Updating existing title: Game Changer 
2026-09-18T08:10:04.172Z [debug][Jellyfin Sync]: Updating existing title: Adventure Time 
2026-09-18T08:10:08.175Z [info][Jellyfin Sync]: Recently Added Scan Complete 
2026-09-18T08:11:00.007Z [debug][Jobs]: Starting scheduled job: Download Sync 
2026-09-18T08:12:00.007Z [debug][Jobs]: Starting scheduled job: Download Sync 
2026-09-18T08:13:00.004Z [debug][Jobs]: Starting scheduled job: Download Sync 
2026-09-18T08:14:00.006Z [debug][Jobs]: Starting scheduled job: Download Sync 
2026-09-18T08:15:00.006Z [debug][Jobs]: Starting scheduled job: Download Sync 
2026-09-18T08:15:00.010Z [info][Jobs]: Starting scheduled job: Jellyfin Recently Added Scan 
2026-09-18T08:15:00.010Z [info][Jellyfin Sync]: Scan starting {"sessionId":"9c3c00c5-4b69-4769-a122-6621d3428f67"}
2026-09-18T08:15:00.016Z [info][Jellyfin Sync]: Beginning to process recently added for library: Movies 
2026-09-18T08:15:00.038Z [debug][Jellyfin Sync]: Title already exists and no changes detected for The Shawshank Redemption 
2026-09-18T08:15:00.051Z [debug][Jellyfin Sync]: Title already exists and no changes detected for 3 Idiots 
2026-09-18T08:15:00.052Z [debug][Jellyfin Sync]: Title already exists and no changes detected for Nirvanna the Band the Show the Movie 
2026-09-18T08:15:00.052Z [debug][Jellyfin Sync]: Title already exists and no changes detected for Shrek 
2026-09-18T08:15:04.056Z [info][Jellyfin Sync]: Beginning to process recently added for library: Shows 
2026-09-18T08:15:04.115Z [debug][Jellyfin Sync]: Updating existing title: Game Changer 
2026-09-18T08:15:04.116Z [debug][Jellyfin Sync]: Updating existing title: The Pitt 
2026-09-18T08:15:04.123Z [debug][Jellyfin Sync]: Updating existing title: Nathan for You 
2026-09-18T08:15:04.147Z [debug][Jellyfin Sync]: Updating existing title: Adventure Time 
2026-09-18T08:15:08.152Z [info][Jellyfin Sync]: Recently Added Scan Complete 
2026-09-18T08:16:00.007Z [debug][Jobs]: Starting scheduled job: Download Sync 
2026-09-18T08:17:00.005Z [debug][Jobs]: Starting scheduled job: Download Sync 
2026-09-18T08:18:00.006Z [debug][Jobs]: Starting scheduled job: Download Sync 
2026-09-18T08:19:00.005Z [debug][Jobs]: Starting scheduled job: Download Sync 
2026-09-18T08:20:00.004Z [debug][Jobs]: Starting scheduled job: Download Sync 
2026-09-18T08:20:00.008Z [info][Jobs]: Starting scheduled job: Jellyfin Recently Added Scan 
2026-09-18T08:20:00.008Z [info][Jellyfin Sync]: Scan starting {"sessionId":"3ccccdd3-c226-4d13-bd41-32a8044c175c"}
2026-09-18T08:20:00.012Z [info][Jellyfin Sync]: Beginning to process recently added for library: Movies 
2026-09-18T08:20:00.046Z [debug][Jellyfin Sync]: Title already exists and no changes detected for 3 Idiots 
2026-09-18T08:20:00.047Z [debug][Jellyfin Sync]: Title already exists and no changes detected for The Shawshank Redemption 
2026-09-18T08:20:00.049Z [debug][Jellyfin Sync]: Title already exists and no changes detected for Shrek 
2026-09-18T08:20:00.050Z [debug][Jellyfin Sync]: Title already exists and no changes detected for Nirvanna the Band the Show the Movie 
2026-09-18T08:20:04.055Z [info][Jellyfin Sync]: Beginning to process recently added for library: Shows 
2026-09-18T08:20:04.125Z [debug][Jellyfin Sync]: Updating existing title: The Pitt 
2026-09-18T08:20:04.125Z [debug][Jellyfin Sync]: Updating existing title: Game Changer 
2026-09-18T08:20:04.139Z [debug][Jellyfin Sync]: Updating existing title: Nathan for You 
2026-09-18T08:20:04.183Z [debug][Jellyfin Sync]: Updating existing title: Adventure Time 
2026-09-18T08:20:08.186Z [info][Jellyfin Sync]: Recently Added Scan Complete 
2026-09-18T08:21:00.005Z [debug][Jobs]: Starting scheduled job: Download Sync 
2026-09-18T08:22:00.005Z [debug][Jobs]: Starting scheduled job: Download Sync 
2026-09-18T08:23:00.005Z [debug][Jobs]: Starting scheduled job: Download Sync 
2026-09-18T08:24:00.006Z [debug][Jobs]: Starting scheduled job: Download Sync 
2026-09-18T08:25:00.002Z [debug][Jobs]: Starting scheduled job: Download Sync 
2026-09-18T08:25:00.005Z [info][Jobs]: Starting scheduled job: Jellyfin Recently Added Scan 
2026-09-18T08:25:00.005Z [info][Jellyfin Sync]: Scan starting {"sessionId":"a41d7a66-9ff6-4db9-96df-acd0e1f0be1b"}
2026-09-18T08:25:00.009Z [info][Jellyfin Sync]: Beginning to process recently added for library: Movies 
2026-09-18T08:25:00.047Z [debug][Jellyfin Sync]: Title already exists and no changes detected for The Shawshank Redemption 
2026-09-18T08:25:00.053Z [debug][Jellyfin Sync]: Title already exists and no changes detected for Shrek 
2026-09-18T08:25:00.056Z [debug][Jellyfin Sync]: Title already exists and no changes detected for 3 Idiots 
2026-09-18T08:25:00.056Z [debug][Jellyfin Sync]: Title already exists and no changes detected for Nirvanna the Band the Show the Movie 
2026-09-18T08:25:04.061Z [info][Jellyfin Sync]: Beginning to process recently added for library: Shows 
2026-09-18T08:25:04.118Z [debug][Jellyfin Sync]: Updating existing title: Game Changer 
2026-09-18T08:25:04.120Z [debug][Jellyfin Sync]: Updating existing title: The Pitt 
2026-09-18T08:25:04.128Z [debug][Jellyfin Sync]: Updating existing title: Nathan for You 
2026-09-18T08:25:04.151Z [debug][Jellyfin Sync]: Updating existing title: Adventure Time 
2026-09-18T08:25:08.154Z [info][Jellyfin Sync]: Recently Added Scan Complete 
2026-09-18T08:26:00.003Z [debug][Jobs]: Starting scheduled job: Download Sync 
2026-09-18T08:27:00.004Z [debug][Jobs]: Starting scheduled job: Download Sync 
2026-09-18T08:28:00.006Z [debug][Jobs]: Starting scheduled job: Download Sync 
2026-09-18T08:29:00.010Z [debug][Jobs]: Starting scheduled job: Download Sync 
2026-09-18T08:30:00.005Z [debug][Jobs]: Starting scheduled job: Download Sync 
2026-09-18T08:30:00.008Z [info][Jobs]: Starting scheduled job: Jellyfin Recently Added Scan 
2026-09-18T08:30:00.008Z [info][Jellyfin Sync]: Scan starting {"sessionId":"b683fb95-61fc-4439-a43b-df7c71ceb1bf"}
2026-09-18T08:30:00.014Z [info][Jellyfin Sync]: Beginning to process recently added for library: Movies 
2026-09-18T08:30:00.041Z [debug][Jellyfin Sync]: Title already exists and no changes detected for 3 Idiots 
2026-09-18T08:30:00.042Z [debug][Jellyfin Sync]: Title already exists and no changes detected for The Shawshank Redemption 
2026-09-18T08:30:00.048Z [debug][Jellyfin Sync]: Title already exists and no changes detected for Shrek 
2026-09-18T08:30:00.049Z [debug][Jellyfin Sync]: Title already exists and no changes detected for Nirvanna the Band the Show the Movie 
2026-09-18T08:30:04.053Z [info][Jellyfin Sync]: Beginning to process recently added for library: Shows 
2026-09-18T08:30:04.117Z [debug][Jellyfin Sync]: Updating existing title: Game Changer 
2026-09-18T08:30:04.121Z [debug][Jellyfin Sync]: Updating existing title: The Pitt 
2026-09-18T08:30:04.125Z [debug][Jellyfin Sync]: Updating existing title: Nathan for You 
2026-09-18T08:30:04.147Z [debug][Jellyfin Sync]: Updating existing title: Adventure Time 
2026-09-18T08:30:08.151Z [info][Jellyfin Sync]: Recently Added Scan Complete 
2026-09-18T08:31:00.009Z [debug][Jobs]: Starting scheduled job: Download Sync 
2026-09-18T08:32:00.008Z [debug][Jobs]: Starting scheduled job: Download Sync 
2026-09-18T08:33:00.007Z [debug][Jobs]: Starting scheduled job: Download Sync 
2026-09-18T08:34:00.009Z [debug][Jobs]: Starting scheduled job: Download Sync 
2026-09-18T08:35:00.008Z [debug][Jobs]: Starting scheduled job: Download Sync 
2026-09-18T08:35:00.011Z [info][Jobs]: Starting scheduled job: Jellyfin Recently Added Scan 
2026-09-18T08:35:00.012Z [info][Jellyfin Sync]: Scan starting {"sessionId":"c9de01ed-5e46-49f0-8233-b25e0eede8cc"}
2026-09-18T08:35:00.021Z [info][Jellyfin Sync]: Beginning to process recently added for library: Movies 
2026-09-18T08:35:00.048Z [debug][Jellyfin Sync]: Title already exists and no changes detected for The Shawshank Redemption 
2026-09-18T08:35:00.049Z [debug][Jellyfin Sync]: Title already exists and no changes detected for Shrek 
2026-09-18T08:35:00.055Z [debug][Jellyfin Sync]: Title already exists and no changes detected for Nirvanna the Band the Show the Movie 
2026-09-18T08:35:00.057Z [debug][Jellyfin Sync]: Title already exists and no changes detected for 3 Idiots 
2026-09-18T08:35:04.058Z [info][Jellyfin Sync]: Beginning to process recently added for library: Shows 
2026-09-18T08:35:04.106Z [debug][Jellyfin Sync]: Updating existing title: Game Changer 
2026-09-18T08:35:04.112Z [debug][Jellyfin Sync]: Updating existing title: The Pitt 
2026-09-18T08:35:04.114Z [debug][Jellyfin Sync]: Updating existing title: Nathan for You 
2026-09-18T08:35:04.138Z [debug][Jellyfin Sync]: Updating existing title: Adventure Time 
2026-09-18T08:35:08.138Z [info][Jellyfin Sync]: Recently Added Scan Complete 
2026-09-18T08:36:00.009Z [debug][Jobs]: Starting scheduled job: Download Sync 
2026-09-18T08:37:00.008Z [debug][Jobs]: Starting scheduled job: Download Sync 
2026-09-18T08:38:00.009Z [debug][Jobs]: Starting scheduled job: Download Sync 
2026-09-18T08:39:00.009Z [debug][Jobs]: Starting scheduled job: Download Sync 
2026-09-18T08:40:00.009Z [debug][Jobs]: Starting scheduled job: Download Sync 
2026-09-18T08:40:00.012Z [info][Jobs]: Starting scheduled job: Jellyfin Recently Added Scan 
2026-09-18T08:40:00.012Z [info][Jellyfin Sync]: Scan starting {"sessionId":"974374a8-462c-40ad-9889-dfc29942e01e"}
2026-09-18T08:40:00.016Z [info][Jellyfin Sync]: Beginning to process recently added for library: Movies 
2026-09-18T08:40:00.052Z [debug][Jellyfin Sync]: Title already exists and no changes detected for The Shawshank Redemption 
2026-09-18T08:40:00.053Z [debug][Jellyfin Sync]: Title already exists and no changes detected for 3 Idiots 
2026-09-18T08:40:00.055Z [debug][Jellyfin Sync]: Title already exists and no changes detected for Nirvanna the Band the Show the Movie 
2026-09-18T08:40:00.057Z [debug][Jellyfin Sync]: Title already exists and no changes detected for Shrek 
2026-09-18T08:40:04.057Z [info][Jellyfin Sync]: Beginning to process recently added for library: Shows 
2026-09-18T08:40:04.101Z [debug][Jellyfin Sync]: Updating existing title: Game Changer 
2026-09-18T08:40:04.109Z [debug][Jellyfin Sync]: Updating existing title: The Pitt 
2026-09-18T08:40:04.115Z [debug][Jellyfin Sync]: Updating existing title: Nathan for You 
2026-09-18T08:40:04.140Z [debug][Jellyfin Sync]: Updating existing title: Adventure Time 
2026-09-18T08:40:08.143Z [info][Jellyfin Sync]: Recently Added Scan Complete 
2026-09-18T08:41:00.009Z [debug][Jobs]: Starting scheduled job: Download Sync 
2026-09-18T08:42:00.006Z [debug][Jobs]: Starting scheduled job: Download Sync 
2026-09-18T08:43:00.007Z [debug][Jobs]: Starting scheduled job: Download Sync 
2026-09-18T08:44:00.008Z [debug][Jobs]: Starting scheduled job: Download Sync 
2026-09-18T08:45:00.009Z [debug][Jobs]: Starting scheduled job: Download Sync 
2026-09-18T08:45:00.012Z [info][Jobs]: Starting scheduled job: Jellyfin Recently Added Scan 
2026-09-18T08:45:00.012Z [info][Jellyfin Sync]: Scan starting {"sessionId":"4cae8f42-1da2-4f17-abcd-e3d4c107cd0d"}
2026-09-18T08:45:00.018Z [info][Jellyfin Sync]: Beginning to process recently added for library: Movies 
2026-09-18T08:45:00.050Z [debug][Jellyfin Sync]: Title already exists and no changes detected for Nirvanna the Band the Show the Movie 
2026-09-18T08:45:00.050Z [debug][Jellyfin Sync]: Title already exists and no changes detected for 3 Idiots 
2026-09-18T08:45:00.050Z [debug][Jellyfin Sync]: Title already exists and no changes detected for The Shawshank Redemption 
2026-09-18T08:45:00.052Z [debug][Jellyfin Sync]: Title already exists and no changes detected for Shrek 
2026-09-18T08:45:04.057Z [info][Jellyfin Sync]: Beginning to process recently added for library: Shows 
2026-09-18T08:45:04.121Z [debug][Jellyfin Sync]: Updating existing title: Game Changer 
2026-09-18T08:45:04.130Z [debug][Jellyfin Sync]: Updating existing title: The Pitt 
2026-09-18T08:45:04.135Z [debug][Jellyfin Sync]: Updating existing title: Nathan for You 
2026-09-18T08:45:04.182Z [debug][Jellyfin Sync]: Updating existing title: Adventure Time 
2026-09-18T08:45:08.185Z [info][Jellyfin Sync]: Recently Added Scan Complete 
2026-09-18T08:46:00.007Z [debug][Jobs]: Starting scheduled job: Download Sync 
2026-09-18T08:47:00.010Z [debug][Jobs]: Starting scheduled job: Download Sync 
2026-09-18T08:48:00.006Z [debug][Jobs]: Starting scheduled job: Download Sync 
2026-09-18T08:49:00.007Z [debug][Jobs]: Starting scheduled job: Download Sync 
2026-09-18T08:50:00.007Z [debug][Jobs]: Starting scheduled job: Download Sync 
2026-09-18T08:50:00.009Z [info][Jobs]: Starting scheduled job: Jellyfin Recently Added Scan 
2026-09-18T08:50:00.009Z [info][Jellyfin Sync]: Scan starting {"sessionId":"6bde4121-6491-4afd-bc5f-d60b91f84c78"}
2026-09-18T08:50:00.014Z [info][Jellyfin Sync]: Beginning to process recently added for library: Movies 
2026-09-18T08:50:00.044Z [debug][Jellyfin Sync]: Title already exists and no changes detected for The Shawshank Redemption 
2026-09-18T08:50:00.045Z [debug][Jellyfin Sync]: Title already exists and no changes detected for Shrek 
2026-09-18T08:50:00.047Z [debug][Jellyfin Sync]: Title already exists and no changes detected for 3 Idiots 
2026-09-18T08:50:00.047Z [debug][Jellyfin Sync]: Title already exists and no changes detected for Nirvanna the Band the Show the Movie 
2026-09-18T08:50:04.052Z [info][Jellyfin Sync]: Beginning to process recently added for library: Shows 
2026-09-18T08:50:04.108Z [debug][Jellyfin Sync]: Updating existing title: Game Changer 
2026-09-18T08:50:04.112Z [debug][Jellyfin Sync]: Updating existing title: The Pitt 
2026-09-18T08:50:04.118Z [debug][Jellyfin Sync]: Updating existing title: Nathan for You 
2026-09-18T08:50:04.143Z [debug][Jellyfin Sync]: Updating existing title: Adventure Time 
2026-09-18T08:50:08.146Z [info][Jellyfin Sync]: Recently Added Scan Complete 
2026-09-18T08:51:00.009Z [debug][Jobs]: Starting scheduled job: Download Sync 
2026-09-18T08:52:00.010Z [debug][Jobs]: Starting scheduled job: Download Sync 
2026-09-18T08:53:00.007Z [debug][Jobs]: Starting scheduled job: Download Sync 
2026-09-18T08:54:00.008Z [debug][Jobs]: Starting scheduled job: Download Sync 
2026-09-18T08:55:00.009Z [debug][Jobs]: Starting scheduled job: Download Sync 
2026-09-18T08:55:00.015Z [info][Jobs]: Starting scheduled job: Jellyfin Recently Added Scan 
2026-09-18T08:55:00.015Z [info][Jellyfin Sync]: Scan starting {"sessionId":"f6a5557f-f9fe-42b2-8d5a-9d76af037453"}
2026-09-18T08:55:00.020Z [info][Jellyfin Sync]: Beginning to process recently added for library: Movies 
2026-09-18T08:55:00.050Z [debug][Jellyfin Sync]: Title already exists and no changes detected for 3 Idiots 
2026-09-18T08:55:00.050Z [debug][Jellyfin Sync]: Title already exists and no changes detected for The Shawshank Redemption 
2026-09-18T08:55:00.051Z [debug][Jellyfin Sync]: Title already exists and no changes detected for Nirvanna the Band the Show the Movie 
2026-09-18T08:55:00.051Z [debug][Jellyfin Sync]: Title already exists and no changes detected for Shrek 
2026-09-18T08:55:04.055Z [info][Jellyfin Sync]: Beginning to process recently added for library: Shows 
2026-09-18T08:55:04.112Z [debug][Jellyfin Sync]: Updating existing title: Game Changer 
2026-09-18T08:55:04.113Z [debug][Jellyfin Sync]: Updating existing title: The Pitt 
2026-09-18T08:55:04.116Z [debug][Jellyfin Sync]: Updating existing title: Nathan for You 
2026-09-18T08:55:04.142Z [debug][Jellyfin Sync]: Updating existing title: Adventure Time 
2026-09-18T08:55:08.143Z [info][Jellyfin Sync]: Recently Added Scan Complete 
2026-09-18T08:56:00.009Z [debug][Jobs]: Starting scheduled job: Download Sync 
2026-09-18T08:57:00.009Z [debug][Jobs]: Starting scheduled job: Download Sync 
2026-09-18T08:58:00.008Z [debug][Jobs]: Starting scheduled job: Download Sync 
2026-09-18T08:59:00.007Z [debug][Jobs]: Starting scheduled job: Download Sync 
2026-09-18T09:00:00.008Z [debug][Jobs]: Starting scheduled job: Download Sync 
2026-09-18T09:00:00.012Z [info][Jobs]: Starting scheduled job: Jellyfin Recently Added Scan 
2026-09-18T09:00:00.012Z [info][Jellyfin Sync]: Scan starting {"sessionId":"7d4fbfff-da1e-4ec2-bba4-f49ba9aea7f8"}
2026-09-18T09:00:00.017Z [info][Jellyfin Sync]: Beginning to process recently added for library: Movies 
2026-09-18T09:00:00.048Z [debug][Jellyfin Sync]: Title already exists and no changes detected for 3 Idiots 
2026-09-18T09:00:00.051Z [debug][Jellyfin Sync]: Title already exists and no changes detected for The Shawshank Redemption 
2026-09-18T09:00:00.052Z [debug][Jellyfin Sync]: Title already exists and no changes detected for Shrek 
2026-09-18T09:00:00.053Z [debug][Jellyfin Sync]: Title already exists and no changes detected for Nirvanna the Band the Show the Movie 
2026-09-18T09:00:04.057Z [info][Jellyfin Sync]: Beginning to process recently added for library: Shows 
2026-09-18T09:00:04.112Z [debug][Jellyfin Sync]: Updating existing title: Game Changer 
2026-09-18T09:00:04.117Z [debug][Jellyfin Sync]: Updating existing title: The Pitt 
2026-09-18T09:00:04.120Z [debug][Jellyfin Sync]: Updating existing title: Nathan for You 
2026-09-18T09:00:04.144Z [debug][Jellyfin Sync]: Updating existing title: Adventure Time 
2026-09-18T09:00:08.144Z [info][Jellyfin Sync]: Recently Added Scan Complete 
2026-09-18T09:01:00.009Z [debug][Jobs]: Starting scheduled job: Download Sync 
2026-09-18T09:02:00.009Z [debug][Jobs]: Starting scheduled job: Download Sync 
2026-09-18T09:03:00.008Z [debug][Jobs]: Starting scheduled job: Download Sync 
2026-09-18T09:04:00.008Z [debug][Jobs]: Starting scheduled job: Download Sync 
2026-09-18T09:05:00.005Z [debug][Jobs]: Starting scheduled job: Download Sync 
2026-09-18T09:05:00.010Z [info][Jobs]: Starting scheduled job: Jellyfin Recently Added Scan 
2026-09-18T09:05:00.010Z [info][Jellyfin Sync]: Scan starting {"sessionId":"a546b2e1-ea7f-43a7-94bc-7fedbead719f"}
2026-09-18T09:05:00.017Z [info][Jellyfin Sync]: Beginning to process recently added for library: Movies 
2026-09-18T09:05:00.049Z [debug][Jellyfin Sync]: Title already exists and no changes detected for The Shawshank Redemption 
2026-09-18T09:05:00.052Z [debug][Jellyfin Sync]: Title already exists and no changes detected for Shrek 
2026-09-18T09:05:00.053Z [debug][Jellyfin Sync]: Title already exists and no changes detected for 3 Idiots 
2026-09-18T09:05:00.054Z [debug][Jellyfin Sync]: Title already exists and no changes detected for Nirvanna the Band the Show the Movie 
2026-09-18T09:05:04.055Z [info][Jellyfin Sync]: Beginning to process recently added for library: Shows 
2026-09-18T09:05:04.107Z [debug][Jellyfin Sync]: Updating existing title: Game Changer 
2026-09-18T09:05:04.110Z [debug][Jellyfin Sync]: Updating existing title: The Pitt 
2026-09-18T09:05:04.112Z [debug][Jellyfin Sync]: Updating existing title: Nathan for You 
2026-09-18T09:05:04.140Z [debug][Jellyfin Sync]: Updating existing title: Adventure Time 
2026-09-18T09:05:08.140Z [info][Jellyfin Sync]: Recently Added Scan Complete 
2026-09-18T09:06:00.009Z [debug][Jobs]: Starting scheduled job: Download Sync 
2026-09-18T09:07:00.007Z [debug][Jobs]: Starting scheduled job: Download Sync 
2026-09-18T09:08:00.008Z [debug][Jobs]: Starting scheduled job: Download Sync 
2026-09-18T09:09:00.008Z [debug][Jobs]: Starting scheduled job: Download Sync 
2026-09-18T09:10:00.008Z [debug][Jobs]: Starting scheduled job: Download Sync 
2026-09-18T09:10:00.011Z [info][Jobs]: Starting scheduled job: Jellyfin Recently Added Scan 
2026-09-18T09:10:00.011Z [info][Jellyfin Sync]: Scan starting {"sessionId":"f5abee23-aa24-43d7-b894-55c28ed25bc2"}
2026-09-18T09:10:00.016Z [info][Jellyfin Sync]: Beginning to process recently added for library: Movies 
2026-09-18T09:10:00.051Z [debug][Jellyfin Sync]: Title already exists and no changes detected for The Shawshank Redemption 
2026-09-18T09:10:00.054Z [debug][Jellyfin Sync]: Title already exists and no changes detected for 3 Idiots 
2026-09-18T09:10:00.055Z [debug][Jellyfin Sync]: Title already exists and no changes detected for Shrek 
2026-09-18T09:10:00.056Z [debug][Jellyfin Sync]: Title already exists and no changes detected for Nirvanna the Band the Show the Movie 
2026-09-18T09:10:04.060Z [info][Jellyfin Sync]: Beginning to process recently added for library: Shows 
2026-09-18T09:10:04.136Z [debug][Jellyfin Sync]: Updating existing title: Game Changer 
2026-09-18T09:10:04.138Z [debug][Jellyfin Sync]: Updating existing title: The Pitt 
2026-09-18T09:10:04.147Z [debug][Jellyfin Sync]: Updating existing title: Nathan for You 
2026-09-18T09:10:04.183Z [debug][Jellyfin Sync]: Updating existing title: Adventure Time 
2026-09-18T09:10:08.185Z [info][Jellyfin Sync]: Recently Added Scan Complete 
2026-09-18T09:11:00.007Z [debug][Jobs]: Starting scheduled job: Download Sync 
2026-09-18T09:12:00.005Z [debug][Jobs]: Starting scheduled job: Download Sync 
2026-09-18T09:13:00.005Z [debug][Jobs]: Starting scheduled job: Download Sync 
2026-09-18T09:14:00.006Z [debug][Jobs]: Starting scheduled job: Download Sync 
2026-09-18T09:15:00.007Z [debug][Jobs]: Starting scheduled job: Download Sync 
2026-09-18T09:15:00.010Z [info][Jobs]: Starting scheduled job: Jellyfin Recently Added Scan 
2026-09-18T09:15:00.010Z [info][Jellyfin Sync]: Scan starting {"sessionId":"c2eb14b6-907c-4166-8260-f1671138168c"}
2026-09-18T09:15:00.016Z [info][Jellyfin Sync]: Beginning to process recently added for library: Movies 
2026-09-18T09:15:00.042Z [debug][Jellyfin Sync]: Title already exists and no changes detected for The Shawshank Redemption 
2026-09-18T09:15:00.046Z [debug][Jellyfin Sync]: Title already exists and no changes detected for 3 Idiots 
2026-09-18T09:15:00.047Z [debug][Jellyfin Sync]: Title already exists and no changes detected for Nirvanna the Band the Show the Movie 
2026-09-18T09:15:00.049Z [debug][Jellyfin Sync]: Title already exists and no changes detected for Shrek 
2026-09-18T09:15:04.054Z [info][Jellyfin Sync]: Beginning to process recently added for library: Shows 
2026-09-18T09:15:04.107Z [debug][Jellyfin Sync]: Updating existing title: Game Changer 
2026-09-18T09:15:04.113Z [debug][Jellyfin Sync]: Updating existing title: The Pitt 
2026-09-18T09:15:04.119Z [debug][Jellyfin Sync]: Updating existing title: Nathan for You 
2026-09-18T09:15:04.141Z [debug][Jellyfin Sync]: Updating existing title: Adventure Time 
2026-09-18T09:15:08.145Z [info][Jellyfin Sync]: Recently Added Scan Complete 
2026-09-18T09:16:00.006Z [debug][Jobs]: Starting scheduled job: Download Sync 
2026-09-18T09:17:00.005Z [debug][Jobs]: Starting scheduled job: Download Sync 
2026-09-18T09:18:00.005Z [debug][Jobs]: Starting scheduled job: Download Sync 
2026-09-18T09:19:00.004Z [debug][Jobs]: Starting scheduled job: Download Sync 
2026-09-18T09:20:00.006Z [debug][Jobs]: Starting scheduled job: Download Sync 
2026-09-18T09:20:00.008Z [info][Jobs]: Starting scheduled job: Jellyfin Recently Added Scan 
2026-09-18T09:20:00.009Z [info][Jellyfin Sync]: Scan starting {"sessionId":"f9a21f1c-7f94-4731-bdd4-d1a399f90bd9"}
2026-09-18T09:20:00.036Z [info][Jellyfin Sync]: Beginning to process recently added for library: Movies 
2026-09-18T09:20:00.064Z [debug][Jellyfin Sync]: Title already exists and no changes detected for The Shawshank Redemption 
2026-09-18T09:20:00.066Z [debug][Jellyfin Sync]: Title already exists and no changes detected for 3 Idiots 
2026-09-18T09:20:00.070Z [debug][Jellyfin Sync]: Title already exists and no changes detected for Nirvanna the Band the Show the Movie 
2026-09-18T09:20:00.071Z [debug][Jellyfin Sync]: Title already exists and no changes detected for Shrek 
2026-09-18T09:20:04.075Z [info][Jellyfin Sync]: Beginning to process recently added for library: Shows 
2026-09-18T09:20:04.127Z [debug][Jellyfin Sync]: Updating existing title: Game Changer 
2026-09-18T09:20:04.131Z [debug][Jellyfin Sync]: Updating existing title: The Pitt 
2026-09-18T09:20:04.136Z [debug][Jellyfin Sync]: Updating existing title: Nathan for You 
2026-09-18T09:20:04.158Z [debug][Jellyfin Sync]: Updating existing title: Adventure Time 
2026-09-18T09:20:08.161Z [info][Jellyfin Sync]: Recently Added Scan Complete 
2026-09-18T09:21:00.004Z [debug][Jobs]: Starting scheduled job: Download Sync 
2026-09-18T09:22:00.005Z [debug][Jobs]: Starting scheduled job: Download Sync 
2026-09-18T09:23:00.004Z [debug][Jobs]: Starting scheduled job: Download Sync 
2026-09-18T09:24:00.004Z [debug][Jobs]: Starting scheduled job: Download Sync 
2026-09-18T09:25:00.004Z [debug][Jobs]: Starting scheduled job: Download Sync 
2026-09-18T09:25:00.011Z [info][Jobs]: Starting scheduled job: Jellyfin Recently Added Scan 
2026-09-18T09:25:00.011Z [info][Jellyfin Sync]: Scan starting {"sessionId":"a6128ca1-a652-42f5-9a8d-d7de152b1950"}
2026-09-18T09:25:00.023Z [info][Jellyfin Sync]: Beginning to process recently added for library: Movies 
2026-09-18T09:25:00.046Z [debug][Jellyfin Sync]: Title already exists and no changes detected for The Shawshank Redemption 
2026-09-18T09:25:00.053Z [debug][Jellyfin Sync]: Title already exists and no changes detected for 3 Idiots 
2026-09-18T09:25:00.053Z [debug][Jellyfin Sync]: Title already exists and no changes detected for Nirvanna the Band the Show the Movie 
2026-09-18T09:25:00.056Z [debug][Jellyfin Sync]: Title already exists and no changes detected for Shrek 
2026-09-18T09:25:04.061Z [info][Jellyfin Sync]: Beginning to process recently added for library: Shows 
2026-09-18T09:25:04.116Z [debug][Jellyfin Sync]: Updating existing title: Game Changer 
2026-09-18T09:25:04.125Z [debug][Jellyfin Sync]: Updating existing title: Nathan for You 
2026-09-18T09:25:04.126Z [debug][Jellyfin Sync]: Updating existing title: The Pitt 
2026-09-18T09:25:04.150Z [debug][Jellyfin Sync]: Updating existing title: Adventure Time 
2026-09-18T09:25:08.154Z [info][Jellyfin Sync]: Recently Added Scan Complete 
2026-09-18T09:26:00.004Z [debug][Jobs]: Starting scheduled job: Download Sync 
2026-09-18T09:27:00.004Z [debug][Jobs]: Starting scheduled job: Download Sync 
2026-09-18T09:28:00.004Z [debug][Jobs]: Starting scheduled job: Download Sync 
2026-09-18T09:29:00.008Z [debug][Jobs]: Starting scheduled job: Download Sync 
2026-09-18T09:30:00.009Z [debug][Jobs]: Starting scheduled job: Download Sync 
2026-09-18T09:30:00.016Z [info][Jobs]: Starting scheduled job: Jellyfin Recently Added Scan 
2026-09-18T09:30:00.016Z [info][Jellyfin Sync]: Scan starting {"sessionId":"a77f92d7-c4be-46da-a61a-68702dc3cb1a"}
2026-09-18T09:30:00.029Z [info][Jellyfin Sync]: Beginning to process recently added for library: Movies 
2026-09-18T09:30:00.068Z [debug][Jellyfin Sync]: Title already exists and no changes detected for Nirvanna the Band the Show the Movie 
2026-09-18T09:30:00.080Z [debug][Jellyfin Sync]: Title already exists and no changes detected for The Shawshank Redemption 
2026-09-18T09:30:00.083Z [debug][Jellyfin Sync]: Title already exists and no changes detected for Shrek 
2026-09-18T09:30:00.084Z [debug][Jellyfin Sync]: Title already exists and no changes detected for 3 Idiots 
2026-09-18T09:30:04.087Z [info][Jellyfin Sync]: Beginning to process recently added for library: Shows 
2026-09-18T09:30:04.148Z [debug][Jellyfin Sync]: Updating existing title: Game Changer 
2026-09-18T09:30:04.153Z [debug][Jellyfin Sync]: Updating existing title: The Pitt 
2026-09-18T09:30:04.158Z [debug][Jellyfin Sync]: Updating existing title: Nathan for You 
2026-09-18T09:30:04.183Z [debug][Jellyfin Sync]: Updating existing title: Adventure Time 
2026-09-18T09:30:08.187Z [info][Jellyfin Sync]: Recently Added Scan Complete 
2026-09-18T09:31:00.006Z [debug][Jobs]: Starting scheduled job: Download Sync 
2026-09-18T09:32:00.007Z [debug][Jobs]: Starting scheduled job: Download Sync 
2026-09-18T09:33:00.008Z [debug][Jobs]: Starting scheduled job: Download Sync 
2026-09-18T09:34:00.005Z [debug][Jobs]: Starting scheduled job: Download Sync 
2026-09-18T09:35:00.007Z [debug][Jobs]: Starting scheduled job: Download Sync 
2026-09-18T09:35:00.010Z [info][Jobs]: Starting scheduled job: Jellyfin Recently Added Scan 
2026-09-18T09:35:00.010Z [info][Jellyfin Sync]: Scan starting {"sessionId":"bf8859ce-c96f-4409-b40b-e247a6c71bab"}
2026-09-18T09:35:00.015Z [info][Jellyfin Sync]: Beginning to process recently added for library: Movies 
2026-09-18T09:35:00.040Z [debug][Jellyfin Sync]: Title already exists and no changes detected for The Shawshank Redemption 
2026-09-18T09:35:00.050Z [debug][Jellyfin Sync]: Title already exists and no changes detected for Shrek 
2026-09-18T09:35:00.051Z [debug][Jellyfin Sync]: Title already exists and no changes detected for 3 Idiots 
2026-09-18T09:35:00.052Z [debug][Jellyfin Sync]: Title already exists and no changes detected for Nirvanna the Band the Show the Movie 
2026-09-18T09:35:04.054Z [info][Jellyfin Sync]: Beginning to process recently added for library: Shows 
2026-09-18T09:35:04.111Z [debug][Jellyfin Sync]: Updating existing title: Game Changer 
2026-09-18T09:35:04.118Z [debug][Jellyfin Sync]: Updating existing title: The Pitt 
2026-09-18T09:35:04.128Z [debug][Jellyfin Sync]: Updating existing title: Nathan for You 
2026-09-18T09:35:04.172Z [debug][Jellyfin Sync]: Updating existing title: Adventure Time 
2026-09-18T09:35:08.173Z [info][Jellyfin Sync]: Recently Added Scan Complete 
2026-09-18T09:36:00.002Z [debug][Jobs]: Starting scheduled job: Download Sync 
2026-09-18T09:37:00.009Z [debug][Jobs]: Starting scheduled job: Download Sync 
2026-09-18T09:38:00.008Z [debug][Jobs]: Starting scheduled job: Download Sync 
2026-09-18T09:39:00.008Z [debug][Jobs]: Starting scheduled job: Download Sync 
2026-09-18T09:40:00.007Z [debug][Jobs]: Starting scheduled job: Download Sync 
2026-09-18T09:40:00.013Z [info][Jobs]: Starting scheduled job: Jellyfin Recently Added Scan 
2026-09-18T09:40:00.014Z [info][Jellyfin Sync]: Scan starting {"sessionId":"45788bba-b043-495f-b3f1-d40e3e20e1fb"}
2026-09-18T09:40:00.018Z [info][Jellyfin Sync]: Beginning to process recently added for library: Movies 
2026-09-18T09:40:00.046Z [debug][Jellyfin Sync]: Title already exists and no changes detected for The Shawshank Redemption 
2026-09-18T09:40:00.047Z [debug][Jellyfin Sync]: Title already exists and no changes detected for Shrek 
2026-09-18T09:40:00.050Z [debug][Jellyfin Sync]: Title already exists and no changes detected for 3 Idiots 
2026-09-18T09:40:00.051Z [debug][Jellyfin Sync]: Title already exists and no changes detected for Nirvanna the Band the Show the Movie 
2026-09-18T09:40:04.051Z [info][Jellyfin Sync]: Beginning to process recently added for library: Shows 
2026-09-18T09:40:04.109Z [debug][Jellyfin Sync]: Updating existing title: Game Changer 
2026-09-18T09:40:04.114Z [debug][Jellyfin Sync]: Updating existing title: The Pitt 
2026-09-18T09:40:04.120Z [debug][Jellyfin Sync]: Updating existing title: Nathan for You 
2026-09-18T09:40:04.139Z [debug][Jellyfin Sync]: Updating existing title: Adventure Time 
2026-09-18T09:40:08.143Z [info][Jellyfin Sync]: Recently Added Scan Complete 
2026-09-18T09:41:00.009Z [debug][Jobs]: Starting scheduled job: Download Sync 
2026-09-18T09:42:00.009Z [debug][Jobs]: Starting scheduled job: Download Sync 
2026-09-18T09:43:00.007Z [debug][Jobs]: Starting scheduled job: Download Sync 
2026-09-18T09:44:00.006Z [debug][Jobs]: Starting scheduled job: Download Sync 
2026-09-18T09:45:00.007Z [debug][Jobs]: Starting scheduled job: Download Sync 
2026-09-18T09:45:00.011Z [info][Jobs]: Starting scheduled job: Jellyfin Recently Added Scan 
2026-09-18T09:45:00.012Z [info][Jellyfin Sync]: Scan starting {"sessionId":"7ca86511-3548-4d24-a3e2-f64879cf72bc"}
2026-09-18T09:45:00.016Z [info][Jellyfin Sync]: Beginning to process recently added for library: Movies 
2026-09-18T09:45:00.057Z [debug][Jellyfin Sync]: Title already exists and no changes detected for The Shawshank Redemption 
2026-09-18T09:45:00.059Z [debug][Jellyfin Sync]: Title already exists and no changes detected for 3 Idiots 
2026-09-18T09:45:00.059Z [debug][Jellyfin Sync]: Title already exists and no changes detected for Nirvanna the Band the Show the Movie 
2026-09-18T09:45:00.062Z [debug][Jellyfin Sync]: Title already exists and no changes detected for Shrek 
2026-09-18T09:45:04.067Z [info][Jellyfin Sync]: Beginning to process recently added for library: Shows 
2026-09-18T09:45:04.332Z [debug][Jellyfin Sync]: Updating existing title: Nathan for You 
2026-09-18T09:45:04.333Z [debug][Jellyfin Sync]: Updating existing title: Game Changer 
2026-09-18T09:45:04.334Z [debug][Jellyfin Sync]: Updating existing title: The Pitt 
2026-09-18T09:45:04.382Z [debug][Jellyfin Sync]: Updating existing title: Adventure Time 
2026-09-18T09:45:08.386Z [info][Jellyfin Sync]: Recently Added Scan Complete 
2026-09-18T09:46:00.006Z [debug][Jobs]: Starting scheduled job: Download Sync 
2026-09-18T09:47:00.008Z [debug][Jobs]: Starting scheduled job: Download Sync 
2026-09-18T09:48:00.008Z [debug][Jobs]: Starting scheduled job: Download Sync 
2026-09-18T09:49:00.007Z [debug][Jobs]: Starting scheduled job: Download Sync 
2026-09-18T09:50:00.008Z [debug][Jobs]: Starting scheduled job: Download Sync 
2026-09-18T09:50:00.011Z [info][Jobs]: Starting scheduled job: Jellyfin Recently Added Scan 
2026-09-18T09:50:00.012Z [info][Jellyfin Sync]: Scan starting {"sessionId":"cee5f56c-36f6-426a-ae10-dc7b2bac472d"}
2026-09-18T09:50:00.019Z [info][Jellyfin Sync]: Beginning to process recently added for library: Movies 
2026-09-18T09:50:00.049Z [debug][Jellyfin Sync]: Title already exists and no changes detected for The Shawshank Redemption 
2026-09-18T09:50:00.058Z [debug][Jellyfin Sync]: Title already exists and no changes detected for Shrek 
2026-09-18T09:50:00.061Z [debug][Jellyfin Sync]: Title already exists and no changes detected for 3 Idiots 
2026-09-18T09:50:00.062Z [debug][Jellyfin Sync]: Title already exists and no changes detected for Nirvanna the Band the Show the Movie 
2026-09-18T09:50:04.066Z [info][Jellyfin Sync]: Beginning to process recently added for library: Shows 
2026-09-18T09:50:04.129Z [debug][Jellyfin Sync]: Updating existing title: Game Changer 
2026-09-18T09:50:04.134Z [debug][Jellyfin Sync]: Updating existing title: The Pitt 
2026-09-18T09:50:04.135Z [debug][Jellyfin Sync]: Updating existing title: Nathan for You 
2026-09-18T09:50:04.163Z [debug][Jellyfin Sync]: Updating existing title: Adventure Time 
2026-09-18T09:50:08.164Z [info][Jellyfin Sync]: Recently Added Scan Complete 
2026-09-18T09:51:00.007Z [debug][Jobs]: Starting scheduled job: Download Sync 
2026-09-18T09:52:00.006Z [debug][Jobs]: Starting scheduled job: Download Sync 
2026-09-18T09:53:00.008Z [debug][Jobs]: Starting scheduled job: Download Sync 
2026-09-18T09:54:00.008Z [debug][Jobs]: Starting scheduled job: Download Sync 
2026-09-18T09:55:00.004Z [debug][Jobs]: Starting scheduled job: Download Sync 
2026-09-18T09:55:00.007Z [info][Jobs]: Starting scheduled job: Jellyfin Recently Added Scan 
2026-09-18T09:55:00.008Z [info][Jellyfin Sync]: Scan starting {"sessionId":"1aabc5eb-0c64-4d20-9447-11d7dd040d30"}
2026-09-18T09:55:00.014Z [info][Jellyfin Sync]: Beginning to process recently added for library: Movies 
2026-09-18T09:55:00.046Z [debug][Jellyfin Sync]: Title already exists and no changes detected for 3 Idiots 
2026-09-18T09:55:00.047Z [debug][Jellyfin Sync]: Title already exists and no changes detected for The Shawshank Redemption 
2026-09-18T09:55:00.050Z [debug][Jellyfin Sync]: Title already exists and no changes detected for Nirvanna the Band the Show the Movie 
2026-09-18T09:55:00.051Z [debug][Jellyfin Sync]: Title already exists and no changes detected for Shrek 
2026-09-18T09:55:04.053Z [info][Jellyfin Sync]: Beginning to process recently added for library: Shows 
2026-09-18T09:55:04.138Z [debug][Jellyfin Sync]: Updating existing title: Game Changer 
2026-09-18T09:55:04.144Z [debug][Jellyfin Sync]: Updating existing title: The Pitt 
2026-09-18T09:55:04.145Z [debug][Jellyfin Sync]: Updating existing title: Nathan for You 
2026-09-18T09:55:04.171Z [debug][Jellyfin Sync]: Updating existing title: Adventure Time 
2026-09-18T09:55:08.172Z [info][Jellyfin Sync]: Recently Added Scan Complete 
2026-09-18T09:56:00.008Z [debug][Jobs]: Starting scheduled job: Download Sync 
2026-09-18T09:57:00.007Z [debug][Jobs]: Starting scheduled job: Download Sync 
2026-09-18T09:58:00.008Z [debug][Jobs]: Starting scheduled job: Download Sync 
2026-09-18T09:59:00.008Z [debug][Jobs]: Starting scheduled job: Download Sync 
2026-09-18T10:00:00.007Z [debug][Jobs]: Starting scheduled job: Download Sync 
2026-09-18T10:00:00.013Z [info][Jobs]: Starting scheduled job: Jellyfin Recently Added Scan 
2026-09-18T10:00:00.014Z [info][Jellyfin Sync]: Scan starting {"sessionId":"fc6b5d19-6192-4187-9ffe-0f3014d0c601"}
2026-09-18T10:00:00.019Z [info][Jellyfin Sync]: Beginning to process recently added for library: Movies 
2026-09-18T10:00:00.050Z [debug][Jellyfin Sync]: Title already exists and no changes detected for 3 Idiots 
2026-09-18T10:00:00.051Z [debug][Jellyfin Sync]: Title already exists and no changes detected for Nirvanna the Band the Show the Movie 
2026-09-18T10:00:00.055Z [debug][Jellyfin Sync]: Title already exists and no changes detected for Shrek 
2026-09-18T10:00:00.056Z [debug][Jellyfin Sync]: Title already exists and no changes detected for The Shawshank Redemption 
2026-09-18T10:00:04.061Z [info][Jellyfin Sync]: Beginning to process recently added for library: Shows 
2026-09-18T10:00:04.121Z [debug][Jellyfin Sync]: Updating existing title: Game Changer 
2026-09-18T10:00:04.128Z [debug][Jellyfin Sync]: Updating existing title: The Pitt 
2026-09-18T10:00:04.131Z [debug][Jellyfin Sync]: Updating existing title: Nathan for You 
2026-09-18T10:00:04.156Z [debug][Jellyfin Sync]: Updating existing title: Adventure Time 
2026-09-18T10:00:08.159Z [info][Jellyfin Sync]: Recently Added Scan Complete 
2026-09-18T10:01:00.009Z [debug][Jobs]: Starting scheduled job: Download Sync 
2026-09-18T10:02:00.008Z [debug][Jobs]: Starting scheduled job: Download Sync 
2026-09-18T10:03:00.008Z [debug][Jobs]: Starting scheduled job: Download Sync 
2026-09-18T10:04:00.009Z [debug][Jobs]: Starting scheduled job: Download Sync 
2026-09-18T10:05:00.009Z [debug][Jobs]: Starting scheduled job: Download Sync 
2026-09-18T10:05:00.012Z [info][Jobs]: Starting scheduled job: Jellyfin Recently Added Scan 
2026-09-18T10:05:00.012Z [info][Jellyfin Sync]: Scan starting {"sessionId":"7d53641f-09df-409c-aa6f-5fa83080d7fa"}
2026-09-18T10:05:00.018Z [info][Jellyfin Sync]: Beginning to process recently added for library: Movies 
2026-09-18T10:05:00.044Z [debug][Jellyfin Sync]: Title already exists and no changes detected for The Shawshank Redemption 
2026-09-18T10:05:00.049Z [debug][Jellyfin Sync]: Title already exists and no changes detected for 3 Idiots 
2026-09-18T10:05:00.052Z [debug][Jellyfin Sync]: Title already exists and no changes detected for Nirvanna the Band the Show the Movie 
2026-09-18T10:05:00.053Z [debug][Jellyfin Sync]: Title already exists and no changes detected for Shrek 
2026-09-18T10:05:04.058Z [info][Jellyfin Sync]: Beginning to process recently added for library: Shows 
2026-09-18T10:05:04.111Z [debug][Jellyfin Sync]: Updating existing title: Game Changer 
2026-09-18T10:05:04.117Z [debug][Jellyfin Sync]: Updating existing title: The Pitt 
2026-09-18T10:05:04.118Z [debug][Jellyfin Sync]: Updating existing title: Nathan for You 
2026-09-18T10:05:04.141Z [debug][Jellyfin Sync]: Updating existing title: Adventure Time 
2026-09-18T10:05:08.142Z [info][Jellyfin Sync]: Recently Added Scan Complete 
2026-09-18T10:06:00.004Z [debug][Jobs]: Starting scheduled job: Download Sync 
2026-09-18T10:07:00.006Z [debug][Jobs]: Starting scheduled job: Download Sync 
2026-09-18T10:08:00.008Z [debug][Jobs]: Starting scheduled job: Download Sync 
2026-09-18T10:09:00.009Z [debug][Jobs]: Starting scheduled job: Download Sync 
2026-09-18T10:10:00.007Z [debug][Jobs]: Starting scheduled job: Download Sync 
2026-09-18T10:10:00.011Z [info][Jobs]: Starting scheduled job: Jellyfin Recently Added Scan 
2026-09-18T10:10:00.011Z [info][Jellyfin Sync]: Scan starting {"sessionId":"89fe54e0-b59f-4705-94bc-23e2387a4930"}
2026-09-18T10:10:00.014Z [info][Jellyfin Sync]: Beginning to process recently added for library: Movies 
2026-09-18T10:10:00.043Z [debug][Jellyfin Sync]: Title already exists and no changes detected for The Shawshank Redemption 
2026-09-18T10:10:00.051Z [debug][Jellyfin Sync]: Title already exists and no changes detected for 3 Idiots 
2026-09-18T10:10:00.054Z [debug][Jellyfin Sync]: Title already exists and no changes detected for Shrek 
2026-09-18T10:10:00.054Z [debug][Jellyfin Sync]: Title already exists and no changes detected for Nirvanna the Band the Show the Movie 
2026-09-18T10:10:04.057Z [info][Jellyfin Sync]: Beginning to process recently added for library: Shows 
2026-09-18T10:10:04.109Z [debug][Jellyfin Sync]: Updating existing title: Game Changer 
2026-09-18T10:10:04.119Z [debug][Jellyfin Sync]: Updating existing title: Nathan for You 
2026-09-18T10:10:04.120Z [debug][Jellyfin Sync]: Updating existing title: The Pitt 
2026-09-18T10:10:04.165Z [debug][Jellyfin Sync]: Updating existing title: Adventure Time 
2026-09-18T10:10:08.168Z [info][Jellyfin Sync]: Recently Added Scan Complete 
2026-09-18T10:11:00.009Z [debug][Jobs]: Starting scheduled job: Download Sync 
2026-09-18T10:12:00.008Z [debug][Jobs]: Starting scheduled job: Download Sync 
2026-09-18T10:13:00.005Z [debug][Jobs]: Starting scheduled job: Download Sync 
2026-09-18T10:14:00.007Z [debug][Jobs]: Starting scheduled job: Download Sync 
2026-09-18T10:15:00.007Z [debug][Jobs]: Starting scheduled job: Download Sync 
2026-09-18T10:15:00.012Z [info][Jobs]: Starting scheduled job: Jellyfin Recently Added Scan 
2026-09-18T10:15:00.012Z [info][Jellyfin Sync]: Scan starting {"sessionId":"e3eb08e7-f7e6-4b9d-bf0f-a53413c84252"}
2026-09-18T10:15:00.022Z [info][Jellyfin Sync]: Beginning to process recently added for library: Movies 
2026-09-18T10:15:00.047Z [debug][Jellyfin Sync]: Title already exists and no changes detected for The Shawshank Redemption 
2026-09-18T10:15:00.049Z [debug][Jellyfin Sync]: Title already exists and no changes detected for 3 Idiots 
2026-09-18T10:15:00.050Z [debug][Jellyfin Sync]: Title already exists and no changes detected for Nirvanna the Band the Show the Movie 
2026-09-18T10:15:00.051Z [debug][Jellyfin Sync]: Title already exists and no changes detected for Shrek 
2026-09-18T10:15:04.052Z [info][Jellyfin Sync]: Beginning to process recently added for library: Shows 
2026-09-18T10:15:04.108Z [debug][Jellyfin Sync]: Updating existing title: Game Changer 
2026-09-18T10:15:04.114Z [debug][Jellyfin Sync]: Updating existing title: Nathan for You 
2026-09-18T10:15:04.116Z [debug][Jellyfin Sync]: Updating existing title: The Pitt 
2026-09-18T10:15:04.141Z [debug][Jellyfin Sync]: Updating existing title: Adventure Time 
2026-09-18T10:15:08.145Z [info][Jellyfin Sync]: Recently Added Scan Complete 
2026-09-18T10:16:00.004Z [debug][Jobs]: Starting scheduled job: Download Sync 
2026-09-18T10:17:00.006Z [debug][Jobs]: Starting scheduled job: Download Sync 
2026-09-18T10:18:00.007Z [debug][Jobs]: Starting scheduled job: Download Sync 
2026-09-18T10:19:00.005Z [debug][Jobs]: Starting scheduled job: Download Sync 
2026-09-18T10:20:00.003Z [debug][Jobs]: Starting scheduled job: Download Sync 
2026-09-18T10:20:00.007Z [info][Jobs]: Starting scheduled job: Jellyfin Recently Added Scan 
2026-09-18T10:20:00.007Z [info][Jellyfin Sync]: Scan starting {"sessionId":"d937dd49-b8df-47d6-ae0c-663a501898f6"}
2026-09-18T10:20:00.012Z [info][Jellyfin Sync]: Beginning to process recently added for library: Movies 
2026-09-18T10:20:00.039Z [debug][Jellyfin Sync]: Title already exists and no changes detected for 3 Idiots 
2026-09-18T10:20:00.039Z [debug][Jellyfin Sync]: Title already exists and no changes detected for The Shawshank Redemption 
2026-09-18T10:20:00.043Z [debug][Jellyfin Sync]: Title already exists and no changes detected for Nirvanna the Band the Show the Movie 
2026-09-18T10:20:00.044Z [debug][Jellyfin Sync]: Title already exists and no changes detected for Shrek 
2026-09-18T10:20:04.050Z [info][Jellyfin Sync]: Beginning to process recently added for library: Shows 
2026-09-18T10:20:04.103Z [debug][Jellyfin Sync]: Updating existing title: Game Changer 
2026-09-18T10:20:04.104Z [debug][Jellyfin Sync]: Updating existing title: The Pitt 
2026-09-18T10:20:04.110Z [debug][Jellyfin Sync]: Updating existing title: Nathan for You 
2026-09-18T10:20:04.136Z [debug][Jellyfin Sync]: Updating existing title: Adventure Time 
2026-09-18T10:20:08.139Z [info][Jellyfin Sync]: Recently Added Scan Complete 
2026-09-18T10:21:00.006Z [debug][Jobs]: Starting scheduled job: Download Sync 
2026-09-18T10:22:00.005Z [debug][Jobs]: Starting scheduled job: Download Sync 
2026-09-18T10:23:00.004Z [debug][Jobs]: Starting scheduled job: Download Sync 
2026-09-18T10:24:00.004Z [debug][Jobs]: Starting scheduled job: Download Sync 
2026-09-18T10:25:00.003Z [debug][Jobs]: Starting scheduled job: Download Sync 
2026-09-18T10:25:00.008Z [info][Jobs]: Starting scheduled job: Jellyfin Recently Added Scan 
2026-09-18T10:25:00.008Z [info][Jellyfin Sync]: Scan starting {"sessionId":"354b88f6-1ffa-44a5-ae7b-86eff311526c"}
2026-09-18T10:25:00.012Z [info][Jellyfin Sync]: Beginning to process recently added for library: Movies 
2026-09-18T10:25:00.034Z [debug][Jellyfin Sync]: Title already exists and no changes detected for The Shawshank Redemption 
2026-09-18T10:25:00.042Z [debug][Jellyfin Sync]: Title already exists and no changes detected for 3 Idiots 
2026-09-18T10:25:00.046Z [debug][Jellyfin Sync]: Title already exists and no changes detected for Shrek 
2026-09-18T10:25:00.046Z [debug][Jellyfin Sync]: Title already exists and no changes detected for Nirvanna the Band the Show the Movie 
2026-09-18T10:25:04.051Z [info][Jellyfin Sync]: Beginning to process recently added for library: Shows 
2026-09-18T10:25:04.109Z [debug][Jellyfin Sync]: Updating existing title: Game Changer 
2026-09-18T10:25:04.115Z [debug][Jellyfin Sync]: Updating existing title: The Pitt 
2026-09-18T10:25:04.117Z [debug][Jellyfin Sync]: Updating existing title: Nathan for You 
2026-09-18T10:25:04.143Z [debug][Jellyfin Sync]: Updating existing title: Adventure Time 
2026-09-18T10:25:08.147Z [info][Jellyfin Sync]: Recently Added Scan Complete 
2026-09-18T10:26:00.005Z [debug][Jobs]: Starting scheduled job: Download Sync 
2026-09-18T10:27:00.004Z [debug][Jobs]: Starting scheduled job: Download Sync 
2026-09-18T10:28:00.003Z [debug][Jobs]: Starting scheduled job: Download Sync 
2026-09-18T10:29:00.002Z [debug][Jobs]: Starting scheduled job: Download Sync 
2026-09-18T10:30:00.007Z [debug][Jobs]: Starting scheduled job: Download Sync 
2026-09-18T10:30:00.010Z [info][Jobs]: Starting scheduled job: Jellyfin Recently Added Scan 
2026-09-18T10:30:00.011Z [info][Jellyfin Sync]: Scan starting {"sessionId":"7a5fc7dd-0813-4466-9c37-3215d7e8c31f"}
2026-09-18T10:30:00.014Z [info][Jellyfin Sync]: Beginning to process recently added for library: Movies 
2026-09-18T10:30:00.045Z [debug][Jellyfin Sync]: Title already exists and no changes detected for 3 Idiots 
2026-09-18T10:30:00.046Z [debug][Jellyfin Sync]: Title already exists and no changes detected for The Shawshank Redemption 
2026-09-18T10:30:00.050Z [debug][Jellyfin Sync]: Title already exists and no changes detected for Shrek 
2026-09-18T10:30:00.052Z [debug][Jellyfin Sync]: Title already exists and no changes detected for Nirvanna the Band the Show the Movie 
2026-09-18T10:30:04.055Z [info][Jellyfin Sync]: Beginning to process recently added for library: Shows 
2026-09-18T10:30:04.107Z [debug][Jellyfin Sync]: Updating existing title: Game Changer 
2026-09-18T10:30:04.112Z [debug][Jellyfin Sync]: Updating existing title: The Pitt 
2026-09-18T10:30:04.115Z [debug][Jellyfin Sync]: Updating existing title: Nathan for You 
2026-09-18T10:30:04.141Z [debug][Jellyfin Sync]: Updating existing title: Adventure Time 
2026-09-18T10:30:08.144Z [info][Jellyfin Sync]: Recently Added Scan Complete 
2026-09-18T10:31:00.008Z [debug][Jobs]: Starting scheduled job: Download Sync 
2026-09-18T10:32:00.008Z [debug][Jobs]: Starting scheduled job: Download Sync 
2026-09-18T10:33:00.006Z [debug][Jobs]: Starting scheduled job: Download Sync 
2026-09-18T10:34:00.008Z [debug][Jobs]: Starting scheduled job: Download Sync 
2026-09-18T10:35:00.007Z [debug][Jobs]: Starting scheduled job: Download Sync 
2026-09-18T10:35:00.010Z [info][Jobs]: Starting scheduled job: Jellyfin Recently Added Scan 
2026-09-18T10:35:00.011Z [info][Jellyfin Sync]: Scan starting {"sessionId":"7d55581a-707b-4846-b295-4f66ca819afb"}
2026-09-18T10:35:00.014Z [info][Jellyfin Sync]: Beginning to process recently added for library: Movies 
2026-09-18T10:35:00.046Z [debug][Jellyfin Sync]: Title already exists and no changes detected for Shrek 
2026-09-18T10:35:00.048Z [debug][Jellyfin Sync]: Title already exists and no changes detected for Nirvanna the Band the Show the Movie 
2026-09-18T10:35:00.051Z [debug][Jellyfin Sync]: Title already exists and no changes detected for The Shawshank Redemption 
2026-09-18T10:35:00.052Z [debug][Jellyfin Sync]: Title already exists and no changes detected for 3 Idiots 
2026-09-18T10:35:04.054Z [info][Jellyfin Sync]: Beginning to process recently added for library: Shows 
2026-09-18T10:35:04.132Z [debug][Jellyfin Sync]: Updating existing title: Game Changer 
2026-09-18T10:35:04.135Z [debug][Jellyfin Sync]: Updating existing title: The Pitt 
2026-09-18T10:35:04.145Z [debug][Jellyfin Sync]: Updating existing title: Nathan for You 
2026-09-18T10:35:04.171Z [debug][Jellyfin Sync]: Updating existing title: Adventure Time 
2026-09-18T10:35:08.172Z [info][Jellyfin Sync]: Recently Added Scan Complete 
2026-09-18T10:36:00.007Z [debug][Jobs]: Starting scheduled job: Download Sync 
2026-09-18T10:37:00.008Z [debug][Jobs]: Starting scheduled job: Download Sync 
2026-09-18T10:38:00.008Z [debug][Jobs]: Starting scheduled job: Download Sync 
2026-09-18T10:39:00.007Z [debug][Jobs]: Starting scheduled job: Download Sync 
2026-09-18T10:40:00.006Z [debug][Jobs]: Starting scheduled job: Download Sync 
2026-09-18T10:40:00.010Z [info][Jobs]: Starting scheduled job: Jellyfin Recently Added Scan 
2026-09-18T10:40:00.010Z [info][Jellyfin Sync]: Scan starting {"sessionId":"20bc1485-f6f8-49bd-abff-2e7a6d211a76"}
2026-09-18T10:40:00.015Z [info][Jellyfin Sync]: Beginning to process recently added for library: Movies 
2026-09-18T10:40:00.043Z [debug][Jellyfin Sync]: Title already exists and no changes detected for The Shawshank Redemption 
2026-09-18T10:40:00.047Z [debug][Jellyfin Sync]: Title already exists and no changes detected for 3 Idiots 
2026-09-18T10:40:00.048Z [debug][Jellyfin Sync]: Title already exists and no changes detected for Shrek 
2026-09-18T10:40:00.048Z [debug][Jellyfin Sync]: Title already exists and no changes detected for Nirvanna the Band the Show the Movie 
2026-09-18T10:40:04.050Z [info][Jellyfin Sync]: Beginning to process recently added for library: Shows 
2026-09-18T10:40:04.102Z [debug][Jellyfin Sync]: Updating existing title: The Pitt 
2026-09-18T10:40:04.108Z [debug][Jellyfin Sync]: Updating existing title: Game Changer 
2026-09-18T10:40:04.109Z [debug][Jellyfin Sync]: Updating existing title: Nathan for You 
2026-09-18T10:40:04.134Z [debug][Jellyfin Sync]: Updating existing title: Adventure Time 
2026-09-18T10:40:08.137Z [info][Jellyfin Sync]: Recently Added Scan Complete 
2026-09-18T10:41:00.008Z [debug][Jobs]: Starting scheduled job: Download Sync 
2026-09-18T10:42:00.008Z [debug][Jobs]: Starting scheduled job: Download Sync 
2026-09-18T10:43:00.007Z [debug][Jobs]: Starting scheduled job: Download Sync 
2026-09-18T10:44:00.007Z [debug][Jobs]: Starting scheduled job: Download Sync 
2026-09-18T10:45:00.008Z [debug][Jobs]: Starting scheduled job: Download Sync 
2026-09-18T10:45:00.011Z [info][Jobs]: Starting scheduled job: Jellyfin Recently Added Scan 
2026-09-18T10:45:00.011Z [info][Jellyfin Sync]: Scan starting {"sessionId":"0bd7faf7-d8db-492c-9716-ad58a3706ad2"}
2026-09-18T10:45:00.016Z [info][Jellyfin Sync]: Beginning to process recently added for library: Movies 
2026-09-18T10:45:00.045Z [debug][Jellyfin Sync]: Title already exists and no changes detected for The Shawshank Redemption 
2026-09-18T10:45:00.046Z [debug][Jellyfin Sync]: Title already exists and no changes detected for 3 Idiots 
2026-09-18T10:45:00.050Z [debug][Jellyfin Sync]: Title already exists and no changes detected for Nirvanna the Band the Show the Movie 
2026-09-18T10:45:00.051Z [debug][Jellyfin Sync]: Title already exists and no changes detected for Shrek 
2026-09-18T10:45:04.051Z [info][Jellyfin Sync]: Beginning to process recently added for library: Shows 
2026-09-18T10:45:04.103Z [debug][Jellyfin Sync]: Updating existing title: Game Changer 
2026-09-18T10:45:04.112Z [debug][Jellyfin Sync]: Updating existing title: The Pitt 
2026-09-18T10:45:04.114Z [debug][Jellyfin Sync]: Updating existing title: Nathan for You 
2026-09-18T10:45:04.142Z [debug][Jellyfin Sync]: Updating existing title: Adventure Time 
2026-09-18T10:45:08.144Z [info][Jellyfin Sync]: Recently Added Scan Complete 
2026-09-18T10:46:00.008Z [debug][Jobs]: Starting scheduled job: Download Sync 
2026-09-18T10:47:00.005Z [debug][Jobs]: Starting scheduled job: Download Sync 
2026-09-18T10:48:00.006Z [debug][Jobs]: Starting scheduled job: Download Sync 
2026-09-18T10:49:00.005Z [debug][Jobs]: Starting scheduled job: Download Sync 
2026-09-18T10:50:00.008Z [debug][Jobs]: Starting scheduled job: Download Sync 
2026-09-18T10:50:00.015Z [info][Jobs]: Starting scheduled job: Jellyfin Recently Added Scan 
2026-09-18T10:50:00.016Z [info][Jellyfin Sync]: Scan starting {"sessionId":"ce324f5a-9d5b-448f-9056-71364c319159"}
2026-09-18T10:50:00.028Z [info][Jellyfin Sync]: Beginning to process recently added for library: Movies 
2026-09-18T10:50:00.081Z [debug][Jellyfin Sync]: Title already exists and no changes detected for The Shawshank Redemption 
2026-09-18T10:50:00.083Z [debug][Jellyfin Sync]: Title already exists and no changes detected for 3 Idiots 
2026-09-18T10:50:00.085Z [debug][Jellyfin Sync]: Title already exists and no changes detected for Nirvanna the Band the Show the Movie 
2026-09-18T10:50:00.086Z [debug][Jellyfin Sync]: Title already exists and no changes detected for Shrek 
2026-09-18T10:50:04.090Z [info][Jellyfin Sync]: Beginning to process recently added for library: Shows 
2026-09-18T10:50:04.150Z [debug][Jellyfin Sync]: Updating existing title: Game Changer 
2026-09-18T10:50:04.159Z [debug][Jellyfin Sync]: Updating existing title: The Pitt 
2026-09-18T10:50:04.169Z [debug][Jellyfin Sync]: Updating existing title: Nathan for You 
2026-09-18T10:50:04.186Z [debug][Jellyfin Sync]: Updating existing title: Adventure Time 
2026-09-18T10:50:08.187Z [info][Jellyfin Sync]: Recently Added Scan Complete 
2026-09-18T10:51:00.005Z [debug][Jobs]: Starting scheduled job: Download Sync 
2026-09-18T10:52:00.007Z [debug][Jobs]: Starting scheduled job: Download Sync 
2026-09-18T10:53:00.007Z [debug][Jobs]: Starting scheduled job: Download Sync 
2026-09-18T10:54:00.008Z [debug][Jobs]: Starting scheduled job: Download Sync 
2026-09-18T10:55:00.008Z [debug][Jobs]: Starting scheduled job: Download Sync 
2026-09-18T10:55:00.012Z [info][Jobs]: Starting scheduled job: Jellyfin Recently Added Scan 
2026-09-18T10:55:00.012Z [info][Jellyfin Sync]: Scan starting {"sessionId":"864056f2-14e8-40c1-9dc4-70e9d383b7a4"}
2026-09-18T10:55:00.017Z [info][Jellyfin Sync]: Beginning to process recently added for library: Movies 
2026-09-18T10:55:00.042Z [debug][Jellyfin Sync]: Title already exists and no changes detected for The Shawshank Redemption 
2026-09-18T10:55:00.049Z [debug][Jellyfin Sync]: Title already exists and no changes detected for 3 Idiots 
2026-09-18T10:55:00.050Z [debug][Jellyfin Sync]: Title already exists and no changes detected for Nirvanna the Band the Show the Movie 
2026-09-18T10:55:00.051Z [debug][Jellyfin Sync]: Title already exists and no changes detected for Shrek 
2026-09-18T10:55:04.055Z [info][Jellyfin Sync]: Beginning to process recently added for library: Shows 
2026-09-18T10:55:04.134Z [debug][Jellyfin Sync]: Updating existing title: Game Changer 
2026-09-18T10:55:04.140Z [debug][Jellyfin Sync]: Updating existing title: The Pitt 
2026-09-18T10:55:04.145Z [debug][Jellyfin Sync]: Updating existing title: Nathan for You 
2026-09-18T10:55:04.168Z [debug][Jellyfin Sync]: Updating existing title: Adventure Time 
2026-09-18T10:55:08.170Z [info][Jellyfin Sync]: Recently Added Scan Complete 
2026-09-18T10:56:00.008Z [debug][Jobs]: Starting scheduled job: Download Sync 
2026-09-18T10:57:00.008Z [debug][Jobs]: Starting scheduled job: Download Sync 
2026-09-18T10:58:00.007Z [debug][Jobs]: Starting scheduled job: Download Sync 
2026-09-18T10:59:00.007Z [debug][Jobs]: Starting scheduled job: Download Sync 
2026-09-18T11:00:00.006Z [debug][Jobs]: Starting scheduled job: Download Sync 
2026-09-18T11:00:00.010Z [info][Jobs]: Starting scheduled job: Jellyfin Recently Added Scan 
2026-09-18T11:00:00.010Z [info][Jellyfin Sync]: Scan starting {"sessionId":"e448fdd1-c9d8-44ad-9ca1-3a03c8b2384f"}
2026-09-18T11:00:00.014Z [info][Jellyfin Sync]: Beginning to process recently added for library: Movies 
2026-09-18T11:00:00.045Z [debug][Jellyfin Sync]: Title already exists and no changes detected for Shrek 
2026-09-18T11:00:00.048Z [debug][Jellyfin Sync]: Title already exists and no changes detected for 3 Idiots 
2026-09-18T11:00:00.049Z [debug][Jellyfin Sync]: Title already exists and no changes detected for The Shawshank Redemption 
2026-09-18T11:00:00.050Z [debug][Jellyfin Sync]: Title already exists and no changes detected for Nirvanna the Band the Show the Movie 
2026-09-18T11:00:04.055Z [info][Jellyfin Sync]: Beginning to process recently added for library: Shows 
2026-09-18T11:00:04.124Z [debug][Jellyfin Sync]: Updating existing title: Game Changer 
2026-09-18T11:00:04.129Z [debug][Jellyfin Sync]: Updating existing title: The Pitt 
2026-09-18T11:00:04.136Z [debug][Jellyfin Sync]: Updating existing title: Nathan for You 
2026-09-18T11:00:04.177Z [debug][Jellyfin Sync]: Updating existing title: Adventure Time 
2026-09-18T11:00:08.177Z [info][Jellyfin Sync]: Recently Added Scan Complete 
2026-09-18T11:01:00.007Z [debug][Jobs]: Starting scheduled job: Download Sync 
2026-09-18T11:02:00.008Z [debug][Jobs]: Starting scheduled job: Download Sync 
2026-09-18T11:03:00.007Z [debug][Jobs]: Starting scheduled job: Download Sync 
2026-09-18T11:04:00.004Z [debug][Jobs]: Starting scheduled job: Download Sync 
2026-09-18T11:05:00.003Z [debug][Jobs]: Starting scheduled job: Download Sync 
2026-09-18T11:05:00.005Z [info][Jobs]: Starting scheduled job: Jellyfin Recently Added Scan 
2026-09-18T11:05:00.005Z [info][Jellyfin Sync]: Scan starting {"sessionId":"bc3bcbd6-1f32-4502-b47c-cf36ddf312bd"}
2026-09-18T11:05:00.011Z [info][Jellyfin Sync]: Beginning to process recently added for library: Movies 
2026-09-18T11:05:00.039Z [debug][Jellyfin Sync]: Title already exists and no changes detected for The Shawshank Redemption 
2026-09-18T11:05:00.049Z [debug][Jellyfin Sync]: Title already exists and no changes detected for Nirvanna the Band the Show the Movie 
2026-09-18T11:05:00.050Z [debug][Jellyfin Sync]: Title already exists and no changes detected for 3 Idiots 
2026-09-18T11:05:00.050Z [debug][Jellyfin Sync]: Title already exists and no changes detected for Shrek 
2026-09-18T11:05:04.055Z [info][Jellyfin Sync]: Beginning to process recently added for library: Shows 
2026-09-18T11:05:04.114Z [debug][Jellyfin Sync]: Updating existing title: Game Changer 
2026-09-18T11:05:04.115Z [debug][Jellyfin Sync]: Updating existing title: The Pitt 
2026-09-18T11:05:04.119Z [debug][Jellyfin Sync]: Updating existing title: Nathan for You 
2026-09-18T11:05:04.145Z [debug][Jellyfin Sync]: Updating existing title: Adventure Time 
2026-09-18T11:05:08.146Z [info][Jellyfin Sync]: Recently Added Scan Complete 
2026-09-18T11:06:00.003Z [debug][Jobs]: Starting scheduled job: Download Sync 
2026-09-18T11:07:00.007Z [debug][Jobs]: Starting scheduled job: Download Sync 
2026-09-18T11:08:00.004Z [debug][Jobs]: Starting scheduled job: Download Sync 
2026-09-18T11:09:00.008Z [debug][Jobs]: Starting scheduled job: Download Sync 
2026-09-18T11:10:00.005Z [debug][Jobs]: Starting scheduled job: Download Sync 
2026-09-18T11:10:00.009Z [info][Jobs]: Starting scheduled job: Jellyfin Recently Added Scan 
2026-09-18T11:10:00.010Z [info][Jellyfin Sync]: Scan starting {"sessionId":"180803fb-c3d0-4937-9bbf-b573f58e91c3"}
2026-09-18T11:10:00.018Z [info][Jellyfin Sync]: Beginning to process recently added for library: Movies 
2026-09-18T11:10:00.042Z [debug][Jellyfin Sync]: Title already exists and no changes detected for The Shawshank Redemption 
2026-09-18T11:10:00.049Z [debug][Jellyfin Sync]: Title already exists and no changes detected for 3 Idiots 
2026-09-18T11:10:00.049Z [debug][Jellyfin Sync]: Title already exists and no changes detected for Shrek 
2026-09-18T11:10:00.049Z [debug][Jellyfin Sync]: Title already exists and no changes detected for Nirvanna the Band the Show the Movie 
2026-09-18T11:10:04.054Z [info][Jellyfin Sync]: Beginning to process recently added for library: Shows 
2026-09-18T11:10:04.104Z [debug][Jellyfin Sync]: Updating existing title: Game Changer 
2026-09-18T11:10:04.108Z [debug][Jellyfin Sync]: Updating existing title: The Pitt 
2026-09-18T11:10:04.112Z [debug][Jellyfin Sync]: Updating existing title: Nathan for You 
2026-09-18T11:10:04.140Z [debug][Jellyfin Sync]: Updating existing title: Adventure Time 
2026-09-18T11:10:08.143Z [info][Jellyfin Sync]: Recently Added Scan Complete 
2026-09-18T11:11:00.008Z [debug][Jobs]: Starting scheduled job: Download Sync 
2026-09-18T11:12:00.004Z [debug][Jobs]: Starting scheduled job: Download Sync 
2026-09-18T11:13:00.007Z [debug][Jobs]: Starting scheduled job: Download Sync 
2026-09-18T11:14:00.007Z [debug][Jobs]: Starting scheduled job: Download Sync 
2026-09-18T11:15:00.005Z [debug][Jobs]: Starting scheduled job: Download Sync 
2026-09-18T11:15:00.008Z [info][Jobs]: Starting scheduled job: Jellyfin Recently Added Scan 
2026-09-18T11:15:00.008Z [info][Jellyfin Sync]: Scan starting {"sessionId":"9ec54113-11d8-43c8-ac55-bbd1ae3af9eb"}
2026-09-18T11:15:00.017Z [info][Jellyfin Sync]: Beginning to process recently added for library: Movies 
2026-09-18T11:15:00.049Z [debug][Jellyfin Sync]: Title already exists and no changes detected for Shrek 
2026-09-18T11:15:00.052Z [debug][Jellyfin Sync]: Title already exists and no changes detected for 3 Idiots 
2026-09-18T11:15:00.053Z [debug][Jellyfin Sync]: Title already exists and no changes detected for The Shawshank Redemption 
2026-09-18T11:15:00.053Z [debug][Jellyfin Sync]: Title already exists and no changes detected for Nirvanna the Band the Show the Movie 
2026-09-18T11:15:04.057Z [info][Jellyfin Sync]: Beginning to process recently added for library: Shows 
2026-09-18T11:15:04.107Z [debug][Jellyfin Sync]: Updating existing title: Game Changer 
2026-09-18T11:15:04.117Z [debug][Jellyfin Sync]: Updating existing title: Nathan for You 
2026-09-18T11:15:04.118Z [debug][Jellyfin Sync]: Updating existing title: The Pitt 
2026-09-18T11:15:04.147Z [debug][Jellyfin Sync]: Updating existing title: Adventure Time 
2026-09-18T11:15:08.148Z [info][Jellyfin Sync]: Recently Added Scan Complete 
2026-09-18T11:16:00.006Z [debug][Jobs]: Starting scheduled job: Download Sync 
2026-09-18T11:17:00.007Z [debug][Jobs]: Starting scheduled job: Download Sync 
2026-09-18T11:18:00.004Z [debug][Jobs]: Starting scheduled job: Download Sync 
2026-09-18T11:19:00.007Z [debug][Jobs]: Starting scheduled job: Download Sync 
2026-09-18T11:20:00.006Z [debug][Jobs]: Starting scheduled job: Download Sync 
2026-09-18T11:20:00.010Z [info][Jobs]: Starting scheduled job: Jellyfin Recently Added Scan 
2026-09-18T11:20:00.010Z [info][Jellyfin Sync]: Scan starting {"sessionId":"2941b926-931f-4634-bb35-fbbfbd6c1654"}
2026-09-18T11:20:00.014Z [info][Jellyfin Sync]: Beginning to process recently added for library: Movies 
2026-09-18T11:20:00.049Z [debug][Jellyfin Sync]: Title already exists and no changes detected for 3 Idiots 
2026-09-18T11:20:00.050Z [debug][Jellyfin Sync]: Title already exists and no changes detected for The Shawshank Redemption 
2026-09-18T11:20:00.051Z [debug][Jellyfin Sync]: Title already exists and no changes detected for Nirvanna the Band the Show the Movie 
2026-09-18T11:20:00.053Z [debug][Jellyfin Sync]: Title already exists and no changes detected for Shrek 
2026-09-18T11:20:04.057Z [info][Jellyfin Sync]: Beginning to process recently added for library: Shows 
2026-09-18T11:20:04.114Z [debug][Jellyfin Sync]: Updating existing title: Game Changer 
2026-09-18T11:20:04.125Z [debug][Jellyfin Sync]: Updating existing title: Nathan for You 
2026-09-18T11:20:04.127Z [debug][Jellyfin Sync]: Updating existing title: The Pitt 
2026-09-18T11:20:04.153Z [debug][Jellyfin Sync]: Updating existing title: Adventure Time 
2026-09-18T11:20:08.157Z [info][Jellyfin Sync]: Recently Added Scan Complete 
2026-09-18T11:21:00.007Z [debug][Jobs]: Starting scheduled job: Download Sync 
2026-09-18T11:22:00.006Z [debug][Jobs]: Starting scheduled job: Download Sync 
2026-09-18T11:23:00.004Z [debug][Jobs]: Starting scheduled job: Download Sync 
2026-09-18T11:24:00.004Z [debug][Jobs]: Starting scheduled job: Download Sync 
2026-09-18T11:25:00.004Z [debug][Jobs]: Starting scheduled job: Download Sync 
2026-09-18T11:25:00.008Z [info][Jobs]: Starting scheduled job: Jellyfin Recently Added Scan 
2026-09-18T11:25:00.009Z [info][Jellyfin Sync]: Scan starting {"sessionId":"a4404b36-effa-4020-993d-45f6630d7d51"}
2026-09-18T11:25:00.013Z [info][Jellyfin Sync]: Beginning to process recently added for library: Movies 
2026-09-18T11:25:00.036Z [debug][Jellyfin Sync]: Title already exists and no changes detected for 3 Idiots 
2026-09-18T11:25:00.043Z [debug][Jellyfin Sync]: Title already exists and no changes detected for The Shawshank Redemption 
2026-09-18T11:25:00.044Z [debug][Jellyfin Sync]: Title already exists and no changes detected for Shrek 
2026-09-18T11:25:00.045Z [debug][Jellyfin Sync]: Title already exists and no changes detected for Nirvanna the Band the Show the Movie 
2026-09-18T11:25:04.049Z [info][Jellyfin Sync]: Beginning to process recently added for library: Shows 
2026-09-18T11:25:04.124Z [debug][Jellyfin Sync]: Updating existing title: Game Changer 
2026-09-18T11:25:04.125Z [debug][Jellyfin Sync]: Updating existing title: The Pitt 
2026-09-18T11:25:04.147Z [debug][Jellyfin Sync]: Updating existing title: Nathan for You 
2026-09-18T11:25:04.164Z [debug][Jellyfin Sync]: Updating existing title: Adventure Time 
2026-09-18T11:25:08.167Z [info][Jellyfin Sync]: Recently Added Scan Complete 
2026-09-18T11:26:00.004Z [debug][Jobs]: Starting scheduled job: Download Sync 
2026-09-18T11:27:00.005Z [debug][Jobs]: Starting scheduled job: Download Sync 
2026-09-18T11:28:00.005Z [debug][Jobs]: Starting scheduled job: Download Sync 
2026-09-18T11:29:00.003Z [debug][Jobs]: Starting scheduled job: Download Sync 
2026-09-18T11:30:00.003Z [debug][Jobs]: Starting scheduled job: Download Sync 
2026-09-18T11:30:00.006Z [info][Jobs]: Starting scheduled job: Jellyfin Recently Added Scan 
2026-09-18T11:30:00.007Z [info][Jellyfin Sync]: Scan starting {"sessionId":"bb83f66b-0125-40be-8518-74610b0eb818"}
2026-09-18T11:30:00.013Z [info][Jellyfin Sync]: Beginning to process recently added for library: Movies 
2026-09-18T11:30:00.041Z [debug][Jellyfin Sync]: Title already exists and no changes detected for 3 Idiots 
2026-09-18T11:30:00.042Z [debug][Jellyfin Sync]: Title already exists and no changes detected for The Shawshank Redemption 
2026-09-18T11:30:00.046Z [debug][Jellyfin Sync]: Title already exists and no changes detected for Shrek 
2026-09-18T11:30:00.046Z [debug][Jellyfin Sync]: Title already exists and no changes detected for Nirvanna the Band the Show the Movie 
2026-09-18T11:30:04.051Z [info][Jellyfin Sync]: Beginning to process recently added for library: Shows 
2026-09-18T11:30:04.104Z [debug][Jellyfin Sync]: Updating existing title: Game Changer 
2026-09-18T11:30:04.110Z [debug][Jellyfin Sync]: Updating existing title: The Pitt 
2026-09-18T11:30:04.114Z [debug][Jellyfin Sync]: Updating existing title: Nathan for You 
2026-09-18T11:30:04.140Z [debug][Jellyfin Sync]: Updating existing title: Adventure Time 
2026-09-18T11:30:08.144Z [info][Jellyfin Sync]: Recently Added Scan Complete 
2026-09-18T11:31:00.005Z [debug][Jobs]: Starting scheduled job: Download Sync 
2026-09-18T11:32:00.002Z [debug][Jobs]: Starting scheduled job: Download Sync 
2026-09-18T11:33:00.001Z [debug][Jobs]: Starting scheduled job: Download Sync 
2026-09-18T11:34:00.007Z [debug][Jobs]: Starting scheduled job: Download Sync 
2026-09-18T11:35:00.006Z [debug][Jobs]: Starting scheduled job: Download Sync 
2026-09-18T11:35:00.009Z [info][Jobs]: Starting scheduled job: Jellyfin Recently Added Scan 
2026-09-18T11:35:00.010Z [info][Jellyfin Sync]: Scan starting {"sessionId":"7fbac59b-f83f-4b3f-aa5b-a39a02dae2dd"}
2026-09-18T11:35:00.015Z [info][Jellyfin Sync]: Beginning to process recently added for library: Movies 
2026-09-18T11:35:00.039Z [debug][Jellyfin Sync]: Title already exists and no changes detected for The Shawshank Redemption 
2026-09-18T11:35:00.046Z [debug][Jellyfin Sync]: Title already exists and no changes detected for Nirvanna the Band the Show the Movie 
2026-09-18T11:35:00.046Z [debug][Jellyfin Sync]: Title already exists and no changes detected for 3 Idiots 
2026-09-18T11:35:00.047Z [debug][Jellyfin Sync]: Title already exists and no changes detected for Shrek 
2026-09-18T11:35:04.050Z [info][Jellyfin Sync]: Beginning to process recently added for library: Shows 
2026-09-18T11:35:04.102Z [debug][Jellyfin Sync]: Updating existing title: Game Changer 
2026-09-18T11:35:04.107Z [debug][Jellyfin Sync]: Updating existing title: The Pitt 
2026-09-18T11:35:04.110Z [debug][Jellyfin Sync]: Updating existing title: Nathan for You 
2026-09-18T11:35:04.134Z [debug][Jellyfin Sync]: Updating existing title: Adventure Time 
2026-09-18T11:35:08.136Z [info][Jellyfin Sync]: Recently Added Scan Complete 
2026-09-18T11:36:00.005Z [debug][Jobs]: Starting scheduled job: Download Sync 
2026-09-18T11:37:00.007Z [debug][Jobs]: Starting scheduled job: Download Sync 
2026-09-18T11:38:00.007Z [debug][Jobs]: Starting scheduled job: Download Sync 
2026-09-18T11:39:00.006Z [debug][Jobs]: Starting scheduled job: Download Sync 
2026-09-18T11:40:00.008Z [debug][Jobs]: Starting scheduled job: Download Sync 
2026-09-18T11:40:00.012Z [info][Jobs]: Starting scheduled job: Jellyfin Recently Added Scan 
2026-09-18T11:40:00.012Z [info][Jellyfin Sync]: Scan starting {"sessionId":"06480db0-89be-4ad6-93ec-8547757eba5d"}
2026-09-18T11:40:00.016Z [info][Jellyfin Sync]: Beginning to process recently added for library: Movies 
2026-09-18T11:40:00.045Z [debug][Jellyfin Sync]: Title already exists and no changes detected for The Shawshank Redemption 
2026-09-18T11:40:00.049Z [debug][Jellyfin Sync]: Title already exists and no changes detected for Shrek 
2026-09-18T11:40:00.051Z [debug][Jellyfin Sync]: Title already exists and no changes detected for Nirvanna the Band the Show the Movie 
2026-09-18T11:40:00.058Z [debug][Jellyfin Sync]: Title already exists and no changes detected for 3 Idiots 
2026-09-18T11:40:04.060Z [info][Jellyfin Sync]: Beginning to process recently added for library: Shows 
2026-09-18T11:40:04.114Z [debug][Jellyfin Sync]: Updating existing title: Game Changer 
2026-09-18T11:40:04.119Z [debug][Jellyfin Sync]: Updating existing title: The Pitt 
2026-09-18T11:40:04.120Z [debug][Jellyfin Sync]: Updating existing title: Nathan for You 
2026-09-18T11:40:04.145Z [debug][Jellyfin Sync]: Updating existing title: Adventure Time 
2026-09-18T11:40:08.148Z [info][Jellyfin Sync]: Recently Added Scan Complete 
2026-09-18T11:41:00.006Z [debug][Jobs]: Starting scheduled job: Download Sync 
2026-09-18T11:42:00.007Z [debug][Jobs]: Starting scheduled job: Download Sync 
2026-09-18T11:43:00.006Z [debug][Jobs]: Starting scheduled job: Download Sync 
2026-09-18T11:44:00.006Z [debug][Jobs]: Starting scheduled job: Download Sync 
2026-09-18T11:45:00.003Z [debug][Jobs]: Starting scheduled job: Download Sync 
2026-09-18T11:45:00.006Z [info][Jobs]: Starting scheduled job: Jellyfin Recently Added Scan 
2026-09-18T11:45:00.006Z [info][Jellyfin Sync]: Scan starting {"sessionId":"451ff25a-ad8a-4334-bb5d-fb8740f4d986"}
2026-09-18T11:45:00.011Z [info][Jellyfin Sync]: Beginning to process recently added for library: Movies 
2026-09-18T11:45:00.038Z [debug][Jellyfin Sync]: Title already exists and no changes detected for The Shawshank Redemption 
2026-09-18T11:45:00.044Z [debug][Jellyfin Sync]: Title already exists and no changes detected for 3 Idiots 
2026-09-18T11:45:00.045Z [debug][Jellyfin Sync]: Title already exists and no changes detected for Nirvanna the Band the Show the Movie 
2026-09-18T11:45:00.047Z [debug][Jellyfin Sync]: Title already exists and no changes detected for Shrek 
2026-09-18T11:45:04.046Z [info][Jellyfin Sync]: Beginning to process recently added for library: Shows 
2026-09-18T11:45:04.107Z [debug][Jellyfin Sync]: Updating existing title: Game Changer 
2026-09-18T11:45:04.112Z [debug][Jellyfin Sync]: Updating existing title: The Pitt 
2026-09-18T11:45:04.115Z [debug][Jellyfin Sync]: Updating existing title: Nathan for You 
2026-09-18T11:45:04.133Z [debug][Jellyfin Sync]: Updating existing title: Adventure Time 
2026-09-18T11:45:08.136Z [info][Jellyfin Sync]: Recently Added Scan Complete 
2026-09-18T11:46:00.006Z [debug][Jobs]: Starting scheduled job: Download Sync 
2026-09-18T11:47:00.006Z [debug][Jobs]: Starting scheduled job: Download Sync 
2026-09-18T11:48:00.006Z [debug][Jobs]: Starting scheduled job: Download Sync 
2026-09-18T11:49:00.008Z [debug][Jobs]: Starting scheduled job: Download Sync 
2026-09-18T11:50:00.003Z [debug][Jobs]: Starting scheduled job: Download Sync 
2026-09-18T11:50:00.010Z [info][Jobs]: Starting scheduled job: Jellyfin Recently Added Scan 
2026-09-18T11:50:00.010Z [info][Jellyfin Sync]: Scan starting {"sessionId":"55ff5858-610c-4f70-8491-ad8f1b493111"}
2026-09-18T11:50:00.019Z [info][Jellyfin Sync]: Beginning to process recently added for library: Movies 
2026-09-18T11:50:00.050Z [debug][Jellyfin Sync]: Title already exists and no changes detected for The Shawshank Redemption 
2026-09-18T11:50:00.054Z [debug][Jellyfin Sync]: Title already exists and no changes detected for Shrek 
2026-09-18T11:50:00.055Z [debug][Jellyfin Sync]: Title already exists and no changes detected for 3 Idiots 
2026-09-18T11:50:00.055Z [debug][Jellyfin Sync]: Title already exists and no changes detected for Nirvanna the Band the Show the Movie 
2026-09-18T11:50:04.060Z [info][Jellyfin Sync]: Beginning to process recently added for library: Shows 
2026-09-18T11:50:04.138Z [debug][Jellyfin Sync]: Updating existing title: Game Changer 
2026-09-18T11:50:04.144Z [debug][Jellyfin Sync]: Updating existing title: The Pitt 
2026-09-18T11:50:04.157Z [debug][Jellyfin Sync]: Updating existing title: Nathan for You 
2026-09-18T11:50:04.222Z [debug][Jellyfin Sync]: Updating existing title: Adventure Time 
2026-09-18T11:50:08.224Z [info][Jellyfin Sync]: Recently Added Scan Complete 
2026-09-18T11:51:00.007Z [debug][Jobs]: Starting scheduled job: Download Sync 
2026-09-18T11:52:00.003Z [debug][Jobs]: Starting scheduled job: Download Sync 
2026-09-18T11:53:00.006Z [debug][Jobs]: Starting scheduled job: Download Sync 
2026-09-18T11:54:00.006Z [debug][Jobs]: Starting scheduled job: Download Sync 
2026-09-18T11:55:00.003Z [debug][Jobs]: Starting scheduled job: Download Sync 
2026-09-18T11:55:00.006Z [info][Jobs]: Starting scheduled job: Jellyfin Recently Added Scan 
2026-09-18T11:55:00.007Z [info][Jellyfin Sync]: Scan starting {"sessionId":"e5b69934-1d8f-4bc2-be92-54466c747281"}
2026-09-18T11:55:00.011Z [info][Jellyfin Sync]: Beginning to process recently added for library: Movies 
2026-09-18T11:55:00.038Z [debug][Jellyfin Sync]: Title already exists and no changes detected for The Shawshank Redemption 
2026-09-18T11:55:00.044Z [debug][Jellyfin Sync]: Title already exists and no changes detected for 3 Idiots 
2026-09-18T11:55:00.045Z [debug][Jellyfin Sync]: Title already exists and no changes detected for Shrek 
2026-09-18T11:55:00.046Z [debug][Jellyfin Sync]: Title already exists and no changes detected for Nirvanna the Band the Show the Movie 
2026-09-18T11:55:04.049Z [info][Jellyfin Sync]: Beginning to process recently added for library: Shows 
2026-09-18T11:55:04.106Z [debug][Jellyfin Sync]: Updating existing title: Game Changer 
2026-09-18T11:55:04.109Z [debug][Jellyfin Sync]: Updating existing title: The Pitt 
2026-09-18T11:55:04.111Z [debug][Jellyfin Sync]: Updating existing title: Nathan for You 
2026-09-18T11:55:04.137Z [debug][Jellyfin Sync]: Updating existing title: Adventure Time 
2026-09-18T11:55:08.140Z [info][Jellyfin Sync]: Recently Added Scan Complete 
2026-09-18T11:56:00.007Z [debug][Jobs]: Starting scheduled job: Download Sync 
2026-09-18T11:57:00.007Z [debug][Jobs]: Starting scheduled job: Download Sync 
2026-09-18T11:58:00.006Z [debug][Jobs]: Starting scheduled job: Download Sync 
2026-09-18T11:59:00.007Z [debug][Jobs]: Starting scheduled job: Download Sync 
2026-09-18T12:00:00.006Z [debug][Jobs]: Starting scheduled job: Download Sync 
2026-09-18T12:00:00.011Z [info][Jobs]: Starting scheduled job: Jellyfin Recently Added Scan 
2026-09-18T12:00:00.011Z [info][Jellyfin Sync]: Scan starting {"sessionId":"b4207a88-fc53-4a3f-961b-aeee3db9103d"}
2026-09-18T12:00:00.016Z [info][Jellyfin Sync]: Beginning to process recently added for library: Movies 
2026-09-18T12:00:00.043Z [debug][Jellyfin Sync]: Title already exists and no changes detected for The Shawshank Redemption 
2026-09-18T12:00:00.049Z [debug][Jellyfin Sync]: Title already exists and no changes detected for Shrek 
2026-09-18T12:00:00.050Z [debug][Jellyfin Sync]: Title already exists and no changes detected for Nirvanna the Band the Show the Movie 
2026-09-18T12:00:00.050Z [debug][Jellyfin Sync]: Title already exists and no changes detected for 3 Idiots 
2026-09-18T12:00:04.055Z [info][Jellyfin Sync]: Beginning to process recently added for library: Shows 
2026-09-18T12:00:04.115Z [debug][Jellyfin Sync]: Updating existing title: Game Changer 
2026-09-18T12:00:04.122Z [debug][Jellyfin Sync]: Updating existing title: The Pitt 
2026-09-18T12:00:04.122Z [debug][Jellyfin Sync]: Updating existing title: Nathan for You 
2026-09-18T12:00:04.142Z [debug][Jellyfin Sync]: Updating existing title: Adventure Time 
2026-09-18T12:00:08.143Z [info][Jellyfin Sync]: Recently Added Scan Complete 
2026-09-18T12:01:00.005Z [debug][Jobs]: Starting scheduled job: Download Sync 
2026-09-18T12:02:00.004Z [debug][Jobs]: Starting scheduled job: Download Sync 
2026-09-18T12:03:00.006Z [debug][Jobs]: Starting scheduled job: Download Sync 
2026-09-18T12:04:00.007Z [debug][Jobs]: Starting scheduled job: Download Sync 
2026-09-18T12:05:00.006Z [debug][Jobs]: Starting scheduled job: Download Sync 
2026-09-18T12:05:00.011Z [info][Jobs]: Starting scheduled job: Jellyfin Recently Added Scan 
2026-09-18T12:05:00.011Z [info][Jellyfin Sync]: Scan starting {"sessionId":"29f7b753-dc7d-4771-925f-e7b15b11a4e4"}
2026-09-18T12:05:00.015Z [info][Jellyfin Sync]: Beginning to process recently added for library: Movies 
2026-09-18T12:05:00.042Z [debug][Jellyfin Sync]: Title already exists and no changes detected for The Shawshank Redemption 
2026-09-18T12:05:00.048Z [debug][Jellyfin Sync]: Title already exists and no changes detected for 3 Idiots 
2026-09-18T12:05:00.048Z [debug][Jellyfin Sync]: Title already exists and no changes detected for Nirvanna the Band the Show the Movie 
2026-09-18T12:05:00.049Z [debug][Jellyfin Sync]: Title already exists and no changes detected for Shrek 
2026-09-18T12:05:04.054Z [info][Jellyfin Sync]: Beginning to process recently added for library: Shows 
2026-09-18T12:05:04.112Z [debug][Jellyfin Sync]: Updating existing title: Game Changer 
2026-09-18T12:05:04.117Z [debug][Jellyfin Sync]: Updating existing title: The Pitt 
2026-09-18T12:05:04.118Z [debug][Jellyfin Sync]: Updating existing title: Nathan for You 
2026-09-18T12:05:04.143Z [debug][Jellyfin Sync]: Updating existing title: Adventure Time 
2026-09-18T12:05:08.144Z [info][Jellyfin Sync]: Recently Added Scan Complete 
2026-09-18T12:06:00.005Z [debug][Jobs]: Starting scheduled job: Download Sync 
2026-09-18T12:07:00.007Z [debug][Jobs]: Starting scheduled job: Download Sync 
2026-09-18T12:08:00.007Z [debug][Jobs]: Starting scheduled job: Download Sync 
2026-09-18T12:09:00.006Z [debug][Jobs]: Starting scheduled job: Download Sync 
2026-09-18T12:10:00.006Z [debug][Jobs]: Starting scheduled job: Download Sync 
2026-09-18T12:10:00.010Z [info][Jobs]: Starting scheduled job: Jellyfin Recently Added Scan 
2026-09-18T12:10:00.010Z [info][Jellyfin Sync]: Scan starting {"sessionId":"7996d1cd-0e82-4add-82fe-5b280bb23cac"}
2026-09-18T12:10:00.014Z [info][Jellyfin Sync]: Beginning to process recently added for library: Movies 
2026-09-18T12:10:00.046Z [debug][Jellyfin Sync]: Title already exists and no changes detected for Shrek 
2026-09-18T12:10:00.049Z [debug][Jellyfin Sync]: Title already exists and no changes detected for Nirvanna the Band the Show the Movie 
2026-09-18T12:10:00.051Z [debug][Jellyfin Sync]: Title already exists and no changes detected for The Shawshank Redemption 
2026-09-18T12:10:00.051Z [debug][Jellyfin Sync]: Title already exists and no changes detected for 3 Idiots 
2026-09-18T12:10:04.056Z [info][Jellyfin Sync]: Beginning to process recently added for library: Shows 
2026-09-18T12:10:04.107Z [debug][Jellyfin Sync]: Updating existing title: Game Changer 
2026-09-18T12:10:04.109Z [debug][Jellyfin Sync]: Updating existing title: The Pitt 
2026-09-18T12:10:04.114Z [debug][Jellyfin Sync]: Updating existing title: Nathan for You 
2026-09-18T12:10:04.136Z [debug][Jellyfin Sync]: Updating existing title: Adventure Time 
2026-09-18T12:10:08.140Z [info][Jellyfin Sync]: Recently Added Scan Complete 
2026-09-18T12:11:00.007Z [debug][Jobs]: Starting scheduled job: Download Sync 
2026-09-18T12:12:00.006Z [debug][Jobs]: Starting scheduled job: Download Sync 
2026-09-18T12:13:00.006Z [debug][Jobs]: Starting scheduled job: Download Sync 
2026-09-18T12:14:00.007Z [debug][Jobs]: Starting scheduled job: Download Sync 
2026-09-18T12:15:00.006Z [debug][Jobs]: Starting scheduled job: Download Sync 
2026-09-18T12:15:00.011Z [info][Jobs]: Starting scheduled job: Jellyfin Recently Added Scan 
2026-09-18T12:15:00.011Z [info][Jellyfin Sync]: Scan starting {"sessionId":"68007c85-d1ac-4d1c-8624-31812e491a02"}
2026-09-18T12:15:00.019Z [info][Jellyfin Sync]: Beginning to process recently added for library: Movies 
2026-09-18T12:15:00.048Z [debug][Jellyfin Sync]: Title already exists and no changes detected for Nirvanna the Band the Show the Movie 
2026-09-18T12:15:00.050Z [debug][Jellyfin Sync]: Title already exists and no changes detected for 3 Idiots 
2026-09-18T12:15:00.053Z [debug][Jellyfin Sync]: Title already exists and no changes detected for The Shawshank Redemption 
2026-09-18T12:15:00.054Z [debug][Jellyfin Sync]: Title already exists and no changes detected for Shrek 
2026-09-18T12:15:04.058Z [info][Jellyfin Sync]: Beginning to process recently added for library: Shows 
2026-09-18T12:15:04.112Z [debug][Jellyfin Sync]: Updating existing title: The Pitt 
2026-09-18T12:15:04.114Z [debug][Jellyfin Sync]: Updating existing title: Game Changer 
2026-09-18T12:15:04.117Z [debug][Jellyfin Sync]: Updating existing title: Nathan for You 
2026-09-18T12:15:04.143Z [debug][Jellyfin Sync]: Updating existing title: Adventure Time 
2026-09-18T12:15:08.145Z [info][Jellyfin Sync]: Recently Added Scan Complete 
2026-09-18T12:16:00.007Z [debug][Jobs]: Starting scheduled job: Download Sync 
2026-09-18T12:17:00.006Z [debug][Jobs]: Starting scheduled job: Download Sync 
2026-09-18T12:18:00.005Z [debug][Jobs]: Starting scheduled job: Download Sync 
2026-09-18T12:19:00.008Z [debug][Jobs]: Starting scheduled job: Download Sync 
2026-09-18T12:20:00.004Z [debug][Jobs]: Starting scheduled job: Download Sync 
2026-09-18T12:20:00.009Z [info][Jobs]: Starting scheduled job: Jellyfin Recently Added Scan 
2026-09-18T12:20:00.009Z [info][Jellyfin Sync]: Scan starting {"sessionId":"9fe43c70-e210-426b-b82e-de82bc87c024"}
2026-09-18T12:20:00.014Z [info][Jellyfin Sync]: Beginning to process recently added for library: Movies 
2026-09-18T12:20:00.043Z [debug][Jellyfin Sync]: Title already exists and no changes detected for The Shawshank Redemption 
2026-09-18T12:20:00.046Z [debug][Jellyfin Sync]: Title already exists and no changes detected for 3 Idiots 
2026-09-18T12:20:00.051Z [debug][Jellyfin Sync]: Title already exists and no changes detected for Nirvanna the Band the Show the Movie 
2026-09-18T12:20:00.051Z [debug][Jellyfin Sync]: Title already exists and no changes detected for Shrek 
2026-09-18T12:20:04.056Z [info][Jellyfin Sync]: Beginning to process recently added for library: Shows 
2026-09-18T12:20:04.114Z [debug][Jellyfin Sync]: Updating existing title: The Pitt 
2026-09-18T12:20:04.116Z [debug][Jellyfin Sync]: Updating existing title: Game Changer 
2026-09-18T12:20:04.119Z [debug][Jellyfin Sync]: Updating existing title: Nathan for You 
2026-09-18T12:20:04.149Z [debug][Jellyfin Sync]: Updating existing title: Adventure Time 
2026-09-18T12:20:08.152Z [info][Jellyfin Sync]: Recently Added Scan Complete 
2026-09-18T12:21:00.003Z [debug][Jobs]: Starting scheduled job: Download Sync 
2026-09-18T12:22:00.004Z [debug][Jobs]: Starting scheduled job: Download Sync 
2026-09-18T12:23:00.002Z [debug][Jobs]: Starting scheduled job: Download Sync 
2026-09-18T12:24:00.006Z [debug][Jobs]: Starting scheduled job: Download Sync 
2026-09-18T12:25:00.005Z [debug][Jobs]: Starting scheduled job: Download Sync 
2026-09-18T12:25:00.010Z [info][Jobs]: Starting scheduled job: Jellyfin Recently Added Scan 
2026-09-18T12:25:00.010Z [info][Jellyfin Sync]: Scan starting {"sessionId":"182d06ae-3b2c-46ee-802e-a2537569ddf0"}
2026-09-18T12:25:00.017Z [info][Jellyfin Sync]: Beginning to process recently added for library: Movies 
2026-09-18T12:25:00.057Z [debug][Jellyfin Sync]: Title already exists and no changes detected for 3 Idiots 
2026-09-18T12:25:00.058Z [debug][Jellyfin Sync]: Title already exists and no changes detected for The Shawshank Redemption 
2026-09-18T12:25:00.058Z [debug][Jellyfin Sync]: Title already exists and no changes detected for Shrek 
2026-09-18T12:25:00.059Z [debug][Jellyfin Sync]: Title already exists and no changes detected for Nirvanna the Band the Show the Movie 
2026-09-18T12:25:04.064Z [info][Jellyfin Sync]: Beginning to process recently added for library: Shows 
2026-09-18T12:25:04.115Z [debug][Jellyfin Sync]: Updating existing title: Game Changer 
2026-09-18T12:25:04.120Z [debug][Jellyfin Sync]: Updating existing title: The Pitt 
2026-09-18T12:25:04.125Z [debug][Jellyfin Sync]: Updating existing title: Nathan for You 
2026-09-18T12:25:04.145Z [debug][Jellyfin Sync]: Updating existing title: Adventure Time 
2026-09-18T12:25:08.148Z [info][Jellyfin Sync]: Recently Added Scan Complete 
2026-09-18T12:26:00.006Z [debug][Jobs]: Starting scheduled job: Download Sync 
2026-09-18T12:27:00.005Z [debug][Jobs]: Starting scheduled job: Download Sync 
2026-09-18T12:28:00.003Z [debug][Jobs]: Starting scheduled job: Download Sync 
2026-09-18T12:29:00.002Z [debug][Jobs]: Starting scheduled job: Download Sync 
2026-09-18T12:30:00.004Z [debug][Jobs]: Starting scheduled job: Download Sync 
2026-09-18T12:30:00.008Z [info][Jobs]: Starting scheduled job: Jellyfin Recently Added Scan 
2026-09-18T12:30:00.008Z [info][Jellyfin Sync]: Scan starting {"sessionId":"f91b1701-0386-4ca2-ba58-441d466d7755"}
2026-09-18T12:30:00.032Z [info][Jellyfin Sync]: Beginning to process recently added for library: Movies 
2026-09-18T12:30:00.075Z [debug][Jellyfin Sync]: Title already exists and no changes detected for The Shawshank Redemption 
2026-09-18T12:30:00.077Z [debug][Jellyfin Sync]: Title already exists and no changes detected for 3 Idiots 
2026-09-18T12:30:00.079Z [debug][Jellyfin Sync]: Title already exists and no changes detected for Shrek 
2026-09-18T12:30:00.080Z [debug][Jellyfin Sync]: Title already exists and no changes detected for Nirvanna the Band the Show the Movie 
2026-09-18T12:30:04.084Z [info][Jellyfin Sync]: Beginning to process recently added for library: Shows 
2026-09-18T12:30:04.149Z [debug][Jellyfin Sync]: Updating existing title: Game Changer 
2026-09-18T12:30:04.151Z [debug][Jellyfin Sync]: Updating existing title: The Pitt 
2026-09-18T12:30:04.156Z [debug][Jellyfin Sync]: Updating existing title: Nathan for You 
2026-09-18T12:30:04.179Z [debug][Jellyfin Sync]: Updating existing title: Adventure Time 
2026-09-18T12:30:08.182Z [info][Jellyfin Sync]: Recently Added Scan Complete 
2026-09-18T12:31:00.005Z [debug][Jobs]: Starting scheduled job: Download Sync 
2026-09-18T12:32:00.005Z [debug][Jobs]: Starting scheduled job: Download Sync 
2026-09-18T12:33:00.003Z [debug][Jobs]: Starting scheduled job: Download Sync 
2026-09-18T12:34:00.002Z [debug][Jobs]: Starting scheduled job: Download Sync 
2026-09-18T12:35:00.005Z [debug][Jobs]: Starting scheduled job: Download Sync 
2026-09-18T12:35:00.012Z [info][Jobs]: Starting scheduled job: Jellyfin Recently Added Scan 
2026-09-18T12:35:00.012Z [info][Jellyfin Sync]: Scan starting {"sessionId":"a3f62a74-b5b4-4f19-b03f-02fcb2146c0c"}
2026-09-18T12:35:00.017Z [info][Jellyfin Sync]: Beginning to process recently added for library: Movies 
2026-09-18T12:35:00.049Z [debug][Jellyfin Sync]: Title already exists and no changes detected for The Shawshank Redemption 
2026-09-18T12:35:00.052Z [debug][Jellyfin Sync]: Title already exists and no changes detected for Shrek 
2026-09-18T12:35:00.055Z [debug][Jellyfin Sync]: Title already exists and no changes detected for 3 Idiots 
2026-09-18T12:35:00.057Z [debug][Jellyfin Sync]: Title already exists and no changes detected for Nirvanna the Band the Show the Movie 
2026-09-18T12:35:04.060Z [info][Jellyfin Sync]: Beginning to process recently added for library: Shows 
2026-09-18T12:35:04.111Z [debug][Jellyfin Sync]: Updating existing title: Game Changer 
2026-09-18T12:35:04.114Z [debug][Jellyfin Sync]: Updating existing title: The Pitt 
2026-09-18T12:35:04.117Z [debug][Jellyfin Sync]: Updating existing title: Nathan for You 
2026-09-18T12:35:04.142Z [debug][Jellyfin Sync]: Updating existing title: Adventure Time 
2026-09-18T12:35:08.143Z [info][Jellyfin Sync]: Recently Added Scan Complete 
2026-09-18T12:36:00.006Z [debug][Jobs]: Starting scheduled job: Download Sync 
2026-09-18T12:37:00.006Z [debug][Jobs]: Starting scheduled job: Download Sync 
2026-09-18T12:38:00.005Z [debug][Jobs]: Starting scheduled job: Download Sync 
2026-09-18T12:39:00.006Z [debug][Jobs]: Starting scheduled job: Download Sync 
2026-09-18T12:40:00.004Z [debug][Jobs]: Starting scheduled job: Download Sync 
2026-09-18T12:40:00.008Z [info][Jobs]: Starting scheduled job: Jellyfin Recently Added Scan 
2026-09-18T12:40:00.008Z [info][Jellyfin Sync]: Scan starting {"sessionId":"6412f714-1445-49c4-8a34-79f70b8f613c"}
2026-09-18T12:40:00.012Z [info][Jellyfin Sync]: Beginning to process recently added for library: Movies 
2026-09-18T12:40:00.040Z [debug][Jellyfin Sync]: Title already exists and no changes detected for The Shawshank Redemption 
2026-09-18T12:40:00.042Z [debug][Jellyfin Sync]: Title already exists and no changes detected for 3 Idiots 
2026-09-18T12:40:00.044Z [debug][Jellyfin Sync]: Title already exists and no changes detected for Shrek 
2026-09-18T12:40:00.046Z [debug][Jellyfin Sync]: Title already exists and no changes detected for Nirvanna the Band the Show the Movie 
2026-09-18T12:40:04.049Z [info][Jellyfin Sync]: Beginning to process recently added for library: Shows 
2026-09-18T12:40:04.102Z [debug][Jellyfin Sync]: Updating existing title: Game Changer 
2026-09-18T12:40:04.105Z [debug][Jellyfin Sync]: Updating existing title: The Pitt 
2026-09-18T12:40:04.109Z [debug][Jellyfin Sync]: Updating existing title: Nathan for You 
2026-09-18T12:40:04.135Z [debug][Jellyfin Sync]: Updating existing title: Adventure Time 
2026-09-18T12:40:08.138Z [info][Jellyfin Sync]: Recently Added Scan Complete 
2026-09-18T12:41:00.007Z [debug][Jobs]: Starting scheduled job: Download Sync 
2026-09-18T12:42:00.006Z [debug][Jobs]: Starting scheduled job: Download Sync 
2026-09-18T12:43:00.007Z [debug][Jobs]: Starting scheduled job: Download Sync 
2026-09-18T12:44:00.003Z [debug][Jobs]: Starting scheduled job: Download Sync 
2026-09-18T12:45:00.005Z [debug][Jobs]: Starting scheduled job: Download Sync 
2026-09-18T12:45:00.010Z [info][Jobs]: Starting scheduled job: Jellyfin Recently Added Scan 
2026-09-18T12:45:00.010Z [info][Jellyfin Sync]: Scan starting {"sessionId":"623e8904-ba4d-40e9-9ffa-35345c9cb446"}
2026-09-18T12:45:00.015Z [info][Jellyfin Sync]: Beginning to process recently added for library: Movies 
2026-09-18T12:45:00.046Z [debug][Jellyfin Sync]: Title already exists and no changes detected for The Shawshank Redemption 
2026-09-18T12:45:00.047Z [debug][Jellyfin Sync]: Title already exists and no changes detected for 3 Idiots 
2026-09-18T12:45:00.050Z [debug][Jellyfin Sync]: Title already exists and no changes detected for Shrek 
2026-09-18T12:45:00.052Z [debug][Jellyfin Sync]: Title already exists and no changes detected for Nirvanna the Band the Show the Movie 
2026-09-18T12:45:04.053Z [info][Jellyfin Sync]: Beginning to process recently added for library: Shows 
2026-09-18T12:45:04.109Z [debug][Jellyfin Sync]: Updating existing title: Game Changer 
2026-09-18T12:45:04.112Z [debug][Jellyfin Sync]: Updating existing title: The Pitt 
2026-09-18T12:45:04.114Z [debug][Jellyfin Sync]: Updating existing title: Nathan for You 
2026-09-18T12:45:04.144Z [debug][Jellyfin Sync]: Updating existing title: Adventure Time 
2026-09-18T12:45:08.147Z [info][Jellyfin Sync]: Recently Added Scan Complete 
2026-09-18T12:46:00.006Z [debug][Jobs]: Starting scheduled job: Download Sync 
2026-09-18T12:47:00.006Z [debug][Jobs]: Starting scheduled job: Download Sync 
2026-09-18T12:48:00.004Z [debug][Jobs]: Starting scheduled job: Download Sync 
2026-09-18T12:49:00.006Z [debug][Jobs]: Starting scheduled job: Download Sync 
2026-09-18T12:50:00.006Z [debug][Jobs]: Starting scheduled job: Download Sync 
2026-09-18T12:50:00.010Z [info][Jobs]: Starting scheduled job: Jellyfin Recently Added Scan 
2026-09-18T12:50:00.010Z [info][Jellyfin Sync]: Scan starting {"sessionId":"bb0136b9-af07-41f7-b5f7-ce911b839447"}
2026-09-18T12:50:00.016Z [info][Jellyfin Sync]: Beginning to process recently added for library: Movies 
2026-09-18T12:50:00.044Z [debug][Jellyfin Sync]: Title already exists and no changes detected for The Shawshank Redemption 
2026-09-18T12:50:00.049Z [debug][Jellyfin Sync]: Title already exists and no changes detected for 3 Idiots 
2026-09-18T12:50:00.053Z [debug][Jellyfin Sync]: Title already exists and no changes detected for Nirvanna the Band the Show the Movie 
2026-09-18T12:50:00.053Z [debug][Jellyfin Sync]: Title already exists and no changes detected for Shrek 
2026-09-18T12:50:04.054Z [info][Jellyfin Sync]: Beginning to process recently added for library: Shows 
2026-09-18T12:50:04.133Z [debug][Jellyfin Sync]: Updating existing title: Game Changer 
2026-09-18T12:50:04.136Z [debug][Jellyfin Sync]: Updating existing title: The Pitt 
2026-09-18T12:50:04.141Z [debug][Jellyfin Sync]: Updating existing title: Nathan for You 
2026-09-18T12:50:04.165Z [debug][Jellyfin Sync]: Updating existing title: Adventure Time 
2026-09-18T12:50:08.169Z [info][Jellyfin Sync]: Recently Added Scan Complete 
2026-09-18T12:51:00.005Z [debug][Jobs]: Starting scheduled job: Download Sync 
2026-09-18T12:52:00.006Z [debug][Jobs]: Starting scheduled job: Download Sync 
2026-09-18T12:53:00.002Z [debug][Jobs]: Starting scheduled job: Download Sync 
2026-09-18T12:54:00.005Z [debug][Jobs]: Starting scheduled job: Download Sync 
2026-09-18T12:55:00.006Z [debug][Jobs]: Starting scheduled job: Download Sync 
2026-09-18T12:55:00.010Z [info][Jobs]: Starting scheduled job: Jellyfin Recently Added Scan 
2026-09-18T12:55:00.010Z [info][Jellyfin Sync]: Scan starting {"sessionId":"e2419fdf-4a92-47c7-8ed8-a5a038822603"}
2026-09-18T12:55:00.016Z [info][Jellyfin Sync]: Beginning to process recently added for library: Movies 
2026-09-18T12:55:00.047Z [debug][Jellyfin Sync]: Title already exists and no changes detected for The Shawshank Redemption 
2026-09-18T12:55:00.050Z [debug][Jellyfin Sync]: Title already exists and no changes detected for 3 Idiots 
2026-09-18T12:55:00.053Z [debug][Jellyfin Sync]: Title already exists and no changes detected for Nirvanna the Band the Show the Movie 
2026-09-18T12:55:00.053Z [debug][Jellyfin Sync]: Title already exists and no changes detected for Shrek 
2026-09-18T12:55:04.058Z [info][Jellyfin Sync]: Beginning to process recently added for library: Shows 
2026-09-18T12:55:04.122Z [debug][Jellyfin Sync]: Updating existing title: Game Changer 
2026-09-18T12:55:04.130Z [debug][Jellyfin Sync]: Updating existing title: The Pitt 
2026-09-18T12:55:04.134Z [debug][Jellyfin Sync]: Updating existing title: Nathan for You 
2026-09-18T12:55:04.163Z [debug][Jellyfin Sync]: Updating existing title: Adventure Time 
2026-09-18T12:55:08.165Z [info][Jellyfin Sync]: Recently Added Scan Complete 
2026-09-18T12:56:00.006Z [debug][Jobs]: Starting scheduled job: Download Sync 
2026-09-18T12:57:00.006Z [debug][Jobs]: Starting scheduled job: Download Sync 
2026-09-18T12:58:00.005Z [debug][Jobs]: Starting scheduled job: Download Sync 
2026-09-18T12:59:00.005Z [debug][Jobs]: Starting scheduled job: Download Sync 
2026-09-18T13:00:00.005Z [debug][Jobs]: Starting scheduled job: Download Sync 
2026-09-18T13:00:00.008Z [info][Jobs]: Starting scheduled job: Jellyfin Recently Added Scan 
2026-09-18T13:00:00.008Z [info][Jellyfin Sync]: Scan starting {"sessionId":"5f1b927c-27ee-45b0-8a80-5cb47aff758b"}
2026-09-18T13:00:00.013Z [info][Jellyfin Sync]: Beginning to process recently added for library: Movies 
2026-09-18T13:00:00.047Z [debug][Jellyfin Sync]: Title already exists and no changes detected for 3 Idiots 
2026-09-18T13:00:00.048Z [debug][Jellyfin Sync]: Title already exists and no changes detected for The Shawshank Redemption 
2026-09-18T13:00:00.048Z [debug][Jellyfin Sync]: Title already exists and no changes detected for Nirvanna the Band the Show the Movie 
2026-09-18T13:00:00.049Z [debug][Jellyfin Sync]: Title already exists and no changes detected for Shrek 
2026-09-18T13:00:04.054Z [info][Jellyfin Sync]: Beginning to process recently added for library: Shows 
2026-09-18T13:00:04.113Z [debug][Jellyfin Sync]: Updating existing title: The Pitt 
2026-09-18T13:00:04.119Z [debug][Jellyfin Sync]: Updating existing title: Game Changer 
2026-09-18T13:00:04.122Z [debug][Jellyfin Sync]: Updating existing title: Nathan for You 
2026-09-18T13:00:04.153Z [debug][Jellyfin Sync]: Updating existing title: Adventure Time 
2026-09-18T13:00:08.154Z [info][Jellyfin Sync]: Recently Added Scan Complete 
2026-09-18T13:01:00.006Z [debug][Jobs]: Starting scheduled job: Download Sync 
2026-09-18T13:02:00.006Z [debug][Jobs]: Starting scheduled job: Download Sync 
2026-09-18T13:03:00.006Z [debug][Jobs]: Starting scheduled job: Download Sync 
2026-09-18T13:04:00.005Z [debug][Jobs]: Starting scheduled job: Download Sync 
2026-09-18T13:05:00.003Z [debug][Jobs]: Starting scheduled job: Download Sync 
2026-09-18T13:05:00.007Z [info][Jobs]: Starting scheduled job: Jellyfin Recently Added Scan 
2026-09-18T13:05:00.007Z [info][Jellyfin Sync]: Scan starting {"sessionId":"48eba550-1e55-48de-92d8-12e758611699"}
2026-09-18T13:05:00.015Z [info][Jellyfin Sync]: Beginning to process recently added for library: Movies 
2026-09-18T13:05:00.039Z [debug][Jellyfin Sync]: Title already exists and no changes detected for The Shawshank Redemption 
2026-09-18T13:05:00.045Z [debug][Jellyfin Sync]: Title already exists and no changes detected for Shrek 
2026-09-18T13:05:00.047Z [debug][Jellyfin Sync]: Title already exists and no changes detected for 3 Idiots 
2026-09-18T13:05:00.048Z [debug][Jellyfin Sync]: Title already exists and no changes detected for Nirvanna the Band the Show the Movie 
2026-09-18T13:05:04.052Z [info][Jellyfin Sync]: Beginning to process recently added for library: Shows 
2026-09-18T13:05:04.145Z [debug][Jellyfin Sync]: Updating existing title: Game Changer 
2026-09-18T13:05:04.150Z [debug][Jellyfin Sync]: Updating existing title: The Pitt 
2026-09-18T13:05:04.157Z [debug][Jellyfin Sync]: Updating existing title: Nathan for You 
2026-09-18T13:05:04.202Z [debug][Jellyfin Sync]: Updating existing title: Adventure Time 
2026-09-18T13:05:08.202Z [info][Jellyfin Sync]: Recently Added Scan Complete 
2026-09-18T13:06:00.005Z [debug][Jobs]: Starting scheduled job: Download Sync 
2026-09-18T13:07:00.004Z [debug][Jobs]: Starting scheduled job: Download Sync 
2026-09-18T13:08:00.004Z [debug][Jobs]: Starting scheduled job: Download Sync 
2026-09-18T13:09:00.006Z [debug][Jobs]: Starting scheduled job: Download Sync 
2026-09-18T13:10:00.006Z [debug][Jobs]: Starting scheduled job: Download Sync 
2026-09-18T13:10:00.009Z [info][Jobs]: Starting scheduled job: Jellyfin Recently Added Scan 
2026-09-18T13:10:00.009Z [info][Jellyfin Sync]: Scan starting {"sessionId":"73ad8e89-6407-4720-b6b6-3ef646ec4d2f"}
2026-09-18T13:10:00.014Z [info][Jellyfin Sync]: Beginning to process recently added for library: Movies 
2026-09-18T13:10:00.040Z [debug][Jellyfin Sync]: Title already exists and no changes detected for The Shawshank Redemption 
2026-09-18T13:10:00.043Z [debug][Jellyfin Sync]: Title already exists and no changes detected for 3 Idiots 
2026-09-18T13:10:00.044Z [debug][Jellyfin Sync]: Title already exists and no changes detected for Shrek 
2026-09-18T13:10:00.045Z [debug][Jellyfin Sync]: Title already exists and no changes detected for Nirvanna the Band the Show the Movie 
2026-09-18T13:10:04.049Z [info][Jellyfin Sync]: Beginning to process recently added for library: Shows 
2026-09-18T13:10:04.131Z [debug][Jellyfin Sync]: Updating existing title: Game Changer 
2026-09-18T13:10:04.133Z [debug][Jellyfin Sync]: Updating existing title: The Pitt 
2026-09-18T13:10:04.137Z [debug][Jellyfin Sync]: Updating existing title: Nathan for You 
2026-09-18T13:10:04.161Z [debug][Jellyfin Sync]: Updating existing title: Adventure Time 
2026-09-18T13:10:08.164Z [info][Jellyfin Sync]: Recently Added Scan Complete 
2026-09-18T13:11:00.001Z [debug][Jobs]: Starting scheduled job: Download Sync 
2026-09-18T13:12:00.005Z [debug][Jobs]: Starting scheduled job: Download Sync 
2026-09-18T13:13:00.006Z [debug][Jobs]: Starting scheduled job: Download Sync 
2026-09-18T13:14:00.007Z [debug][Jobs]: Starting scheduled job: Download Sync 
2026-09-18T13:15:00.005Z [debug][Jobs]: Starting scheduled job: Download Sync 
2026-09-18T13:15:00.008Z [info][Jobs]: Starting scheduled job: Jellyfin Recently Added Scan 
2026-09-18T13:15:00.008Z [info][Jellyfin Sync]: Scan starting {"sessionId":"0d4122e5-b327-4495-be8e-cf2fb7e18b73"}
2026-09-18T13:15:00.013Z [info][Jellyfin Sync]: Beginning to process recently added for library: Movies 
2026-09-18T13:15:00.040Z [debug][Jellyfin Sync]: Title already exists and no changes detected for 3 Idiots 
2026-09-18T13:15:00.043Z [debug][Jellyfin Sync]: Title already exists and no changes detected for Shrek 
2026-09-18T13:15:00.046Z [debug][Jellyfin Sync]: Title already exists and no changes detected for The Shawshank Redemption 
2026-09-18T13:15:00.046Z [debug][Jellyfin Sync]: Title already exists and no changes detected for Nirvanna the Band the Show the Movie 
2026-09-18T13:15:04.051Z [info][Jellyfin Sync]: Beginning to process recently added for library: Shows 
2026-09-18T13:15:04.108Z [debug][Jellyfin Sync]: Updating existing title: Game Changer 
2026-09-18T13:15:04.111Z [debug][Jellyfin Sync]: Updating existing title: The Pitt 
2026-09-18T13:15:04.113Z [debug][Jellyfin Sync]: Updating existing title: Nathan for You 
2026-09-18T13:15:04.138Z [debug][Jellyfin Sync]: Updating existing title: Adventure Time 
2026-09-18T13:15:08.141Z [info][Jellyfin Sync]: Recently Added Scan Complete 
2026-09-18T13:16:00.004Z [debug][Jobs]: Starting scheduled job: Download Sync 
2026-09-18T13:17:00.003Z [debug][Jobs]: Starting scheduled job: Download Sync 
2026-09-18T13:18:00.007Z [debug][Jobs]: Starting scheduled job: Download Sync 
2026-09-18T13:19:00.005Z [debug][Jobs]: Starting scheduled job: Download Sync 
2026-09-18T13:20:00.005Z [debug][Jobs]: Starting scheduled job: Download Sync 
2026-09-18T13:20:00.009Z [info][Jobs]: Starting scheduled job: Jellyfin Recently Added Scan 
2026-09-18T13:20:00.009Z [info][Jellyfin Sync]: Scan starting {"sessionId":"df636d68-bcf0-4c6d-96ed-7fd81314c17a"}
2026-09-18T13:20:00.014Z [info][Jellyfin Sync]: Beginning to process recently added for library: Movies 
2026-09-18T13:20:00.052Z [debug][Jellyfin Sync]: Title already exists and no changes detected for 3 Idiots 
2026-09-18T13:20:00.054Z [debug][Jellyfin Sync]: Title already exists and no changes detected for The Shawshank Redemption 
2026-09-18T13:20:00.057Z [debug][Jellyfin Sync]: Title already exists and no changes detected for Nirvanna the Band the Show the Movie 
2026-09-18T13:20:00.059Z [debug][Jellyfin Sync]: Title already exists and no changes detected for Shrek 
2026-09-18T13:20:04.063Z [info][Jellyfin Sync]: Beginning to process recently added for library: Shows 
2026-09-18T13:20:04.120Z [debug][Jellyfin Sync]: Updating existing title: Game Changer 
2026-09-18T13:20:04.126Z [debug][Jellyfin Sync]: Updating existing title: The Pitt 
2026-09-18T13:20:04.131Z [debug][Jellyfin Sync]: Updating existing title: Nathan for You 
2026-09-18T13:20:04.152Z [debug][Jellyfin Sync]: Updating existing title: Adventure Time 
2026-09-18T13:20:08.155Z [info][Jellyfin Sync]: Recently Added Scan Complete 
2026-09-18T13:21:00.005Z [debug][Jobs]: Starting scheduled job: Download Sync 
2026-09-18T13:22:00.006Z [debug][Jobs]: Starting scheduled job: Download Sync 
2026-09-18T13:23:00.003Z [debug][Jobs]: Starting scheduled job: Download Sync 
2026-09-18T13:24:00.005Z [debug][Jobs]: Starting scheduled job: Download Sync 
2026-09-18T13:25:00.003Z [debug][Jobs]: Starting scheduled job: Download Sync 
2026-09-18T13:25:00.006Z [info][Jobs]: Starting scheduled job: Jellyfin Recently Added Scan 
2026-09-18T13:25:00.007Z [info][Jellyfin Sync]: Scan starting {"sessionId":"bfcf49fd-e788-4d39-8644-08f24b31818f"}
2026-09-18T13:25:00.013Z [info][Jellyfin Sync]: Beginning to process recently added for library: Movies 
2026-09-18T13:25:00.043Z [debug][Jellyfin Sync]: Title already exists and no changes detected for 3 Idiots 
2026-09-18T13:25:00.044Z [debug][Jellyfin Sync]: Title already exists and no changes detected for The Shawshank Redemption 
2026-09-18T13:25:00.048Z [debug][Jellyfin Sync]: Title already exists and no changes detected for Nirvanna the Band the Show the Movie 
2026-09-18T13:25:00.048Z [debug][Jellyfin Sync]: Title already exists and no changes detected for Shrek 
2026-09-18T13:25:04.053Z [info][Jellyfin Sync]: Beginning to process recently added for library: Shows 
2026-09-18T13:25:04.103Z [debug][Jellyfin Sync]: Updating existing title: Game Changer 
2026-09-18T13:25:04.108Z [debug][Jellyfin Sync]: Updating existing title: The Pitt 
2026-09-18T13:25:04.109Z [debug][Jellyfin Sync]: Updating existing title: Nathan for You 
2026-09-18T13:25:04.134Z [debug][Jellyfin Sync]: Updating existing title: Adventure Time 
2026-09-18T13:25:08.137Z [info][Jellyfin Sync]: Recently Added Scan Complete 
2026-09-18T13:26:00.004Z [debug][Jobs]: Starting scheduled job: Download Sync 
2026-09-18T13:27:00.005Z [debug][Jobs]: Starting scheduled job: Download Sync 
2026-09-18T13:28:00.005Z [debug][Jobs]: Starting scheduled job: Download Sync 
2026-09-18T13:29:00.001Z [debug][Jobs]: Starting scheduled job: Download Sync 
2026-09-18T13:30:00.004Z [debug][Jobs]: Starting scheduled job: Download Sync 
2026-09-18T13:30:00.008Z [info][Jobs]: Starting scheduled job: Jellyfin Recently Added Scan 
2026-09-18T13:30:00.009Z [info][Jellyfin Sync]: Scan starting {"sessionId":"a74aa86c-1a63-40e1-a691-f2131547e427"}
2026-09-18T13:30:00.013Z [info][Jellyfin Sync]: Beginning to process recently added for library: Movies 
2026-09-18T13:30:00.040Z [debug][Jellyfin Sync]: Title already exists and no changes detected for The Shawshank Redemption 
2026-09-18T13:30:00.044Z [debug][Jellyfin Sync]: Title already exists and no changes detected for 3 Idiots 
2026-09-18T13:30:00.049Z [debug][Jellyfin Sync]: Title already exists and no changes detected for Nirvanna the Band the Show the Movie 
2026-09-18T13:30:00.050Z [debug][Jellyfin Sync]: Title already exists and no changes detected for Shrek 
2026-09-18T13:30:04.050Z [info][Jellyfin Sync]: Beginning to process recently added for library: Shows 
2026-09-18T13:30:04.123Z [debug][Jellyfin Sync]: Updating existing title: Game Changer 
2026-09-18T13:30:04.134Z [debug][Jellyfin Sync]: Updating existing title: The Pitt 
2026-09-18T13:30:04.143Z [debug][Jellyfin Sync]: Updating existing title: Nathan for You 
2026-09-18T13:30:04.171Z [debug][Jellyfin Sync]: Updating existing title: Adventure Time 
2026-09-18T13:30:08.174Z [info][Jellyfin Sync]: Recently Added Scan Complete 
2026-09-18T13:31:00.004Z [debug][Jobs]: Starting scheduled job: Download Sync 
2026-09-18T13:32:00.002Z [debug][Jobs]: Starting scheduled job: Download Sync 
2026-09-18T13:33:00.004Z [debug][Jobs]: Starting scheduled job: Download Sync 
2026-09-18T13:34:00.001Z [debug][Jobs]: Starting scheduled job: Download Sync 
2026-09-18T13:35:00.006Z [debug][Jobs]: Starting scheduled job: Download Sync 
2026-09-18T13:35:00.013Z [info][Jobs]: Starting scheduled job: Jellyfin Recently Added Scan 
2026-09-18T13:35:00.013Z [info][Jellyfin Sync]: Scan starting {"sessionId":"015f21d3-1180-4790-a344-e0b024ece5ee"}
2026-09-18T13:35:00.029Z [info][Jellyfin Sync]: Beginning to process recently added for library: Movies 
2026-09-18T13:35:00.075Z [debug][Jellyfin Sync]: Title already exists and no changes detected for 3 Idiots 
2026-09-18T13:35:00.075Z [debug][Jellyfin Sync]: Title already exists and no changes detected for Nirvanna the Band the Show the Movie 
2026-09-18T13:35:00.078Z [debug][Jellyfin Sync]: Title already exists and no changes detected for The Shawshank Redemption 
2026-09-18T13:35:00.079Z [debug][Jellyfin Sync]: Title already exists and no changes detected for Shrek 
2026-09-18T13:35:04.080Z [info][Jellyfin Sync]: Beginning to process recently added for library: Shows 
2026-09-18T13:35:04.127Z [debug][Jellyfin Sync]: Updating existing title: Game Changer 
2026-09-18T13:35:04.134Z [debug][Jellyfin Sync]: Updating existing title: The Pitt 
2026-09-18T13:35:04.138Z [debug][Jellyfin Sync]: Updating existing title: Nathan for You 
2026-09-18T13:35:04.168Z [debug][Jellyfin Sync]: Updating existing title: Adventure Time 
2026-09-18T13:35:08.169Z [info][Jellyfin Sync]: Recently Added Scan Complete 
2026-09-18T13:36:00.003Z [debug][Jobs]: Starting scheduled job: Download Sync 
2026-09-18T13:37:00.003Z [debug][Jobs]: Starting scheduled job: Download Sync 
2026-09-18T13:38:00.004Z [debug][Jobs]: Starting scheduled job: Download Sync 
2026-09-18T13:39:00.004Z [debug][Jobs]: Starting scheduled job: Download Sync 
2026-09-18T13:40:00.004Z [debug][Jobs]: Starting scheduled job: Download Sync 
2026-09-18T13:40:00.008Z [info][Jobs]: Starting scheduled job: Jellyfin Recently Added Scan 
2026-09-18T13:40:00.009Z [info][Jellyfin Sync]: Scan starting {"sessionId":"65c159d2-dc73-4e86-a958-7cb6dab235ea"}
2026-09-18T13:40:00.014Z [info][Jellyfin Sync]: Beginning to process recently added for library: Movies 
2026-09-18T13:40:00.041Z [debug][Jellyfin Sync]: Title already exists and no changes detected for The Shawshank Redemption 
2026-09-18T13:40:00.044Z [debug][Jellyfin Sync]: Title already exists and no changes detected for 3 Idiots 
2026-09-18T13:40:00.047Z [debug][Jellyfin Sync]: Title already exists and no changes detected for Nirvanna the Band the Show the Movie 
2026-09-18T13:40:00.049Z [debug][Jellyfin Sync]: Title already exists and no changes detected for Shrek 
2026-09-18T13:40:04.050Z [info][Jellyfin Sync]: Beginning to process recently added for library: Shows 
2026-09-18T13:40:04.108Z [debug][Jellyfin Sync]: Updating existing title: Game Changer 
2026-09-18T13:40:04.116Z [debug][Jellyfin Sync]: Updating existing title: The Pitt 
2026-09-18T13:40:04.120Z [debug][Jellyfin Sync]: Updating existing title: Nathan for You 
2026-09-18T13:40:04.144Z [debug][Jellyfin Sync]: Updating existing title: Adventure Time 
2026-09-18T13:40:08.147Z [info][Jellyfin Sync]: Recently Added Scan Complete 
2026-09-18T13:41:00.005Z [debug][Jobs]: Starting scheduled job: Download Sync 
2026-09-18T13:42:00.006Z [debug][Jobs]: Starting scheduled job: Download Sync 
2026-09-18T13:43:00.004Z [debug][Jobs]: Starting scheduled job: Download Sync 
2026-09-18T13:44:00.004Z [debug][Jobs]: Starting scheduled job: Download Sync 
2026-09-18T13:45:00.003Z [debug][Jobs]: Starting scheduled job: Download Sync 
2026-09-18T13:45:00.008Z [info][Jobs]: Starting scheduled job: Jellyfin Recently Added Scan 
2026-09-18T13:45:00.008Z [info][Jellyfin Sync]: Scan starting {"sessionId":"0752f5d0-1480-48b8-a1e3-71cb6faaef8d"}
2026-09-18T13:45:00.013Z [info][Jellyfin Sync]: Beginning to process recently added for library: Movies 
2026-09-18T13:45:00.051Z [debug][Jellyfin Sync]: Title already exists and no changes detected for The Shawshank Redemption 
2026-09-18T13:45:00.054Z [debug][Jellyfin Sync]: Title already exists and no changes detected for Shrek 
2026-09-18T13:45:00.054Z [debug][Jellyfin Sync]: Title already exists and no changes detected for 3 Idiots 
2026-09-18T13:45:00.056Z [debug][Jellyfin Sync]: Title already exists and no changes detected for Nirvanna the Band the Show the Movie 
2026-09-18T13:45:04.057Z [info][Jellyfin Sync]: Beginning to process recently added for library: Shows 
2026-09-18T13:45:04.131Z [debug][Jellyfin Sync]: Updating existing title: Game Changer 
2026-09-18T13:45:04.137Z [debug][Jellyfin Sync]: Updating existing title: The Pitt 
2026-09-18T13:45:04.139Z [debug][Jellyfin Sync]: Updating existing title: Nathan for You 
2026-09-18T13:45:04.166Z [debug][Jellyfin Sync]: Updating existing title: Adventure Time 
2026-09-18T13:45:08.169Z [info][Jellyfin Sync]: Recently Added Scan Complete 
2026-09-18T13:46:00.006Z [debug][Jobs]: Starting scheduled job: Download Sync 
2026-09-18T13:47:00.003Z [debug][Jobs]: Starting scheduled job: Download Sync 
2026-09-18T13:48:00.005Z [debug][Jobs]: Starting scheduled job: Download Sync 
2026-09-18T13:49:00.004Z [debug][Jobs]: Starting scheduled job: Download Sync 
2026-09-18T13:50:00.006Z [debug][Jobs]: Starting scheduled job: Download Sync 
2026-09-18T13:50:00.009Z [info][Jobs]: Starting scheduled job: Jellyfin Recently Added Scan 
2026-09-18T13:50:00.009Z [info][Jellyfin Sync]: Scan starting {"sessionId":"6068f567-76e5-4166-868d-55413fd32465"}
2026-09-18T13:50:00.014Z [info][Jellyfin Sync]: Beginning to process recently added for library: Movies 
2026-09-18T13:50:00.046Z [debug][Jellyfin Sync]: Title already exists and no changes detected for 3 Idiots 
2026-09-18T13:50:00.048Z [debug][Jellyfin Sync]: Title already exists and no changes detected for The Shawshank Redemption 
2026-09-18T13:50:00.051Z [debug][Jellyfin Sync]: Title already exists and no changes detected for Nirvanna the Band the Show the Movie 
2026-09-18T13:50:00.052Z [debug][Jellyfin Sync]: Title already exists and no changes detected for Shrek 
2026-09-18T13:50:04.057Z [info][Jellyfin Sync]: Beginning to process recently added for library: Shows 
2026-09-18T13:50:04.120Z [debug][Jellyfin Sync]: Updating existing title: Game Changer 
2026-09-18T13:50:04.123Z [debug][Jellyfin Sync]: Updating existing title: The Pitt 
2026-09-18T13:50:04.126Z [debug][Jellyfin Sync]: Updating existing title: Nathan for You 
2026-09-18T13:50:04.149Z [debug][Jellyfin Sync]: Updating existing title: Adventure Time 
2026-09-18T13:50:08.153Z [info][Jellyfin Sync]: Recently Added Scan Complete 
2026-09-18T13:51:00.005Z [debug][Jobs]: Starting scheduled job: Download Sync 
2026-09-18T13:52:00.005Z [debug][Jobs]: Starting scheduled job: Download Sync 
2026-09-18T13:53:00.004Z [debug][Jobs]: Starting scheduled job: Download Sync 
2026-09-18T13:54:00.005Z [debug][Jobs]: Starting scheduled job: Download Sync 
2026-09-18T13:55:00.004Z [debug][Jobs]: Starting scheduled job: Download Sync 
2026-09-18T13:55:00.008Z [info][Jobs]: Starting scheduled job: Jellyfin Recently Added Scan 
2026-09-18T13:55:00.008Z [info][Jellyfin Sync]: Scan starting {"sessionId":"fca68e78-9de8-434a-8892-1c3198d12ad2"}
2026-09-18T13:55:00.013Z [info][Jellyfin Sync]: Beginning to process recently added for library: Movies 
2026-09-18T13:55:00.043Z [debug][Jellyfin Sync]: Title already exists and no changes detected for The Shawshank Redemption 
2026-09-18T13:55:00.045Z [debug][Jellyfin Sync]: Title already exists and no changes detected for Nirvanna the Band the Show the Movie 
2026-09-18T13:55:00.046Z [debug][Jellyfin Sync]: Title already exists and no changes detected for Shrek 
2026-09-18T13:55:00.048Z [debug][Jellyfin Sync]: Title already exists and no changes detected for 3 Idiots 
2026-09-18T13:55:04.052Z [info][Jellyfin Sync]: Beginning to process recently added for library: Shows 
2026-09-18T13:55:04.109Z [debug][Jellyfin Sync]: Updating existing title: Game Changer 
2026-09-18T13:55:04.110Z [debug][Jellyfin Sync]: Updating existing title: The Pitt 
2026-09-18T13:55:04.117Z [debug][Jellyfin Sync]: Updating existing title: Nathan for You 
2026-09-18T13:55:04.163Z [debug][Jellyfin Sync]: Updating existing title: Adventure Time 
2026-09-18T13:55:08.166Z [info][Jellyfin Sync]: Recently Added Scan Complete 
2026-09-18T13:56:00.005Z [debug][Jobs]: Starting scheduled job: Download Sync 
2026-09-18T13:57:00.006Z [debug][Jobs]: Starting scheduled job: Download Sync 
2026-09-18T13:58:00.004Z [debug][Jobs]: Starting scheduled job: Download Sync 
2026-09-18T13:59:00.004Z [debug][Jobs]: Starting scheduled job: Download Sync 
2026-09-18T14:00:00.004Z [debug][Jobs]: Starting scheduled job: Download Sync 
2026-09-18T14:00:00.008Z [info][Jobs]: Starting scheduled job: Jellyfin Recently Added Scan 
2026-09-18T14:00:00.008Z [info][Jellyfin Sync]: Scan starting {"sessionId":"bcea17a4-df71-4de5-af63-1493fa7e74e8"}
2026-09-18T14:00:00.013Z [info][Jellyfin Sync]: Beginning to process recently added for library: Movies 
2026-09-18T14:00:00.038Z [debug][Jellyfin Sync]: Title already exists and no changes detected for The Shawshank Redemption 
2026-09-18T14:00:00.041Z [debug][Jellyfin Sync]: Title already exists and no changes detected for 3 Idiots 
2026-09-18T14:00:00.045Z [debug][Jellyfin Sync]: Title already exists and no changes detected for Nirvanna the Band the Show the Movie 
2026-09-18T14:00:00.045Z [debug][Jellyfin Sync]: Title already exists and no changes detected for Shrek 
2026-09-18T14:00:04.050Z [info][Jellyfin Sync]: Beginning to process recently added for library: Shows 
2026-09-18T14:00:04.103Z [debug][Jellyfin Sync]: Updating existing title: Game Changer 
2026-09-18T14:00:04.106Z [debug][Jellyfin Sync]: Updating existing title: The Pitt 
2026-09-18T14:00:04.110Z [debug][Jellyfin Sync]: Updating existing title: Nathan for You 
2026-09-18T14:00:04.135Z [debug][Jellyfin Sync]: Updating existing title: Adventure Time 
2026-09-18T14:00:08.137Z [info][Jellyfin Sync]: Recently Added Scan Complete 
2026-09-18T14:01:00.005Z [debug][Jobs]: Starting scheduled job: Download Sync 
2026-09-18T14:02:00.005Z [debug][Jobs]: Starting scheduled job: Download Sync 
2026-09-18T14:03:00.004Z [debug][Jobs]: Starting scheduled job: Download Sync 
2026-09-18T14:04:00.005Z [debug][Jobs]: Starting scheduled job: Download Sync 
2026-09-18T14:05:00.003Z [debug][Jobs]: Starting scheduled job: Download Sync 
2026-09-18T14:05:00.007Z [info][Jobs]: Starting scheduled job: Jellyfin Recently Added Scan 
2026-09-18T14:05:00.007Z [info][Jellyfin Sync]: Scan starting {"sessionId":"2074fbf3-4925-43c6-b1f6-7ab8d68e9fee"}
2026-09-18T14:05:00.011Z [info][Jellyfin Sync]: Beginning to process recently added for library: Movies 
2026-09-18T14:05:00.038Z [debug][Jellyfin Sync]: Title already exists and no changes detected for 3 Idiots 
2026-09-18T14:05:00.043Z [debug][Jellyfin Sync]: Title already exists and no changes detected for Shrek 
2026-09-18T14:05:00.043Z [debug][Jellyfin Sync]: Title already exists and no changes detected for The Shawshank Redemption 
2026-09-18T14:05:00.043Z [debug][Jellyfin Sync]: Title already exists and no changes detected for Nirvanna the Band the Show the Movie 
2026-09-18T14:05:04.048Z [info][Jellyfin Sync]: Beginning to process recently added for library: Shows 
2026-09-18T14:05:04.132Z [debug][Jellyfin Sync]: Updating existing title: Game Changer 
2026-09-18T14:05:04.140Z [debug][Jellyfin Sync]: Updating existing title: Nathan for You 
2026-09-18T14:05:04.140Z [debug][Jellyfin Sync]: Updating existing title: The Pitt 
2026-09-18T14:05:04.165Z [debug][Jellyfin Sync]: Updating existing title: Adventure Time 
2026-09-18T14:05:08.165Z [info][Jellyfin Sync]: Recently Added Scan Complete 
2026-09-18T14:06:00.005Z [debug][Jobs]: Starting scheduled job: Download Sync 
2026-09-18T14:07:00.003Z [debug][Jobs]: Starting scheduled job: Download Sync 
2026-09-18T14:08:00.005Z [debug][Jobs]: Starting scheduled job: Download Sync 
2026-09-18T14:09:00.006Z [debug][Jobs]: Starting scheduled job: Download Sync 
2026-09-18T14:10:00.006Z [debug][Jobs]: Starting scheduled job: Download Sync 
2026-09-18T14:10:00.012Z [info][Jobs]: Starting scheduled job: Jellyfin Recently Added Scan 
2026-09-18T14:10:00.012Z [info][Jellyfin Sync]: Scan starting {"sessionId":"542cc531-d5d9-4044-9bef-a8cfd686f609"}
2026-09-18T14:10:00.021Z [info][Jellyfin Sync]: Beginning to process recently added for library: Movies 
2026-09-18T14:10:00.053Z [debug][Jellyfin Sync]: Title already exists and no changes detected for The Shawshank Redemption 
2026-09-18T14:10:00.055Z [debug][Jellyfin Sync]: Title already exists and no changes detected for Nirvanna the Band the Show the Movie 
2026-09-18T14:10:00.055Z [debug][Jellyfin Sync]: Title already exists and no changes detected for 3 Idiots 
2026-09-18T14:10:00.056Z [debug][Jellyfin Sync]: Title already exists and no changes detected for Shrek 
2026-09-18T14:10:04.061Z [info][Jellyfin Sync]: Beginning to process recently added for library: Shows 
2026-09-18T14:10:04.119Z [debug][Jellyfin Sync]: Updating existing title: Game Changer 
2026-09-18T14:10:04.126Z [debug][Jellyfin Sync]: Updating existing title: The Pitt 
2026-09-18T14:10:04.129Z [debug][Jellyfin Sync]: Updating existing title: Nathan for You 
2026-09-18T14:10:04.156Z [debug][Jellyfin Sync]: Updating existing title: Adventure Time 
2026-09-18T14:10:08.160Z [info][Jellyfin Sync]: Recently Added Scan Complete 
2026-09-18T14:11:00.005Z [debug][Jobs]: Starting scheduled job: Download Sync 
2026-09-18T14:12:00.005Z [debug][Jobs]: Starting scheduled job: Download Sync 
2026-09-18T14:13:00.003Z [debug][Jobs]: Starting scheduled job: Download Sync 
2026-09-18T14:14:00.004Z [debug][Jobs]: Starting scheduled job: Download Sync 
2026-09-18T14:15:00.003Z [debug][Jobs]: Starting scheduled job: Download Sync 
2026-09-18T14:15:00.008Z [info][Jobs]: Starting scheduled job: Jellyfin Recently Added Scan 
2026-09-18T14:15:00.008Z [info][Jellyfin Sync]: Scan starting {"sessionId":"72a5df55-9f94-42c4-8403-60839332ba10"}
2026-09-18T14:15:00.012Z [info][Jellyfin Sync]: Beginning to process recently added for library: Movies 
2026-09-18T14:15:00.044Z [debug][Jellyfin Sync]: Title already exists and no changes detected for Nirvanna the Band the Show the Movie 
2026-09-18T14:15:00.044Z [debug][Jellyfin Sync]: Title already exists and no changes detected for 3 Idiots 
2026-09-18T14:15:00.045Z [debug][Jellyfin Sync]: Title already exists and no changes detected for The Shawshank Redemption 
2026-09-18T14:15:00.045Z [debug][Jellyfin Sync]: Title already exists and no changes detected for Shrek 
2026-09-18T14:15:04.050Z [info][Jellyfin Sync]: Beginning to process recently added for library: Shows 
2026-09-18T14:15:04.100Z [debug][Jellyfin Sync]: Updating existing title: Game Changer 
2026-09-18T14:15:04.112Z [debug][Jellyfin Sync]: Updating existing title: The Pitt 
2026-09-18T14:15:04.115Z [debug][Jellyfin Sync]: Updating existing title: Nathan for You 
2026-09-18T14:15:04.143Z [debug][Jellyfin Sync]: Updating existing title: Adventure Time 
2026-09-18T14:15:08.146Z [info][Jellyfin Sync]: Recently Added Scan Complete 
2026-09-18T14:16:00.003Z [debug][Jobs]: Starting scheduled job: Download Sync 
2026-09-18T14:17:00.003Z [debug][Jobs]: Starting scheduled job: Download Sync 
2026-09-18T14:18:00.005Z [debug][Jobs]: Starting scheduled job: Download Sync 
2026-09-18T14:19:00.005Z [debug][Jobs]: Starting scheduled job: Download Sync 
2026-09-18T14:20:00.005Z [debug][Jobs]: Starting scheduled job: Download Sync 
2026-09-18T14:20:00.010Z [info][Jobs]: Starting scheduled job: Jellyfin Recently Added Scan 
2026-09-18T14:20:00.010Z [info][Jellyfin Sync]: Scan starting {"sessionId":"5a178559-d508-4635-91e0-3621a0b320f3"}
2026-09-18T14:20:00.015Z [info][Jellyfin Sync]: Beginning to process recently added for library: Movies 
2026-09-18T14:20:00.038Z [debug][Jellyfin Sync]: Title already exists and no changes detected for The Shawshank Redemption 
2026-09-18T14:20:00.045Z [debug][Jellyfin Sync]: Title already exists and no changes detected for Nirvanna the Band the Show the Movie 
2026-09-18T14:20:00.046Z [debug][Jellyfin Sync]: Title already exists and no changes detected for 3 Idiots 
2026-09-18T14:20:00.047Z [debug][Jellyfin Sync]: Title already exists and no changes detected for Shrek 
2026-09-18T14:20:04.051Z [info][Jellyfin Sync]: Beginning to process recently added for library: Shows 
2026-09-18T14:20:04.112Z [debug][Jellyfin Sync]: Updating existing title: Game Changer 
2026-09-18T14:20:04.118Z [debug][Jellyfin Sync]: Updating existing title: The Pitt 
2026-09-18T14:20:04.122Z [debug][Jellyfin Sync]: Updating existing title: Nathan for You 
2026-09-18T14:20:04.144Z [debug][Jellyfin Sync]: Updating existing title: Adventure Time 
2026-09-18T14:20:08.148Z [info][Jellyfin Sync]: Recently Added Scan Complete 
2026-09-18T14:21:00.005Z [debug][Jobs]: Starting scheduled job: Download Sync 
2026-09-18T14:22:00.005Z [debug][Jobs]: Starting scheduled job: Download Sync 
2026-09-18T14:23:00.003Z [debug][Jobs]: Starting scheduled job: Download Sync 
2026-09-18T14:24:00.004Z [debug][Jobs]: Starting scheduled job: Download Sync 
2026-09-18T14:25:00.004Z [debug][Jobs]: Starting scheduled job: Download Sync 
2026-09-18T14:25:00.008Z [info][Jobs]: Starting scheduled job: Jellyfin Recently Added Scan 
2026-09-18T14:25:00.008Z [info][Jellyfin Sync]: Scan starting {"sessionId":"09d87216-cf10-48a8-aef0-5362891a57ea"}
2026-09-18T14:25:00.013Z [info][Jellyfin Sync]: Beginning to process recently added for library: Movies 
2026-09-18T14:25:00.038Z [debug][Jellyfin Sync]: Title already exists and no changes detected for 3 Idiots 
2026-09-18T14:25:00.040Z [debug][Jellyfin Sync]: Title already exists and no changes detected for The Shawshank Redemption 
2026-09-18T14:25:00.042Z [debug][Jellyfin Sync]: Title already exists and no changes detected for Nirvanna the Band the Show the Movie 
2026-09-18T14:25:00.043Z [debug][Jellyfin Sync]: Title already exists and no changes detected for Shrek 
2026-09-18T14:25:04.044Z [info][Jellyfin Sync]: Beginning to process recently added for library: Shows 
2026-09-18T14:25:04.093Z [debug][Jellyfin Sync]: Updating existing title: Game Changer 
2026-09-18T14:25:04.101Z [debug][Jellyfin Sync]: Updating existing title: The Pitt 
2026-09-18T14:25:04.108Z [debug][Jellyfin Sync]: Updating existing title: Nathan for You 
2026-09-18T14:25:04.127Z [debug][Jellyfin Sync]: Updating existing title: Adventure Time 
2026-09-18T14:25:08.129Z [info][Jellyfin Sync]: Recently Added Scan Complete 
2026-09-18T14:26:00.003Z [debug][Jobs]: Starting scheduled job: Download Sync 
2026-09-18T14:27:00.004Z [debug][Jobs]: Starting scheduled job: Download Sync 
2026-09-18T14:28:00.002Z [debug][Jobs]: Starting scheduled job: Download Sync 
2026-09-18T14:29:00.004Z [debug][Jobs]: Starting scheduled job: Download Sync 
2026-09-18T14:30:00.002Z [debug][Jobs]: Starting scheduled job: Download Sync 
2026-09-18T14:30:00.005Z [info][Jobs]: Starting scheduled job: Jellyfin Recently Added Scan 
2026-09-18T14:30:00.006Z [info][Jellyfin Sync]: Scan starting {"sessionId":"2bb396ac-5cd7-4fa6-846d-9c4295a84eb0"}
2026-09-18T14:30:00.029Z [info][Jellyfin Sync]: Beginning to process recently added for library: Movies 
2026-09-18T14:30:00.110Z [debug][Jellyfin Sync]: Title already exists and no changes detected for The Shawshank Redemption 
2026-09-18T14:30:00.110Z [debug][Jellyfin Sync]: Title already exists and no changes detected for 3 Idiots 
2026-09-18T14:30:00.111Z [debug][Jellyfin Sync]: Title already exists and no changes detected for Nirvanna the Band the Show the Movie 
2026-09-18T14:30:00.114Z [debug][Jellyfin Sync]: Title already exists and no changes detected for Shrek 
2026-09-18T14:30:04.118Z [info][Jellyfin Sync]: Beginning to process recently added for library: Shows 
2026-09-18T14:30:04.179Z [debug][Jellyfin Sync]: Updating existing title: The Pitt 
2026-09-18T14:30:04.183Z [debug][Jellyfin Sync]: Updating existing title: Game Changer 
2026-09-18T14:30:04.189Z [debug][Jellyfin Sync]: Updating existing title: Nathan for You 
2026-09-18T14:30:04.208Z [debug][Jellyfin Sync]: Updating existing title: Adventure Time 
2026-09-18T14:30:08.208Z [info][Jellyfin Sync]: Recently Added Scan Complete 
2026-09-18T14:31:00.007Z [debug][Jobs]: Starting scheduled job: Download Sync 
2026-09-18T14:32:00.007Z [debug][Jobs]: Starting scheduled job: Download Sync 
2026-09-18T14:33:00.005Z [debug][Jobs]: Starting scheduled job: Download Sync 
2026-09-18T14:34:00.008Z [debug][Jobs]: Starting scheduled job: Download Sync 
2026-09-18T14:35:00.009Z [debug][Jobs]: Starting scheduled job: Download Sync 
2026-09-18T14:35:00.016Z [info][Jobs]: Starting scheduled job: Jellyfin Recently Added Scan 
2026-09-18T14:35:00.016Z [info][Jellyfin Sync]: Scan starting {"sessionId":"2ffe2988-6ded-44b9-81de-cb5388453e68"}
2026-09-18T14:35:00.024Z [info][Jellyfin Sync]: Beginning to process recently added for library: Movies 
2026-09-18T14:35:00.056Z [debug][Jellyfin Sync]: Title already exists and no changes detected for The Shawshank Redemption 
2026-09-18T14:35:00.057Z [debug][Jellyfin Sync]: Title already exists and no changes detected for Shrek 
2026-09-18T14:35:00.061Z [debug][Jellyfin Sync]: Title already exists and no changes detected for 3 Idiots 
2026-09-18T14:35:00.063Z [debug][Jellyfin Sync]: Title already exists and no changes detected for Nirvanna the Band the Show the Movie 
2026-09-18T14:35:04.066Z [info][Jellyfin Sync]: Beginning to process recently added for library: Shows 
2026-09-18T14:35:04.124Z [debug][Jellyfin Sync]: Updating existing title: Game Changer 
2026-09-18T14:35:04.130Z [debug][Jellyfin Sync]: Updating existing title: The Pitt 
2026-09-18T14:35:04.135Z [debug][Jellyfin Sync]: Updating existing title: Nathan for You 
2026-09-18T14:35:04.157Z [debug][Jellyfin Sync]: Updating existing title: Adventure Time 
2026-09-18T14:35:08.157Z [info][Jellyfin Sync]: Recently Added Scan Complete 
2026-09-18T14:36:00.005Z [debug][Jobs]: Starting scheduled job: Download Sync 
2026-09-18T14:37:00.006Z [debug][Jobs]: Starting scheduled job: Download Sync 
2026-09-18T14:38:00.006Z [debug][Jobs]: Starting scheduled job: Download Sync 
2026-09-18T14:39:00.005Z [debug][Jobs]: Starting scheduled job: Download Sync 
2026-09-18T14:40:00.005Z [debug][Jobs]: Starting scheduled job: Download Sync 
2026-09-18T14:40:00.009Z [info][Jobs]: Starting scheduled job: Jellyfin Recently Added Scan 
2026-09-18T14:40:00.009Z [info][Jellyfin Sync]: Scan starting {"sessionId":"c33c71c0-cfaf-4c67-8fce-170ec869e690"}
2026-09-18T14:40:00.017Z [info][Jellyfin Sync]: Beginning to process recently added for library: Movies 
2026-09-18T14:40:00.054Z [debug][Jellyfin Sync]: Title already exists and no changes detected for 3 Idiots 
2026-09-18T14:40:00.055Z [debug][Jellyfin Sync]: Title already exists and no changes detected for The Shawshank Redemption 
2026-09-18T14:40:00.056Z [debug][Jellyfin Sync]: Title already exists and no changes detected for Nirvanna the Band the Show the Movie 
2026-09-18T14:40:00.057Z [debug][Jellyfin Sync]: Title already exists and no changes detected for Shrek 
2026-09-18T14:40:04.059Z [info][Jellyfin Sync]: Beginning to process recently added for library: Shows 
2026-09-18T14:40:04.116Z [debug][Jellyfin Sync]: Updating existing title: Game Changer 
2026-09-18T14:40:04.119Z [debug][Jellyfin Sync]: Updating existing title: The Pitt 
2026-09-18T14:40:04.123Z [debug][Jellyfin Sync]: Updating existing title: Nathan for You 
2026-09-18T14:40:04.152Z [debug][Jellyfin Sync]: Updating existing title: Adventure Time 
2026-09-18T14:40:08.156Z [info][Jellyfin Sync]: Recently Added Scan Complete 
2026-09-18T14:41:00.006Z [debug][Jobs]: Starting scheduled job: Download Sync 
2026-09-18T14:42:00.005Z [debug][Jobs]: Starting scheduled job: Download Sync 
2026-09-18T14:43:00.006Z [debug][Jobs]: Starting scheduled job: Download Sync 
2026-09-18T14:44:00.005Z [debug][Jobs]: Starting scheduled job: Download Sync 
2026-09-18T14:45:00.001Z [debug][Jobs]: Starting scheduled job: Download Sync 
2026-09-18T14:45:00.004Z [info][Jobs]: Starting scheduled job: Jellyfin Recently Added Scan 
2026-09-18T14:45:00.004Z [info][Jellyfin Sync]: Scan starting {"sessionId":"1c2b5424-4b72-46e6-9a28-5db7224dab5d"}
2026-09-18T14:45:00.010Z [info][Jellyfin Sync]: Beginning to process recently added for library: Movies 
2026-09-18T14:45:00.041Z [debug][Jellyfin Sync]: Title already exists and no changes detected for The Shawshank Redemption 
2026-09-18T14:45:00.048Z [debug][Jellyfin Sync]: Title already exists and no changes detected for 3 Idiots 
2026-09-18T14:45:00.054Z [debug][Jellyfin Sync]: Title already exists and no changes detected for Shrek 
2026-09-18T14:45:00.054Z [debug][Jellyfin Sync]: Title already exists and no changes detected for Nirvanna the Band the Show the Movie 
2026-09-18T14:45:04.054Z [info][Jellyfin Sync]: Beginning to process recently added for library: Shows 
2026-09-18T14:45:04.117Z [debug][Jellyfin Sync]: Updating existing title: Game Changer 
2026-09-18T14:45:04.118Z [debug][Jellyfin Sync]: Updating existing title: The Pitt 
2026-09-18T14:45:04.124Z [debug][Jellyfin Sync]: Updating existing title: Nathan for You 
2026-09-18T14:45:04.148Z [debug][Jellyfin Sync]: Updating existing title: Adventure Time 
2026-09-18T14:45:08.151Z [info][Jellyfin Sync]: Recently Added Scan Complete 
2026-09-18T14:46:00.002Z [debug][Jobs]: Starting scheduled job: Download Sync 
2026-09-18T14:47:00.006Z [debug][Jobs]: Starting scheduled job: Download Sync 
2026-09-18T14:48:00.004Z [debug][Jobs]: Starting scheduled job: Download Sync 
2026-09-18T14:49:00.003Z [debug][Jobs]: Starting scheduled job: Download Sync 
2026-09-18T14:50:00.005Z [debug][Jobs]: Starting scheduled job: Download Sync 
2026-09-18T14:50:00.008Z [info][Jobs]: Starting scheduled job: Jellyfin Recently Added Scan 
2026-09-18T14:50:00.008Z [info][Jellyfin Sync]: Scan starting {"sessionId":"2ee99727-a5a3-4e77-b274-e99950aa7c9b"}
2026-09-18T14:50:00.013Z [info][Jellyfin Sync]: Beginning to process recently added for library: Movies 
2026-09-18T14:50:00.051Z [debug][Jellyfin Sync]: Title already exists and no changes detected for The Shawshank Redemption 
2026-09-18T14:50:00.054Z [debug][Jellyfin Sync]: Title already exists and no changes detected for 3 Idiots 
2026-09-18T14:50:00.056Z [debug][Jellyfin Sync]: Title already exists and no changes detected for Shrek 
2026-09-18T14:50:00.058Z [debug][Jellyfin Sync]: Title already exists and no changes detected for Nirvanna the Band the Show the Movie 
2026-09-18T14:50:04.063Z [info][Jellyfin Sync]: Beginning to process recently added for library: Shows 
2026-09-18T14:50:04.124Z [debug][Jellyfin Sync]: Updating existing title: Game Changer 
2026-09-18T14:50:04.129Z [debug][Jellyfin Sync]: Updating existing title: The Pitt 
2026-09-18T14:50:04.133Z [debug][Jellyfin Sync]: Updating existing title: Nathan for You 
2026-09-18T14:50:04.157Z [debug][Jellyfin Sync]: Updating existing title: Adventure Time 
2026-09-18T14:50:08.161Z [info][Jellyfin Sync]: Recently Added Scan Complete 
2026-09-18T14:51:00.004Z [debug][Jobs]: Starting scheduled job: Download Sync 
2026-09-18T14:52:00.003Z [debug][Jobs]: Starting scheduled job: Download Sync 
2026-09-18T14:53:00.005Z [debug][Jobs]: Starting scheduled job: Download Sync 
2026-09-18T14:54:00.006Z [debug][Jobs]: Starting scheduled job: Download Sync 
2026-09-18T14:55:00.004Z [debug][Jobs]: Starting scheduled job: Download Sync 
2026-09-18T14:55:00.008Z [info][Jobs]: Starting scheduled job: Jellyfin Recently Added Scan 
2026-09-18T14:55:00.009Z [info][Jellyfin Sync]: Scan starting {"sessionId":"3072f13d-1723-4bb0-bc73-dcfb4701c441"}
2026-09-18T14:55:00.016Z [info][Jellyfin Sync]: Beginning to process recently added for library: Movies 
2026-09-18T14:55:00.044Z [debug][Jellyfin Sync]: Title already exists and no changes detected for 3 Idiots 
2026-09-18T14:55:00.048Z [debug][Jellyfin Sync]: Title already exists and no changes detected for Nirvanna the Band the Show the Movie 
2026-09-18T14:55:00.049Z [debug][Jellyfin Sync]: Title already exists and no changes detected for The Shawshank Redemption 
2026-09-18T14:55:00.050Z [debug][Jellyfin Sync]: Title already exists and no changes detected for Shrek 
2026-09-18T14:55:04.054Z [info][Jellyfin Sync]: Beginning to process recently added for library: Shows 
2026-09-18T14:55:04.120Z [debug][Jellyfin Sync]: Updating existing title: Game Changer 
2026-09-18T14:55:04.126Z [debug][Jellyfin Sync]: Updating existing title: The Pitt 
2026-09-18T14:55:04.128Z [debug][Jellyfin Sync]: Updating existing title: Nathan for You 
2026-09-18T14:55:04.154Z [debug][Jellyfin Sync]: Updating existing title: Adventure Time 
2026-09-18T14:55:08.157Z [info][Jellyfin Sync]: Recently Added Scan Complete 
2026-09-18T14:56:00.003Z [debug][Jobs]: Starting scheduled job: Download Sync 
2026-09-18T14:57:00.003Z [debug][Jobs]: Starting scheduled job: Download Sync 
2026-09-18T14:58:00.005Z [debug][Jobs]: Starting scheduled job: Download Sync 
2026-09-18T14:59:00.005Z [debug][Jobs]: Starting scheduled job: Download Sync 
2026-09-18T15:00:00.005Z [debug][Jobs]: Starting scheduled job: Download Sync 
2026-09-18T15:00:00.008Z [info][Jobs]: Starting scheduled job: Jellyfin Recently Added Scan 
2026-09-18T15:00:00.009Z [info][Jellyfin Sync]: Scan starting {"sessionId":"6ebe6167-2708-468e-9c0d-4015e1b8742e"}
2026-09-18T15:00:00.029Z [info][Jellyfin Sync]: Beginning to process recently added for library: Movies 
2026-09-18T15:00:00.058Z [debug][Jellyfin Sync]: Title already exists and no changes detected for The Shawshank Redemption 
2026-09-18T15:00:00.062Z [debug][Jellyfin Sync]: Title already exists and no changes detected for 3 Idiots 
2026-09-18T15:00:00.066Z [debug][Jellyfin Sync]: Title already exists and no changes detected for Nirvanna the Band the Show the Movie 
2026-09-18T15:00:00.066Z [debug][Jellyfin Sync]: Title already exists and no changes detected for Shrek 
2026-09-18T15:00:04.071Z [info][Jellyfin Sync]: Beginning to process recently added for library: Shows 
2026-09-18T15:00:04.130Z [debug][Jellyfin Sync]: Updating existing title: Game Changer 
2026-09-18T15:00:04.134Z [debug][Jellyfin Sync]: Updating existing title: The Pitt 
2026-09-18T15:00:04.140Z [debug][Jellyfin Sync]: Updating existing title: Nathan for You 
2026-09-18T15:00:04.161Z [debug][Jellyfin Sync]: Updating existing title: Adventure Time 
2026-09-18T15:00:08.161Z [info][Jellyfin Sync]: Recently Added Scan Complete 
2026-09-18T15:01:00.004Z [debug][Jobs]: Starting scheduled job: Download Sync 
2026-09-18T15:02:00.004Z [debug][Jobs]: Starting scheduled job: Download Sync 
2026-09-18T15:03:00.005Z [debug][Jobs]: Starting scheduled job: Download Sync 
2026-09-18T15:04:00.004Z [debug][Jobs]: Starting scheduled job: Download Sync 
2026-09-18T15:05:00.005Z [debug][Jobs]: Starting scheduled job: Download Sync 
2026-09-18T15:05:00.008Z [info][Jobs]: Starting scheduled job: Jellyfin Recently Added Scan 
2026-09-18T15:05:00.008Z [info][Jellyfin Sync]: Scan starting {"sessionId":"ab56e789-ba08-4372-b0d2-81bdca4131b6"}
2026-09-18T15:05:00.012Z [info][Jellyfin Sync]: Beginning to process recently added for library: Movies 
2026-09-18T15:05:00.042Z [debug][Jellyfin Sync]: Title already exists and no changes detected for The Shawshank Redemption 
2026-09-18T15:05:00.045Z [debug][Jellyfin Sync]: Title already exists and no changes detected for 3 Idiots 
2026-09-18T15:05:00.046Z [debug][Jellyfin Sync]: Title already exists and no changes detected for Shrek 
2026-09-18T15:05:00.047Z [debug][Jellyfin Sync]: Title already exists and no changes detected for Nirvanna the Band the Show the Movie 
2026-09-18T15:05:04.056Z [info][Jellyfin Sync]: Beginning to process recently added for library: Shows 
2026-09-18T15:05:04.151Z [debug][Jellyfin Sync]: Updating existing title: Game Changer 
2026-09-18T15:05:04.158Z [debug][Jellyfin Sync]: Updating existing title: The Pitt 
2026-09-18T15:05:04.162Z [debug][Jellyfin Sync]: Updating existing title: Nathan for You 
2026-09-18T15:05:04.186Z [debug][Jellyfin Sync]: Updating existing title: Adventure Time 
2026-09-18T15:05:08.186Z [info][Jellyfin Sync]: Recently Added Scan Complete 
2026-09-18T15:06:00.004Z [debug][Jobs]: Starting scheduled job: Download Sync 
2026-09-18T15:07:00.006Z [debug][Jobs]: Starting scheduled job: Download Sync 
2026-09-18T15:08:00.002Z [debug][Jobs]: Starting scheduled job: Download Sync 
2026-09-18T15:09:00.003Z [debug][Jobs]: Starting scheduled job: Download Sync 
2026-09-18T15:10:00.005Z [debug][Jobs]: Starting scheduled job: Download Sync 
2026-09-18T15:10:00.008Z [info][Jobs]: Starting scheduled job: Jellyfin Recently Added Scan 
2026-09-18T15:10:00.008Z [info][Jellyfin Sync]: Scan starting {"sessionId":"f580c08a-3d50-46f9-a5bd-2847ed65cfb3"}
2026-09-18T15:10:00.013Z [info][Jellyfin Sync]: Beginning to process recently added for library: Movies 
2026-09-18T15:10:00.046Z [debug][Jellyfin Sync]: Title already exists and no changes detected for The Shawshank Redemption 
2026-09-18T15:10:00.049Z [debug][Jellyfin Sync]: Title already exists and no changes detected for 3 Idiots 
2026-09-18T15:10:00.051Z [debug][Jellyfin Sync]: Title already exists and no changes detected for Nirvanna the Band the Show the Movie 
2026-09-18T15:10:00.052Z [debug][Jellyfin Sync]: Title already exists and no changes detected for Shrek 
2026-09-18T15:10:04.058Z [info][Jellyfin Sync]: Beginning to process recently added for library: Shows 
2026-09-18T15:10:04.117Z [debug][Jellyfin Sync]: Updating existing title: Game Changer 
2026-09-18T15:10:04.119Z [debug][Jellyfin Sync]: Updating existing title: The Pitt 
2026-09-18T15:10:04.122Z [debug][Jellyfin Sync]: Updating existing title: Nathan for You 
2026-09-18T15:10:04.149Z [debug][Jellyfin Sync]: Updating existing title: Adventure Time 
2026-09-18T15:10:08.152Z [info][Jellyfin Sync]: Recently Added Scan Complete 
2026-09-18T15:11:00.004Z [debug][Jobs]: Starting scheduled job: Download Sync 
2026-09-18T15:12:00.005Z [debug][Jobs]: Starting scheduled job: Download Sync 
2026-09-18T15:13:00.005Z [debug][Jobs]: Starting scheduled job: Download Sync 
2026-09-18T15:14:00.003Z [debug][Jobs]: Starting scheduled job: Download Sync 
2026-09-18T15:15:00.003Z [debug][Jobs]: Starting scheduled job: Download Sync 
2026-09-18T15:15:00.007Z [info][Jobs]: Starting scheduled job: Jellyfin Recently Added Scan 
2026-09-18T15:15:00.008Z [info][Jellyfin Sync]: Scan starting {"sessionId":"14e7f386-df8b-4209-a214-a2e9dbad6a51"}
2026-09-18T15:15:00.012Z [info][Jellyfin Sync]: Beginning to process recently added for library: Movies 
2026-09-18T15:15:00.059Z [debug][Jellyfin Sync]: Title already exists and no changes detected for The Shawshank Redemption 
2026-09-18T15:15:00.060Z [debug][Jellyfin Sync]: Title already exists and no changes detected for 3 Idiots 
2026-09-18T15:15:00.062Z [debug][Jellyfin Sync]: Title already exists and no changes detected for Nirvanna the Band the Show the Movie 
2026-09-18T15:15:00.062Z [debug][Jellyfin Sync]: Title already exists and no changes detected for Shrek 
2026-09-18T15:15:04.066Z [info][Jellyfin Sync]: Beginning to process recently added for library: Shows 
2026-09-18T15:15:04.133Z [debug][Jellyfin Sync]: Updating existing title: The Pitt 
2026-09-18T15:15:04.135Z [debug][Jellyfin Sync]: Updating existing title: Game Changer 
2026-09-18T15:15:04.141Z [debug][Jellyfin Sync]: Updating existing title: Nathan for You 
2026-09-18T15:15:04.161Z [debug][Jellyfin Sync]: Updating existing title: Adventure Time 
2026-09-18T15:15:08.164Z [info][Jellyfin Sync]: Recently Added Scan Complete 
2026-09-18T15:16:00.005Z [debug][Jobs]: Starting scheduled job: Download Sync 
2026-09-18T15:17:00.002Z [debug][Jobs]: Starting scheduled job: Download Sync 
2026-09-18T15:18:00.004Z [debug][Jobs]: Starting scheduled job: Download Sync 
2026-09-18T15:19:00.003Z [debug][Jobs]: Starting scheduled job: Download Sync 
2026-09-18T15:20:00.004Z [debug][Jobs]: Starting scheduled job: Download Sync 
2026-09-18T15:20:00.008Z [info][Jobs]: Starting scheduled job: Jellyfin Recently Added Scan 
2026-09-18T15:20:00.008Z [info][Jellyfin Sync]: Scan starting {"sessionId":"73185561-d1b2-4c3d-a81b-62623be625ea"}
2026-09-18T15:20:00.013Z [info][Jellyfin Sync]: Beginning to process recently added for library: Movies 
2026-09-18T15:20:00.042Z [debug][Jellyfin Sync]: Title already exists and no changes detected for The Shawshank Redemption 
2026-09-18T15:20:00.045Z [debug][Jellyfin Sync]: Title already exists and no changes detected for 3 Idiots 
2026-09-18T15:20:00.047Z [debug][Jellyfin Sync]: Title already exists and no changes detected for Nirvanna the Band the Show the Movie 
2026-09-18T15:20:00.049Z [debug][Jellyfin Sync]: Title already exists and no changes detected for Shrek 
2026-09-18T15:20:04.054Z [info][Jellyfin Sync]: Beginning to process recently added for library: Shows 
2026-09-18T15:20:04.139Z [debug][Jellyfin Sync]: Updating existing title: Game Changer 
2026-09-18T15:20:04.147Z [debug][Jellyfin Sync]: Updating existing title: The Pitt 
2026-09-18T15:20:04.149Z [debug][Jellyfin Sync]: Updating existing title: Nathan for You 
2026-09-18T15:20:04.186Z [debug][Jellyfin Sync]: Updating existing title: Adventure Time 
2026-09-18T15:20:08.190Z [info][Jellyfin Sync]: Recently Added Scan Complete 
2026-09-18T15:21:00.009Z [debug][Jobs]: Starting scheduled job: Download Sync 
2026-09-18T15:22:00.010Z [debug][Jobs]: Starting scheduled job: Download Sync 
2026-09-18T15:23:00.002Z [debug][Jobs]: Starting scheduled job: Download Sync 
2026-09-18T15:24:00.006Z [debug][Jobs]: Starting scheduled job: Download Sync 
2026-09-18T15:25:00.006Z [debug][Jobs]: Starting scheduled job: Download Sync 
2026-09-18T15:25:00.011Z [info][Jobs]: Starting scheduled job: Jellyfin Recently Added Scan 
2026-09-18T15:25:00.012Z [info][Jellyfin Sync]: Scan starting {"sessionId":"31c49109-eb29-482b-8144-f5a5605a3ab4"}
2026-09-18T15:25:00.021Z [info][Jellyfin Sync]: Beginning to process recently added for library: Movies 
2026-09-18T15:25:00.053Z [debug][Jellyfin Sync]: Title already exists and no changes detected for 3 Idiots 
2026-09-18T15:25:00.056Z [debug][Jellyfin Sync]: Title already exists and no changes detected for Shrek 
2026-09-18T15:25:00.057Z [debug][Jellyfin Sync]: Title already exists and no changes detected for Nirvanna the Band the Show the Movie 
2026-09-18T15:25:00.058Z [debug][Jellyfin Sync]: Title already exists and no changes detected for The Shawshank Redemption 
2026-09-18T15:25:04.062Z [info][Jellyfin Sync]: Beginning to process recently added for library: Shows 
2026-09-18T15:25:04.120Z [debug][Jellyfin Sync]: Updating existing title: Game Changer 
2026-09-18T15:25:04.127Z [debug][Jellyfin Sync]: Updating existing title: The Pitt 
2026-09-18T15:25:04.132Z [debug][Jellyfin Sync]: Updating existing title: Nathan for You 
2026-09-18T15:25:04.155Z [debug][Jellyfin Sync]: Updating existing title: Adventure Time 
2026-09-18T15:25:08.159Z [info][Jellyfin Sync]: Recently Added Scan Complete 
2026-09-18T15:26:00.005Z [debug][Jobs]: Starting scheduled job: Download Sync 
2026-09-18T15:27:00.006Z [debug][Jobs]: Starting scheduled job: Download Sync 
2026-09-18T15:28:00.004Z [debug][Jobs]: Starting scheduled job: Download Sync 
2026-09-18T15:29:00.004Z [debug][Jobs]: Starting scheduled job: Download Sync 
2026-09-18T15:30:00.003Z [debug][Jobs]: Starting scheduled job: Download Sync 
2026-09-18T15:30:00.006Z [info][Jobs]: Starting scheduled job: Jellyfin Recently Added Scan 
2026-09-18T15:30:00.006Z [info][Jellyfin Sync]: Scan starting {"sessionId":"cc33386e-c32b-4e0b-9a80-8ca3d486ee16"}
2026-09-18T15:30:00.012Z [info][Jellyfin Sync]: Beginning to process recently added for library: Movies 
2026-09-18T15:30:00.043Z [debug][Jellyfin Sync]: Title already exists and no changes detected for The Shawshank Redemption 
2026-09-18T15:30:00.053Z [debug][Jellyfin Sync]: Title already exists and no changes detected for 3 Idiots 
2026-09-18T15:30:00.054Z [debug][Jellyfin Sync]: Title already exists and no changes detected for Nirvanna the Band the Show the Movie 
2026-09-18T15:30:00.055Z [debug][Jellyfin Sync]: Title already exists and no changes detected for Shrek 
2026-09-18T15:30:04.060Z [info][Jellyfin Sync]: Beginning to process recently added for library: Shows 
2026-09-18T15:30:04.115Z [debug][Jellyfin Sync]: Updating existing title: Game Changer 
2026-09-18T15:30:04.121Z [debug][Jellyfin Sync]: Updating existing title: The Pitt 
2026-09-18T15:30:04.125Z [debug][Jellyfin Sync]: Updating existing title: Nathan for You 
2026-09-18T15:30:04.151Z [debug][Jellyfin Sync]: Updating existing title: Adventure Time 
2026-09-18T15:30:08.155Z [info][Jellyfin Sync]: Recently Added Scan Complete 
2026-09-18T15:31:00.006Z [debug][Jobs]: Starting scheduled job: Download Sync 
2026-09-18T15:32:00.002Z [debug][Jobs]: Starting scheduled job: Download Sync 
2026-09-18T15:33:00.005Z [debug][Jobs]: Starting scheduled job: Download Sync 
2026-09-18T15:34:00.004Z [debug][Jobs]: Starting scheduled job: Download Sync 
2026-09-18T15:35:00.006Z [debug][Jobs]: Starting scheduled job: Download Sync 
2026-09-18T15:35:00.015Z [info][Jobs]: Starting scheduled job: Jellyfin Recently Added Scan 
2026-09-18T15:35:00.016Z [info][Jellyfin Sync]: Scan starting {"sessionId":"692cc781-e2a4-4d87-b07d-b7d87b10a726"}
2026-09-18T15:35:00.036Z [info][Jellyfin Sync]: Beginning to process recently added for library: Movies 
2026-09-18T15:35:00.075Z [debug][Jellyfin Sync]: Title already exists and no changes detected for The Shawshank Redemption 
2026-09-18T15:35:00.075Z [debug][Jellyfin Sync]: Title already exists and no changes detected for 3 Idiots 
2026-09-18T15:35:00.079Z [debug][Jellyfin Sync]: Title already exists and no changes detected for Nirvanna the Band the Show the Movie 
2026-09-18T15:35:00.079Z [debug][Jellyfin Sync]: Title already exists and no changes detected for Shrek 
2026-09-18T15:35:04.082Z [info][Jellyfin Sync]: Beginning to process recently added for library: Shows 
2026-09-18T15:35:04.177Z [debug][Jellyfin Sync]: Updating existing title: Game Changer 
2026-09-18T15:35:04.178Z [debug][Jellyfin Sync]: Updating existing title: The Pitt 
2026-09-18T15:35:04.183Z [debug][Jellyfin Sync]: Updating existing title: Nathan for You 
2026-09-18T15:35:04.207Z [debug][Jellyfin Sync]: Updating existing title: Adventure Time 
2026-09-18T15:35:08.208Z [info][Jellyfin Sync]: Recently Added Scan Complete 
2026-09-18T15:36:00.006Z [debug][Jobs]: Starting scheduled job: Download Sync 
2026-09-18T15:37:00.003Z [debug][Jobs]: Starting scheduled job: Download Sync 
2026-09-18T15:38:00.004Z [debug][Jobs]: Starting scheduled job: Download Sync 
2026-09-18T15:39:00.003Z [debug][Jobs]: Starting scheduled job: Download Sync 
2026-09-18T15:40:00.006Z [debug][Jobs]: Starting scheduled job: Download Sync 
2026-09-18T15:40:00.015Z [info][Jobs]: Starting scheduled job: Jellyfin Recently Added Scan 
2026-09-18T15:40:00.016Z [info][Jellyfin Sync]: Scan starting {"sessionId":"1fef0e11-7d68-49da-a34d-74e44f32c7b3"}
2026-09-18T15:40:00.033Z [info][Jellyfin Sync]: Beginning to process recently added for library: Movies 
2026-09-18T15:40:00.072Z [debug][Jellyfin Sync]: Title already exists and no changes detected for The Shawshank Redemption 
2026-09-18T15:40:00.076Z [debug][Jellyfin Sync]: Title already exists and no changes detected for Shrek 
2026-09-18T15:40:00.080Z [debug][Jellyfin Sync]: Title already exists and no changes detected for 3 Idiots 
2026-09-18T15:40:00.081Z [debug][Jellyfin Sync]: Title already exists and no changes detected for Nirvanna the Band the Show the Movie 
2026-09-18T15:40:04.082Z [info][Jellyfin Sync]: Beginning to process recently added for library: Shows 
2026-09-18T15:40:04.144Z [debug][Jellyfin Sync]: Updating existing title: Game Changer 
2026-09-18T15:40:04.151Z [debug][Jellyfin Sync]: Updating existing title: The Pitt 
2026-09-18T15:40:04.152Z [debug][Jellyfin Sync]: Updating existing title: Nathan for You 
2026-09-18T15:40:04.177Z [debug][Jellyfin Sync]: Updating existing title: Adventure Time 
2026-09-18T15:40:08.182Z [info][Jellyfin Sync]: Recently Added Scan Complete 
2026-09-18T15:41:00.003Z [debug][Jobs]: Starting scheduled job: Download Sync 
2026-09-18T15:42:00.004Z [debug][Jobs]: Starting scheduled job: Download Sync 
2026-09-18T15:43:00.005Z [debug][Jobs]: Starting scheduled job: Download Sync 
2026-09-18T15:44:00.003Z [debug][Jobs]: Starting scheduled job: Download Sync 
2026-09-18T15:45:00.006Z [debug][Jobs]: Starting scheduled job: Download Sync 
2026-09-18T15:45:00.015Z [info][Jobs]: Starting scheduled job: Jellyfin Recently Added Scan 
2026-09-18T15:45:00.015Z [info][Jellyfin Sync]: Scan starting {"sessionId":"c91742bd-36f5-41a8-b632-dc68aa50d7b5"}
2026-09-18T15:45:00.020Z [info][Jellyfin Sync]: Beginning to process recently added for library: Movies 
2026-09-18T15:45:00.045Z [debug][Jellyfin Sync]: Title already exists and no changes detected for The Shawshank Redemption 
2026-09-18T15:45:00.053Z [debug][Jellyfin Sync]: Title already exists and no changes detected for 3 Idiots 
2026-09-18T15:45:00.055Z [debug][Jellyfin Sync]: Title already exists and no changes detected for Nirvanna the Band the Show the Movie 
2026-09-18T15:45:00.056Z [debug][Jellyfin Sync]: Title already exists and no changes detected for Shrek 
2026-09-18T15:45:04.061Z [info][Jellyfin Sync]: Beginning to process recently added for library: Shows 
2026-09-18T15:45:04.129Z [debug][Jellyfin Sync]: Updating existing title: Game Changer 
2026-09-18T15:45:04.130Z [debug][Jellyfin Sync]: Updating existing title: The Pitt 
2026-09-18T15:45:04.139Z [debug][Jellyfin Sync]: Updating existing title: Nathan for You 
2026-09-18T15:45:04.158Z [debug][Jellyfin Sync]: Updating existing title: Adventure Time 
2026-09-18T15:45:08.162Z [info][Jellyfin Sync]: Recently Added Scan Complete 
2026-09-18T15:46:00.004Z [debug][Jobs]: Starting scheduled job: Download Sync 
2026-09-18T15:47:00.005Z [debug][Jobs]: Starting scheduled job: Download Sync 
2026-09-18T15:48:00.004Z [debug][Jobs]: Starting scheduled job: Download Sync 
2026-09-18T15:49:00.003Z [debug][Jobs]: Starting scheduled job: Download Sync 
2026-09-18T15:50:00.003Z [debug][Jobs]: Starting scheduled job: Download Sync 
2026-09-18T15:50:00.012Z [info][Jobs]: Starting scheduled job: Jellyfin Recently Added Scan 
2026-09-18T15:50:00.013Z [info][Jellyfin Sync]: Scan starting {"sessionId":"9ce51b4b-6494-48b8-a56e-7bafad5bdb7e"}
2026-09-18T15:50:00.023Z [info][Jellyfin Sync]: Beginning to process recently added for library: Movies 
2026-09-18T15:50:00.091Z [debug][Jellyfin Sync]: Title already exists and no changes detected for Shrek 
2026-09-18T15:50:00.095Z [debug][Jellyfin Sync]: Title already exists and no changes detected for Nirvanna the Band the Show the Movie 
2026-09-18T15:50:00.096Z [debug][Jellyfin Sync]: Title already exists and no changes detected for The Shawshank Redemption 
2026-09-18T15:50:00.096Z [debug][Jellyfin Sync]: Title already exists and no changes detected for 3 Idiots 
2026-09-18T15:50:04.100Z [info][Jellyfin Sync]: Beginning to process recently added for library: Shows 
2026-09-18T15:50:04.192Z [debug][Jellyfin Sync]: Updating existing title: Game Changer 
2026-09-18T15:50:04.198Z [debug][Jellyfin Sync]: Updating existing title: The Pitt 
2026-09-18T15:50:04.202Z [debug][Jellyfin Sync]: Updating existing title: Nathan for You 
2026-09-18T15:50:04.229Z [debug][Jellyfin Sync]: Updating existing title: Adventure Time 
2026-09-18T15:50:08.231Z [info][Jellyfin Sync]: Recently Added Scan Complete 
2026-09-18T15:51:00.009Z [debug][Jobs]: Starting scheduled job: Download Sync 
2026-09-18T15:52:00.010Z [debug][Jobs]: Starting scheduled job: Download Sync 
2026-09-18T15:53:00.007Z [debug][Jobs]: Starting scheduled job: Download Sync 
2026-09-18T15:54:00.011Z [debug][Jobs]: Starting scheduled job: Download Sync 
2026-09-18T15:55:00.005Z [debug][Jobs]: Starting scheduled job: Download Sync 
2026-09-18T15:55:00.008Z [info][Jobs]: Starting scheduled job: Jellyfin Recently Added Scan 
2026-09-18T15:55:00.009Z [info][Jellyfin Sync]: Scan starting {"sessionId":"96bf6b75-5be3-406f-91c5-32e21eb5c86c"}
2026-09-18T15:55:00.013Z [info][Jellyfin Sync]: Beginning to process recently added for library: Movies 
2026-09-18T15:55:00.038Z [debug][Jellyfin Sync]: Title already exists and no changes detected for The Shawshank Redemption 
2026-09-18T15:55:00.048Z [debug][Jellyfin Sync]: Title already exists and no changes detected for Nirvanna the Band the Show the Movie 
2026-09-18T15:55:00.049Z [debug][Jellyfin Sync]: Title already exists and no changes detected for 3 Idiots 
2026-09-18T15:55:00.049Z [debug][Jellyfin Sync]: Title already exists and no changes detected for Shrek 
2026-09-18T15:55:04.054Z [info][Jellyfin Sync]: Beginning to process recently added for library: Shows 
2026-09-18T15:55:04.132Z [debug][Jellyfin Sync]: Updating existing title: The Pitt 
2026-09-18T15:55:04.134Z [debug][Jellyfin Sync]: Updating existing title: Game Changer 
2026-09-18T15:55:04.139Z [debug][Jellyfin Sync]: Updating existing title: Nathan for You 
2026-09-18T15:55:04.177Z [debug][Jellyfin Sync]: Updating existing title: Adventure Time 
2026-09-18T15:55:08.178Z [info][Jellyfin Sync]: Recently Added Scan Complete 
2026-09-18T15:56:00.011Z [debug][Jobs]: Starting scheduled job: Download Sync 
2026-09-18T15:57:00.009Z [debug][Jobs]: Starting scheduled job: Download Sync 
2026-09-18T15:58:00.007Z [debug][Jobs]: Starting scheduled job: Download Sync 
2026-09-18T15:59:00.006Z [debug][Jobs]: Starting scheduled job: Download Sync 
2026-09-18T16:00:00.005Z [debug][Jobs]: Starting scheduled job: Download Sync 
2026-09-18T16:00:00.014Z [info][Jobs]: Starting scheduled job: Jellyfin Recently Added Scan 
2026-09-18T16:00:00.015Z [info][Jellyfin Sync]: Scan starting {"sessionId":"4bca644e-9fb0-4c51-afdb-02580990809e"}
2026-09-18T16:00:00.049Z [info][Jellyfin Sync]: Beginning to process recently added for library: Movies 
2026-09-18T16:00:00.090Z [debug][Jellyfin Sync]: Title already exists and no changes detected for 3 Idiots 
2026-09-18T16:00:00.091Z [debug][Jellyfin Sync]: Title already exists and no changes detected for Nirvanna the Band the Show the Movie 
2026-09-18T16:00:00.091Z [debug][Jellyfin Sync]: Title already exists and no changes detected for The Shawshank Redemption 
2026-09-18T16:00:00.093Z [debug][Jellyfin Sync]: Title already exists and no changes detected for Shrek 
2026-09-18T16:00:04.099Z [info][Jellyfin Sync]: Beginning to process recently added for library: Shows 
2026-09-18T16:00:04.163Z [debug][Jellyfin Sync]: Updating existing title: Game Changer 
2026-09-18T16:00:04.170Z [debug][Jellyfin Sync]: Updating existing title: The Pitt 
2026-09-18T16:00:04.173Z [debug][Jellyfin Sync]: Updating existing title: Nathan for You 
2026-09-18T16:00:04.199Z [debug][Jellyfin Sync]: Updating existing title: Adventure Time 
2026-09-18T16:00:08.203Z [info][Jellyfin Sync]: Recently Added Scan Complete 
2026-09-18T16:01:00.008Z [debug][Jobs]: Starting scheduled job: Download Sync 
2026-09-18T16:02:00.012Z [debug][Jobs]: Starting scheduled job: Download Sync 
2026-09-18T16:03:00.006Z [debug][Jobs]: Starting scheduled job: Download Sync 
2026-09-18T16:04:00.005Z [debug][Jobs]: Starting scheduled job: Download Sync 
2026-09-18T16:05:00.005Z [debug][Jobs]: Starting scheduled job: Download Sync 
2026-09-18T16:05:00.010Z [info][Jobs]: Starting scheduled job: Jellyfin Recently Added Scan 
2026-09-18T16:05:00.010Z [info][Jellyfin Sync]: Scan starting {"sessionId":"1f4ac52e-aae7-4607-904d-fafd4a10cfff"}
2026-09-18T16:05:00.015Z [info][Jellyfin Sync]: Beginning to process recently added for library: Movies 
2026-09-18T16:05:00.044Z [debug][Jellyfin Sync]: Title already exists and no changes detected for The Shawshank Redemption 
2026-09-18T16:05:00.052Z [debug][Jellyfin Sync]: Title already exists and no changes detected for 3 Idiots 
2026-09-18T16:05:00.052Z [debug][Jellyfin Sync]: Title already exists and no changes detected for Shrek 
2026-09-18T16:05:00.053Z [debug][Jellyfin Sync]: Title already exists and no changes detected for Nirvanna the Band the Show the Movie 
2026-09-18T16:05:04.056Z [info][Jellyfin Sync]: Beginning to process recently added for library: Shows 
2026-09-18T16:05:04.117Z [debug][Jellyfin Sync]: Updating existing title: Game Changer 
2026-09-18T16:05:04.121Z [debug][Jellyfin Sync]: Updating existing title: The Pitt 
2026-09-18T16:05:04.132Z [debug][Jellyfin Sync]: Updating existing title: Nathan for You 
2026-09-18T16:05:04.152Z [debug][Jellyfin Sync]: Updating existing title: Adventure Time 
2026-09-18T16:05:08.152Z [info][Jellyfin Sync]: Recently Added Scan Complete 
2026-09-18T16:06:00.007Z [debug][Jobs]: Starting scheduled job: Download Sync 
2026-09-18T16:07:00.007Z [debug][Jobs]: Starting scheduled job: Download Sync 
2026-09-18T16:08:00.004Z [debug][Jobs]: Starting scheduled job: Download Sync 
2026-09-18T16:09:00.004Z [debug][Jobs]: Starting scheduled job: Download Sync 
2026-09-18T16:10:00.006Z [debug][Jobs]: Starting scheduled job: Download Sync 
2026-09-18T16:10:00.011Z [info][Jobs]: Starting scheduled job: Jellyfin Recently Added Scan 
2026-09-18T16:10:00.011Z [info][Jellyfin Sync]: Scan starting {"sessionId":"d01c6b35-8586-43ce-80c1-8b7f8247b379"}
2026-09-18T16:10:00.020Z [info][Jellyfin Sync]: Beginning to process recently added for library: Movies 
2026-09-18T16:10:00.054Z [debug][Jellyfin Sync]: Title already exists and no changes detected for The Shawshank Redemption 
2026-09-18T16:10:00.059Z [debug][Jellyfin Sync]: Title already exists and no changes detected for Shrek 
2026-09-18T16:10:00.060Z [debug][Jellyfin Sync]: Title already exists and no changes detected for 3 Idiots 
2026-09-18T16:10:00.061Z [debug][Jellyfin Sync]: Title already exists and no changes detected for Nirvanna the Band the Show the Movie 
2026-09-18T16:10:04.062Z [info][Jellyfin Sync]: Beginning to process recently added for library: Shows 
2026-09-18T16:10:04.121Z [debug][Jellyfin Sync]: Updating existing title: Game Changer 
2026-09-18T16:10:04.129Z [debug][Jellyfin Sync]: Updating existing title: The Pitt 
2026-09-18T16:10:04.130Z [debug][Jellyfin Sync]: Updating existing title: Nathan for You 
2026-09-18T16:10:04.157Z [debug][Jellyfin Sync]: Updating existing title: Adventure Time 
2026-09-18T16:10:08.161Z [info][Jellyfin Sync]: Recently Added Scan Complete 
2026-09-18T16:11:00.004Z [debug][Jobs]: Starting scheduled job: Download Sync 
2026-09-18T16:12:00.004Z [debug][Jobs]: Starting scheduled job: Download Sync 
2026-09-18T16:13:00.005Z [debug][Jobs]: Starting scheduled job: Download Sync 
2026-09-18T16:14:00.002Z [debug][Jobs]: Starting scheduled job: Download Sync 
2026-09-18T16:15:00.003Z [debug][Jobs]: Starting scheduled job: Download Sync 
2026-09-18T16:15:00.011Z [info][Jobs]: Starting scheduled job: Jellyfin Recently Added Scan 
2026-09-18T16:15:00.012Z [info][Jellyfin Sync]: Scan starting {"sessionId":"a4360a5b-d193-4b34-b9cd-d75bda111207"}
2026-09-18T16:15:00.030Z [info][Jellyfin Sync]: Beginning to process recently added for library: Movies 
2026-09-18T16:15:00.071Z [debug][Jellyfin Sync]: Title already exists and no changes detected for The Shawshank Redemption 
2026-09-18T16:15:00.076Z [debug][Jellyfin Sync]: Title already exists and no changes detected for 3 Idiots 
2026-09-18T16:15:00.078Z [debug][Jellyfin Sync]: Title already exists and no changes detected for Nirvanna the Band the Show the Movie 
2026-09-18T16:15:00.081Z [debug][Jellyfin Sync]: Title already exists and no changes detected for Shrek 
2026-09-18T16:15:04.085Z [info][Jellyfin Sync]: Beginning to process recently added for library: Shows 
2026-09-18T16:15:04.173Z [debug][Jellyfin Sync]: Updating existing title: Game Changer 
2026-09-18T16:15:04.177Z [debug][Jellyfin Sync]: Updating existing title: The Pitt 
2026-09-18T16:15:04.180Z [debug][Jellyfin Sync]: Updating existing title: Nathan for You 
2026-09-18T16:15:04.210Z [debug][Jellyfin Sync]: Updating existing title: Adventure Time 
2026-09-18T16:15:08.214Z [info][Jellyfin Sync]: Recently Added Scan Complete 
2026-09-18T16:16:00.004Z [debug][Jobs]: Starting scheduled job: Download Sync 
2026-09-18T16:17:00.016Z [debug][Jobs]: Starting scheduled job: Download Sync 
2026-09-18T16:18:00.017Z [debug][Jobs]: Starting scheduled job: Download Sync 
2026-09-18T16:19:00.018Z [debug][Jobs]: Starting scheduled job: Download Sync 
2026-09-18T16:20:00.015Z [debug][Jobs]: Starting scheduled job: Download Sync 
2026-09-18T16:20:00.018Z [info][Jobs]: Starting scheduled job: Jellyfin Recently Added Scan 
2026-09-18T16:20:00.018Z [info][Jellyfin Sync]: Scan starting {"sessionId":"650d2ca0-cce5-4019-b6a3-5869e1e0abed"}
2026-09-18T16:20:00.023Z [info][Jellyfin Sync]: Beginning to process recently added for library: Movies 
2026-09-18T16:20:00.051Z [debug][Jellyfin Sync]: Title already exists and no changes detected for Shrek 
2026-09-18T16:20:00.056Z [debug][Jellyfin Sync]: Title already exists and no changes detected for 3 Idiots 
2026-09-18T16:20:00.059Z [debug][Jellyfin Sync]: Title already exists and no changes detected for Nirvanna the Band the Show the Movie 
2026-09-18T16:20:00.059Z [debug][Jellyfin Sync]: Title already exists and no changes detected for The Shawshank Redemption 
2026-09-18T16:20:04.061Z [info][Jellyfin Sync]: Beginning to process recently added for library: Shows 
2026-09-18T16:20:04.140Z [debug][Jellyfin Sync]: Updating existing title: Game Changer 
2026-09-18T16:20:04.166Z [debug][Jellyfin Sync]: Updating existing title: The Pitt 
2026-09-18T16:20:04.178Z [debug][Jellyfin Sync]: Updating existing title: Nathan for You 
2026-09-18T16:20:04.207Z [debug][Jellyfin Sync]: Updating existing title: Adventure Time 
2026-09-18T16:20:08.208Z [info][Jellyfin Sync]: Recently Added Scan Complete 
2026-09-18T16:21:00.017Z [debug][Jobs]: Starting scheduled job: Download Sync 
2026-09-18T16:22:00.015Z [debug][Jobs]: Starting scheduled job: Download Sync 
2026-09-18T16:23:00.014Z [debug][Jobs]: Starting scheduled job: Download Sync 
2026-09-18T16:24:00.016Z [debug][Jobs]: Starting scheduled job: Download Sync 
2026-09-18T16:25:00.016Z [debug][Jobs]: Starting scheduled job: Download Sync 
2026-09-18T16:25:00.020Z [info][Jobs]: Starting scheduled job: Jellyfin Recently Added Scan 
2026-09-18T16:25:00.020Z [info][Jellyfin Sync]: Scan starting {"sessionId":"a79f2a28-bb41-4ee9-a89e-fef2188ef40d"}
2026-09-18T16:25:00.030Z [info][Jellyfin Sync]: Beginning to process recently added for library: Movies 
2026-09-18T16:25:00.055Z [debug][Jellyfin Sync]: Title already exists and no changes detected for The Shawshank Redemption 
2026-09-18T16:25:00.056Z [debug][Jellyfin Sync]: Title already exists and no changes detected for Shrek 
2026-09-18T16:25:00.063Z [debug][Jellyfin Sync]: Title already exists and no changes detected for 3 Idiots 
2026-09-18T16:25:00.063Z [debug][Jellyfin Sync]: Title already exists and no changes detected for Nirvanna the Band the Show the Movie 
2026-09-18T16:25:04.065Z [info][Jellyfin Sync]: Beginning to process recently added for library: Shows 
2026-09-18T16:25:04.115Z [debug][Jellyfin Sync]: Updating existing title: Game Changer 
2026-09-18T16:25:04.123Z [debug][Jellyfin Sync]: Updating existing title: The Pitt 
2026-09-18T16:25:04.128Z [debug][Jellyfin Sync]: Updating existing title: Nathan for You 
2026-09-18T16:25:04.152Z [debug][Jellyfin Sync]: Updating existing title: Adventure Time 
2026-09-18T16:25:08.157Z [info][Jellyfin Sync]: Recently Added Scan Complete 
2026-09-18T16:26:00.015Z [debug][Jobs]: Starting scheduled job: Download Sync 
2026-09-18T16:27:00.006Z [debug][Jobs]: Starting scheduled job: Download Sync 
2026-09-18T16:28:00.014Z [debug][Jobs]: Starting scheduled job: Download Sync 
2026-09-18T16:29:00.014Z [debug][Jobs]: Starting scheduled job: Download Sync 
2026-09-18T16:30:00.014Z [debug][Jobs]: Starting scheduled job: Download Sync 
2026-09-18T16:30:00.021Z [info][Jobs]: Starting scheduled job: Jellyfin Recently Added Scan 
2026-09-18T16:30:00.022Z [info][Jellyfin Sync]: Scan starting {"sessionId":"270ab046-166e-4bc2-a445-dde61a4e0c3f"}
2026-09-18T16:30:00.054Z [info][Jellyfin Sync]: Beginning to process recently added for library: Movies 
2026-09-18T16:30:00.090Z [debug][Jellyfin Sync]: Title already exists and no changes detected for The Shawshank Redemption 
2026-09-18T16:30:00.091Z [debug][Jellyfin Sync]: Title already exists and no changes detected for 3 Idiots 
2026-09-18T16:30:00.096Z [debug][Jellyfin Sync]: Title already exists and no changes detected for Shrek 
2026-09-18T16:30:00.098Z [debug][Jellyfin Sync]: Title already exists and no changes detected for Nirvanna the Band the Show the Movie 
2026-09-18T16:30:04.101Z [info][Jellyfin Sync]: Beginning to process recently added for library: Shows 
2026-09-18T16:30:04.206Z [debug][Jellyfin Sync]: Updating existing title: Game Changer 
2026-09-18T16:30:04.215Z [debug][Jellyfin Sync]: Updating existing title: The Pitt 
2026-09-18T16:30:04.217Z [debug][Jellyfin Sync]: Updating existing title: Nathan for You 
2026-09-18T16:30:04.244Z [debug][Jellyfin Sync]: Updating existing title: Adventure Time 
2026-09-18T16:30:08.249Z [info][Jellyfin Sync]: Recently Added Scan Complete 
2026-09-18T16:31:00.017Z [debug][Jobs]: Starting scheduled job: Download Sync 
2026-09-18T16:32:00.011Z [debug][Jobs]: Starting scheduled job: Download Sync 
2026-09-18T16:33:00.011Z [debug][Jobs]: Starting scheduled job: Download Sync 
2026-09-18T16:34:00.009Z [debug][Jobs]: Starting scheduled job: Download Sync 
2026-09-18T16:35:00.011Z [debug][Jobs]: Starting scheduled job: Download Sync 
2026-09-18T16:35:00.016Z [info][Jobs]: Starting scheduled job: Jellyfin Recently Added Scan 
2026-09-18T16:35:00.016Z [info][Jellyfin Sync]: Scan starting {"sessionId":"f51815b3-35d8-4df9-b5a2-2679b10ae2bf"}
2026-09-18T16:35:00.022Z [info][Jellyfin Sync]: Beginning to process recently added for library: Movies 
2026-09-18T16:35:00.053Z [debug][Jellyfin Sync]: Title already exists and no changes detected for 3 Idiots 
2026-09-18T16:35:00.059Z [debug][Jellyfin Sync]: Title already exists and no changes detected for Nirvanna the Band the Show the Movie 
2026-09-18T16:35:00.060Z [debug][Jellyfin Sync]: Title already exists and no changes detected for The Shawshank Redemption 
2026-09-18T16:35:00.060Z [debug][Jellyfin Sync]: Title already exists and no changes detected for Shrek 
2026-09-18T16:35:04.063Z [info][Jellyfin Sync]: Beginning to process recently added for library: Shows 
2026-09-18T16:35:04.158Z [debug][Jellyfin Sync]: Updating existing title: Game Changer 
2026-09-18T16:35:04.162Z [debug][Jellyfin Sync]: Updating existing title: The Pitt 
2026-09-18T16:35:04.163Z [debug][Jellyfin Sync]: Updating existing title: Nathan for You 
2026-09-18T16:35:04.191Z [debug][Jellyfin Sync]: Updating existing title: Adventure Time 
2026-09-18T16:35:08.192Z [info][Jellyfin Sync]: Recently Added Scan Complete 
2026-09-18T16:36:00.010Z [debug][Jobs]: Starting scheduled job: Download Sync 
2026-09-18T16:37:00.011Z [debug][Jobs]: Starting scheduled job: Download Sync 
2026-09-18T16:38:00.014Z [debug][Jobs]: Starting scheduled job: Download Sync 
2026-09-18T16:39:00.014Z [debug][Jobs]: Starting scheduled job: Download Sync 
2026-09-18T16:40:00.008Z [debug][Jobs]: Starting scheduled job: Download Sync 
2026-09-18T16:40:00.013Z [info][Jobs]: Starting scheduled job: Jellyfin Recently Added Scan 
2026-09-18T16:40:00.013Z [info][Jellyfin Sync]: Scan starting {"sessionId":"9a208b61-0bfb-48b4-87c8-9fa498edf5ac"}
2026-09-18T16:40:00.018Z [info][Jellyfin Sync]: Beginning to process recently added for library: Movies 
2026-09-18T16:40:00.052Z [debug][Jellyfin Sync]: Title already exists and no changes detected for The Shawshank Redemption 
2026-09-18T16:40:00.057Z [debug][Jellyfin Sync]: Title already exists and no changes detected for Shrek 
2026-09-18T16:40:00.062Z [debug][Jellyfin Sync]: Title already exists and no changes detected for Nirvanna the Band the Show the Movie 
2026-09-18T16:40:00.064Z [debug][Jellyfin Sync]: Title already exists and no changes detected for 3 Idiots 
2026-09-18T16:40:04.067Z [info][Jellyfin Sync]: Beginning to process recently added for library: Shows 
2026-09-18T16:40:04.129Z [debug][Jellyfin Sync]: Updating existing title: Game Changer 
2026-09-18T16:40:04.145Z [debug][Jellyfin Sync]: Updating existing title: The Pitt 
2026-09-18T16:40:04.145Z [debug][Jellyfin Sync]: Updating existing title: Nathan for You 
2026-09-18T16:40:04.171Z [debug][Jellyfin Sync]: Updating existing title: Adventure Time 
2026-09-18T16:40:08.171Z [info][Jellyfin Sync]: Recently Added Scan Complete 
2026-09-18T16:41:00.010Z [debug][Jobs]: Starting scheduled job: Download Sync 
2026-09-18T16:42:00.014Z [debug][Jobs]: Starting scheduled job: Download Sync 
2026-09-18T16:43:00.012Z [debug][Jobs]: Starting scheduled job: Download Sync 
2026-09-18T16:44:00.009Z [debug][Jobs]: Starting scheduled job: Download Sync 
2026-09-18T16:45:00.009Z [debug][Jobs]: Starting scheduled job: Download Sync 
2026-09-18T16:45:00.014Z [info][Jobs]: Starting scheduled job: Jellyfin Recently Added Scan 
2026-09-18T16:45:00.015Z [info][Jellyfin Sync]: Scan starting {"sessionId":"4425aaf0-833b-4708-b65c-42bd10576339"}
2026-09-18T16:45:00.022Z [info][Jellyfin Sync]: Beginning to process recently added for library: Movies 
2026-09-18T16:45:00.049Z [debug][Jellyfin Sync]: Title already exists and no changes detected for The Shawshank Redemption 
2026-09-18T16:45:00.051Z [debug][Jellyfin Sync]: Title already exists and no changes detected for Shrek 
2026-09-18T16:45:00.052Z [debug][Jellyfin Sync]: Title already exists and no changes detected for 3 Idiots 
2026-09-18T16:45:00.053Z [debug][Jellyfin Sync]: Title already exists and no changes detected for Nirvanna the Band the Show the Movie 
2026-09-18T16:45:04.057Z [info][Jellyfin Sync]: Beginning to process recently added for library: Shows 
2026-09-18T16:45:04.134Z [debug][Jellyfin Sync]: Updating existing title: The Pitt 
2026-09-18T16:45:04.144Z [debug][Jellyfin Sync]: Updating existing title: Game Changer 
2026-09-18T16:45:04.146Z [debug][Jellyfin Sync]: Updating existing title: Nathan for You 
2026-09-18T16:45:04.191Z [debug][Jellyfin Sync]: Updating existing title: Adventure Time 
2026-09-18T16:45:08.196Z [info][Jellyfin Sync]: Recently Added Scan Complete 
2026-09-18T16:46:00.009Z [debug][Jobs]: Starting scheduled job: Download Sync 
2026-09-18T16:47:00.007Z [debug][Jobs]: Starting scheduled job: Download Sync 
2026-09-18T16:48:00.007Z [debug][Jobs]: Starting scheduled job: Download Sync 
2026-09-18T16:49:00.006Z [debug][Jobs]: Starting scheduled job: Download Sync 
2026-09-18T16:50:00.008Z [debug][Jobs]: Starting scheduled job: Download Sync 
2026-09-18T16:50:00.011Z [info][Jobs]: Starting scheduled job: Jellyfin Recently Added Scan 
2026-09-18T16:50:00.011Z [info][Jellyfin Sync]: Scan starting {"sessionId":"87e761c3-7795-4631-8694-9a5d4d11c2d5"}
2026-09-18T16:50:00.015Z [info][Jellyfin Sync]: Beginning to process recently added for library: Movies 
2026-09-18T16:50:00.041Z [debug][Jellyfin Sync]: Title already exists and no changes detected for The Shawshank Redemption 
2026-09-18T16:50:00.053Z [debug][Jellyfin Sync]: Title already exists and no changes detected for Nirvanna the Band the Show the Movie 
2026-09-18T16:50:00.054Z [debug][Jellyfin Sync]: Title already exists and no changes detected for 3 Idiots 
2026-09-18T16:50:00.054Z [debug][Jellyfin Sync]: Title already exists and no changes detected for Shrek 
2026-09-18T16:50:04.057Z [info][Jellyfin Sync]: Beginning to process recently added for library: Shows 
2026-09-18T16:50:04.145Z [debug][Jellyfin Sync]: Updating existing title: Game Changer 
2026-09-18T16:50:04.151Z [debug][Jellyfin Sync]: Updating existing title: The Pitt 
2026-09-18T16:50:04.156Z [debug][Jellyfin Sync]: Updating existing title: Nathan for You 
2026-09-18T16:50:04.181Z [debug][Jellyfin Sync]: Updating existing title: Adventure Time 
2026-09-18T16:50:08.184Z [info][Jellyfin Sync]: Recently Added Scan Complete 
2026-09-18T16:51:00.007Z [debug][Jobs]: Starting scheduled job: Download Sync 
2026-09-18T16:52:00.008Z [debug][Jobs]: Starting scheduled job: Download Sync 
2026-09-18T16:53:00.004Z [debug][Jobs]: Starting scheduled job: Download Sync 
2026-09-18T16:54:00.006Z [debug][Jobs]: Starting scheduled job: Download Sync 
2026-09-18T16:55:00.004Z [debug][Jobs]: Starting scheduled job: Download Sync 
2026-09-18T16:55:00.008Z [info][Jobs]: Starting scheduled job: Jellyfin Recently Added Scan 
2026-09-18T16:55:00.009Z [info][Jellyfin Sync]: Scan starting {"sessionId":"f134f94d-8f1b-441f-9207-6aeed6962691"}
2026-09-18T16:55:00.014Z [info][Jellyfin Sync]: Beginning to process recently added for library: Movies 
2026-09-18T16:55:00.076Z [debug][Jellyfin Sync]: Title already exists and no changes detected for Nirvanna the Band the Show the Movie 
2026-09-18T16:55:00.079Z [debug][Jellyfin Sync]: Title already exists and no changes detected for 3 Idiots 
2026-09-18T16:55:00.081Z [debug][Jellyfin Sync]: Title already exists and no changes detected for The Shawshank Redemption 
2026-09-18T16:55:00.082Z [debug][Jellyfin Sync]: Title already exists and no changes detected for Shrek 
2026-09-18T16:55:04.086Z [info][Jellyfin Sync]: Beginning to process recently added for library: Shows 
2026-09-18T16:55:04.144Z [debug][Jellyfin Sync]: Updating existing title: The Pitt 
2026-09-18T16:55:04.149Z [debug][Jellyfin Sync]: Updating existing title: Game Changer 
2026-09-18T16:55:04.150Z [debug][Jellyfin Sync]: Updating existing title: Nathan for You 
2026-09-18T16:55:04.177Z [debug][Jellyfin Sync]: Updating existing title: Adventure Time 
2026-09-18T16:55:08.181Z [info][Jellyfin Sync]: Recently Added Scan Complete 
2026-09-18T16:56:00.005Z [debug][Jobs]: Starting scheduled job: Download Sync 
2026-09-18T16:57:00.006Z [debug][Jobs]: Starting scheduled job: Download Sync 
2026-09-18T16:58:00.004Z [debug][Jobs]: Starting scheduled job: Download Sync 
2026-09-18T16:59:00.006Z [debug][Jobs]: Starting scheduled job: Download Sync 
2026-09-18T17:00:00.004Z [debug][Jobs]: Starting scheduled job: Download Sync 
2026-09-18T17:00:00.007Z [info][Jobs]: Starting scheduled job: Jellyfin Recently Added Scan 
2026-09-18T17:00:00.008Z [info][Jellyfin Sync]: Scan starting {"sessionId":"3399d753-1d15-42b0-8cf2-76f082a94ca2"}
2026-09-18T17:00:00.013Z [info][Jellyfin Sync]: Beginning to process recently added for library: Movies 
2026-09-18T17:00:00.038Z [debug][Jellyfin Sync]: Title already exists and no changes detected for The Shawshank Redemption 
2026-09-18T17:00:00.043Z [debug][Jellyfin Sync]: Title already exists and no changes detected for 3 Idiots 
2026-09-18T17:00:00.047Z [debug][Jellyfin Sync]: Title already exists and no changes detected for Nirvanna the Band the Show the Movie 
2026-09-18T17:00:00.049Z [debug][Jellyfin Sync]: Title already exists and no changes detected for Shrek 
2026-09-18T17:00:04.052Z [info][Jellyfin Sync]: Beginning to process recently added for library: Shows 
2026-09-18T17:00:04.115Z [debug][Jellyfin Sync]: Updating existing title: Game Changer 
2026-09-18T17:00:04.120Z [debug][Jellyfin Sync]: Updating existing title: The Pitt 
2026-09-18T17:00:04.121Z [debug][Jellyfin Sync]: Updating existing title: Nathan for You 
2026-09-18T17:00:04.149Z [debug][Jellyfin Sync]: Updating existing title: Adventure Time 
2026-09-18T17:00:08.153Z [info][Jellyfin Sync]: Recently Added Scan Complete 
2026-09-18T17:01:00.005Z [debug][Jobs]: Starting scheduled job: Download Sync 
2026-09-18T17:02:00.004Z [debug][Jobs]: Starting scheduled job: Download Sync 
2026-09-18T17:03:00.004Z [debug][Jobs]: Starting scheduled job: Download Sync 
2026-09-18T17:04:00.004Z [debug][Jobs]: Starting scheduled job: Download Sync 
2026-09-18T17:05:00.003Z [debug][Jobs]: Starting scheduled job: Download Sync 
2026-09-18T17:05:00.008Z [info][Jobs]: Starting scheduled job: Jellyfin Recently Added Scan 
2026-09-18T17:05:00.008Z [info][Jellyfin Sync]: Scan starting {"sessionId":"4f1f63bb-62b6-480a-accf-159470f21989"}
2026-09-18T17:05:00.012Z [info][Jellyfin Sync]: Beginning to process recently added for library: Movies 
2026-09-18T17:05:00.042Z [debug][Jellyfin Sync]: Title already exists and no changes detected for 3 Idiots 
2026-09-18T17:05:00.042Z [debug][Jellyfin Sync]: Title already exists and no changes detected for The Shawshank Redemption 
2026-09-18T17:05:00.045Z [debug][Jellyfin Sync]: Title already exists and no changes detected for Nirvanna the Band the Show the Movie 
2026-09-18T17:05:00.046Z [debug][Jellyfin Sync]: Title already exists and no changes detected for Shrek 
2026-09-18T17:05:04.050Z [info][Jellyfin Sync]: Beginning to process recently added for library: Shows 
2026-09-18T17:05:04.103Z [debug][Jellyfin Sync]: Updating existing title: Game Changer 
2026-09-18T17:05:04.108Z [debug][Jellyfin Sync]: Updating existing title: The Pitt 
2026-09-18T17:05:04.113Z [debug][Jellyfin Sync]: Updating existing title: Nathan for You 
2026-09-18T17:05:04.132Z [debug][Jellyfin Sync]: Updating existing title: Adventure Time 
2026-09-18T17:05:08.134Z [info][Jellyfin Sync]: Recently Added Scan Complete 
2026-09-18T17:06:00.004Z [debug][Jobs]: Starting scheduled job: Download Sync 
2026-09-18T17:07:00.006Z [debug][Jobs]: Starting scheduled job: Download Sync 
2026-09-18T17:08:00.005Z [debug][Jobs]: Starting scheduled job: Download Sync 
2026-09-18T17:09:00.003Z [debug][Jobs]: Starting scheduled job: Download Sync 
2026-09-18T17:10:00.008Z [debug][Jobs]: Starting scheduled job: Download Sync 
2026-09-18T17:10:00.011Z [info][Jobs]: Starting scheduled job: Jellyfin Recently Added Scan 
2026-09-18T17:10:00.011Z [info][Jellyfin Sync]: Scan starting {"sessionId":"4ef1daa4-d2db-4458-8439-1419ae7447da"}
2026-09-18T17:10:00.015Z [info][Jellyfin Sync]: Beginning to process recently added for library: Movies 
2026-09-18T17:10:00.045Z [debug][Jellyfin Sync]: Title already exists and no changes detected for 3 Idiots 
2026-09-18T17:10:00.047Z [debug][Jellyfin Sync]: Title already exists and no changes detected for The Shawshank Redemption 
2026-09-18T17:10:00.055Z [debug][Jellyfin Sync]: Title already exists and no changes detected for Nirvanna the Band the Show the Movie 
2026-09-18T17:10:00.056Z [debug][Jellyfin Sync]: Title already exists and no changes detected for Shrek 
2026-09-18T17:10:04.060Z [info][Jellyfin Sync]: Beginning to process recently added for library: Shows 
2026-09-18T17:10:04.129Z [debug][Jellyfin Sync]: Updating existing title: Game Changer 
2026-09-18T17:10:04.147Z [debug][Jellyfin Sync]: Updating existing title: The Pitt 
2026-09-18T17:10:04.149Z [debug][Jellyfin Sync]: Updating existing title: Nathan for You 
2026-09-18T17:10:04.190Z [debug][Jellyfin Sync]: Updating existing title: Adventure Time 
2026-09-18T17:10:08.193Z [info][Jellyfin Sync]: Recently Added Scan Complete 
2026-09-18T17:11:00.017Z [debug][Jobs]: Starting scheduled job: Download Sync 
2026-09-18T17:12:00.017Z [debug][Jobs]: Starting scheduled job: Download Sync 
2026-09-18T17:13:00.007Z [debug][Jobs]: Starting scheduled job: Download Sync 
2026-09-18T17:14:00.011Z [debug][Jobs]: Starting scheduled job: Download Sync 
2026-09-18T17:15:00.015Z [debug][Jobs]: Starting scheduled job: Download Sync 
2026-09-18T17:15:00.018Z [info][Jobs]: Starting scheduled job: Jellyfin Recently Added Scan 
2026-09-18T17:15:00.018Z [info][Jellyfin Sync]: Scan starting {"sessionId":"e288e013-3546-449a-a5db-06d73c9de73c"}
2026-09-18T17:15:00.024Z [info][Jellyfin Sync]: Beginning to process recently added for library: Movies 
2026-09-18T17:15:00.054Z [debug][Jellyfin Sync]: Title already exists and no changes detected for 3 Idiots 
2026-09-18T17:15:00.055Z [debug][Jellyfin Sync]: Title already exists and no changes detected for The Shawshank Redemption 
2026-09-18T17:15:00.058Z [debug][Jellyfin Sync]: Title already exists and no changes detected for Nirvanna the Band the Show the Movie 
2026-09-18T17:15:00.059Z [debug][Jellyfin Sync]: Title already exists and no changes detected for Shrek 
2026-09-18T17:15:04.060Z [info][Jellyfin Sync]: Beginning to process recently added for library: Shows 
2026-09-18T17:15:04.118Z [debug][Jellyfin Sync]: Updating existing title: Game Changer 
2026-09-18T17:15:04.122Z [debug][Jellyfin Sync]: Updating existing title: The Pitt 
2026-09-18T17:15:04.130Z [debug][Jellyfin Sync]: Updating existing title: Nathan for You 
2026-09-18T17:15:04.148Z [debug][Jellyfin Sync]: Updating existing title: Adventure Time 
2026-09-18T17:15:08.151Z [info][Jellyfin Sync]: Recently Added Scan Complete 
2026-09-18T17:16:00.013Z [debug][Jobs]: Starting scheduled job: Download Sync 
2026-09-18T17:17:00.016Z [debug][Jobs]: Starting scheduled job: Download Sync 
2026-09-18T17:18:00.015Z [debug][Jobs]: Starting scheduled job: Download Sync 
2026-09-18T17:19:00.007Z [debug][Jobs]: Starting scheduled job: Download Sync 
2026-09-18T17:20:00.014Z [debug][Jobs]: Starting scheduled job: Download Sync 
2026-09-18T17:20:00.019Z [info][Jobs]: Starting scheduled job: Jellyfin Recently Added Scan 
2026-09-18T17:20:00.020Z [info][Jellyfin Sync]: Scan starting {"sessionId":"309057ac-9b56-4ef4-9f15-d4b7f3ea9447"}
2026-09-18T17:20:00.028Z [info][Jellyfin Sync]: Beginning to process recently added for library: Movies 
2026-09-18T17:20:00.055Z [debug][Jellyfin Sync]: Title already exists and no changes detected for The Shawshank Redemption 
2026-09-18T17:20:00.062Z [debug][Jellyfin Sync]: Title already exists and no changes detected for 3 Idiots 
2026-09-18T17:20:00.063Z [debug][Jellyfin Sync]: Title already exists and no changes detected for Nirvanna the Band the Show the Movie 
2026-09-18T17:20:00.065Z [debug][Jellyfin Sync]: Title already exists and no changes detected for Shrek 
2026-09-18T17:20:04.066Z [info][Jellyfin Sync]: Beginning to process recently added for library: Shows 
2026-09-18T17:20:04.124Z [debug][Jellyfin Sync]: Updating existing title: Game Changer 
2026-09-18T17:20:04.128Z [debug][Jellyfin Sync]: Updating existing title: The Pitt 
2026-09-18T17:20:04.129Z [debug][Jellyfin Sync]: Updating existing title: Nathan for You 
2026-09-18T17:20:04.161Z [debug][Jellyfin Sync]: Updating existing title: Adventure Time 
2026-09-18T17:20:08.164Z [info][Jellyfin Sync]: Recently Added Scan Complete 
2026-09-18T17:21:00.006Z [debug][Jobs]: Starting scheduled job: Download Sync 
2026-09-18T17:22:00.012Z [debug][Jobs]: Starting scheduled job: Download Sync 
2026-09-18T17:23:00.015Z [debug][Jobs]: Starting scheduled job: Download Sync 
2026-09-18T17:24:00.015Z [debug][Jobs]: Starting scheduled job: Download Sync 
2026-09-18T17:25:00.013Z [debug][Jobs]: Starting scheduled job: Download Sync 
2026-09-18T17:25:00.016Z [info][Jobs]: Starting scheduled job: Jellyfin Recently Added Scan 
2026-09-18T17:25:00.016Z [info][Jellyfin Sync]: Scan starting {"sessionId":"705256ea-50ca-4bf1-9af0-8258e5cab2a8"}
2026-09-18T17:25:00.021Z [info][Jellyfin Sync]: Beginning to process recently added for library: Movies 
2026-09-18T17:25:00.056Z [debug][Jellyfin Sync]: Title already exists and no changes detected for The Shawshank Redemption 
2026-09-18T17:25:00.062Z [debug][Jellyfin Sync]: Title already exists and no changes detected for 3 Idiots 
2026-09-18T17:25:00.066Z [debug][Jellyfin Sync]: Title already exists and no changes detected for Nirvanna the Band the Show the Movie 
2026-09-18T17:25:00.067Z [debug][Jellyfin Sync]: Title already exists and no changes detected for Shrek 
2026-09-18T17:25:04.067Z [info][Jellyfin Sync]: Beginning to process recently added for library: Shows 
2026-09-18T17:25:04.154Z [debug][Jellyfin Sync]: Updating existing title: Game Changer 
2026-09-18T17:25:04.158Z [debug][Jellyfin Sync]: Updating existing title: The Pitt 
2026-09-18T17:25:04.160Z [debug][Jellyfin Sync]: Updating existing title: Nathan for You 
2026-09-18T17:25:04.187Z [debug][Jellyfin Sync]: Updating existing title: Adventure Time 
2026-09-18T17:25:08.191Z [info][Jellyfin Sync]: Recently Added Scan Complete 
2026-09-18T17:26:00.013Z [debug][Jobs]: Starting scheduled job: Download Sync 
2026-09-18T17:27:00.013Z [debug][Jobs]: Starting scheduled job: Download Sync 
2026-09-18T17:28:00.013Z [debug][Jobs]: Starting scheduled job: Download Sync 
2026-09-18T17:29:00.013Z [debug][Jobs]: Starting scheduled job: Download Sync 
2026-09-18T17:30:00.013Z [debug][Jobs]: Starting scheduled job: Download Sync 
2026-09-18T17:30:00.015Z [info][Jobs]: Starting scheduled job: Jellyfin Recently Added Scan 
2026-09-18T17:30:00.015Z [info][Jellyfin Sync]: Scan starting {"sessionId":"0508df7b-a91e-4d4b-866b-58212a123f8e"}
2026-09-18T17:30:00.020Z [info][Jellyfin Sync]: Beginning to process recently added for library: Movies 
2026-09-18T17:30:00.049Z [debug][Jellyfin Sync]: Title already exists and no changes detected for 3 Idiots 
2026-09-18T17:30:00.049Z [debug][Jellyfin Sync]: Title already exists and no changes detected for The Shawshank Redemption 
2026-09-18T17:30:00.052Z [debug][Jellyfin Sync]: Title already exists and no changes detected for Nirvanna the Band the Show the Movie 
2026-09-18T17:30:00.053Z [debug][Jellyfin Sync]: Title already exists and no changes detected for Shrek 
2026-09-18T17:30:04.056Z [info][Jellyfin Sync]: Beginning to process recently added for library: Shows 
2026-09-18T17:30:04.116Z [debug][Jellyfin Sync]: Updating existing title: Game Changer 
2026-09-18T17:30:04.118Z [debug][Jellyfin Sync]: Updating existing title: The Pitt 
2026-09-18T17:30:04.121Z [debug][Jellyfin Sync]: Updating existing title: Nathan for You 
2026-09-18T17:30:04.148Z [debug][Jellyfin Sync]: Updating existing title: Adventure Time 
2026-09-18T17:30:08.150Z [info][Jellyfin Sync]: Recently Added Scan Complete 
2026-09-18T17:31:00.005Z [debug][Jobs]: Starting scheduled job: Download Sync 
2026-09-18T17:32:00.013Z [debug][Jobs]: Starting scheduled job: Download Sync 
2026-09-18T17:33:00.013Z [debug][Jobs]: Starting scheduled job: Download Sync 
2026-09-18T17:34:00.011Z [debug][Jobs]: Starting scheduled job: Download Sync 
2026-09-18T17:35:00.011Z [debug][Jobs]: Starting scheduled job: Download Sync 
2026-09-18T17:35:00.015Z [info][Jobs]: Starting scheduled job: Jellyfin Recently Added Scan 
2026-09-18T17:35:00.015Z [info][Jellyfin Sync]: Scan starting {"sessionId":"e3672e7c-c7d3-478c-9bcd-98ddee657c3f"}
2026-09-18T17:35:00.019Z [info][Jellyfin Sync]: Beginning to process recently added for library: Movies 
2026-09-18T17:35:00.051Z [debug][Jellyfin Sync]: Title already exists and no changes detected for 3 Idiots 
2026-09-18T17:35:00.053Z [debug][Jellyfin Sync]: Title already exists and no changes detected for The Shawshank Redemption 
2026-09-18T17:35:00.053Z [debug][Jellyfin Sync]: Title already exists and no changes detected for Nirvanna the Band the Show the Movie 
2026-09-18T17:35:00.053Z [debug][Jellyfin Sync]: Title already exists and no changes detected for Shrek 
2026-09-18T17:35:04.056Z [info][Jellyfin Sync]: Beginning to process recently added for library: Shows 
2026-09-18T17:35:04.112Z [debug][Jellyfin Sync]: Updating existing title: Game Changer 
2026-09-18T17:35:04.118Z [debug][Jellyfin Sync]: Updating existing title: The Pitt 
2026-09-18T17:35:04.140Z [debug][Jellyfin Sync]: Updating existing title: Nathan for You 
2026-09-18T17:35:04.171Z [debug][Jellyfin Sync]: Updating existing title: Adventure Time 
2026-09-18T17:35:08.171Z [info][Jellyfin Sync]: Recently Added Scan Complete 
2026-09-18T17:36:00.011Z [debug][Jobs]: Starting scheduled job: Download Sync 
2026-09-18T17:37:00.009Z [debug][Jobs]: Starting scheduled job: Download Sync 
2026-09-18T17:38:00.012Z [debug][Jobs]: Starting scheduled job: Download Sync 
2026-09-18T17:39:00.010Z [debug][Jobs]: Starting scheduled job: Download Sync 
2026-09-18T17:40:00.009Z [debug][Jobs]: Starting scheduled job: Download Sync 
2026-09-18T17:40:00.014Z [info][Jobs]: Starting scheduled job: Jellyfin Recently Added Scan 
2026-09-18T17:40:00.014Z [info][Jellyfin Sync]: Scan starting {"sessionId":"81daffd7-f96f-4ab3-ae89-3aca34463432"}
2026-09-18T17:40:00.018Z [info][Jellyfin Sync]: Beginning to process recently added for library: Movies 
2026-09-18T17:40:00.051Z [debug][Jellyfin Sync]: Title already exists and no changes detected for The Shawshank Redemption 
2026-09-18T17:40:00.054Z [debug][Jellyfin Sync]: Title already exists and no changes detected for 3 Idiots 
2026-09-18T17:40:00.055Z [debug][Jellyfin Sync]: Title already exists and no changes detected for Shrek 
2026-09-18T17:40:00.056Z [debug][Jellyfin Sync]: Title already exists and no changes detected for Nirvanna the Band the Show the Movie 
2026-09-18T17:40:04.060Z [info][Jellyfin Sync]: Beginning to process recently added for library: Shows 
2026-09-18T17:40:04.111Z [debug][Jellyfin Sync]: Updating existing title: Game Changer 
2026-09-18T17:40:04.120Z [debug][Jellyfin Sync]: Updating existing title: The Pitt 
2026-09-18T17:40:04.121Z [debug][Jellyfin Sync]: Updating existing title: Nathan for You 
2026-09-18T17:40:04.146Z [debug][Jellyfin Sync]: Updating existing title: Adventure Time 
2026-09-18T17:40:08.146Z [info][Jellyfin Sync]: Recently Added Scan Complete 
2026-09-18T17:41:00.009Z [debug][Jobs]: Starting scheduled job: Download Sync 
2026-09-18T17:42:00.011Z [debug][Jobs]: Starting scheduled job: Download Sync 
2026-09-18T17:43:00.007Z [debug][Jobs]: Starting scheduled job: Download Sync 
2026-09-18T17:44:00.009Z [debug][Jobs]: Starting scheduled job: Download Sync 
2026-09-18T17:45:00.007Z [debug][Jobs]: Starting scheduled job: Download Sync 
2026-09-18T17:45:00.011Z [info][Jobs]: Starting scheduled job: Jellyfin Recently Added Scan 
2026-09-18T17:45:00.012Z [info][Jellyfin Sync]: Scan starting {"sessionId":"9c691bac-ee4c-4cb8-a9a0-2e72865ebf86"}
2026-09-18T17:45:00.020Z [info][Jellyfin Sync]: Beginning to process recently added for library: Movies 
2026-09-18T17:45:00.047Z [debug][Jellyfin Sync]: Title already exists and no changes detected for The Shawshank Redemption 
2026-09-18T17:45:00.053Z [debug][Jellyfin Sync]: Title already exists and no changes detected for 3 Idiots 
2026-09-18T17:45:00.054Z [debug][Jellyfin Sync]: Title already exists and no changes detected for Nirvanna the Band the Show the Movie 
2026-09-18T17:45:00.054Z [debug][Jellyfin Sync]: Title already exists and no changes detected for Shrek 
2026-09-18T17:45:04.058Z [info][Jellyfin Sync]: Beginning to process recently added for library: Shows 
2026-09-18T17:45:04.106Z [debug][Jellyfin Sync]: Updating existing title: Game Changer 
2026-09-18T17:45:04.113Z [debug][Jellyfin Sync]: Updating existing title: Nathan for You 
2026-09-18T17:45:04.114Z [debug][Jellyfin Sync]: Updating existing title: The Pitt 
2026-09-18T17:45:04.137Z [debug][Jellyfin Sync]: Updating existing title: Adventure Time 
2026-09-18T17:45:08.140Z [info][Jellyfin Sync]: Recently Added Scan Complete 
2026-09-18T17:46:00.008Z [debug][Jobs]: Starting scheduled job: Download Sync 
2026-09-18T17:47:00.006Z [debug][Jobs]: Starting scheduled job: Download Sync 
2026-09-18T17:48:00.005Z [debug][Jobs]: Starting scheduled job: Download Sync 
2026-09-18T17:49:00.008Z [debug][Jobs]: Starting scheduled job: Download Sync 
2026-09-18T17:50:00.005Z [debug][Jobs]: Starting scheduled job: Download Sync 
2026-09-18T17:50:00.008Z [info][Jobs]: Starting scheduled job: Jellyfin Recently Added Scan 
2026-09-18T17:50:00.008Z [info][Jellyfin Sync]: Scan starting {"sessionId":"317f2a22-480f-4364-b9ca-eafcb7d72b2e"}
2026-09-18T17:50:00.016Z [info][Jellyfin Sync]: Beginning to process recently added for library: Movies 
2026-09-18T17:50:00.048Z [debug][Jellyfin Sync]: Title already exists and no changes detected for 3 Idiots 
2026-09-18T17:50:00.053Z [debug][Jellyfin Sync]: Title already exists and no changes detected for Shrek 
2026-09-18T17:50:00.053Z [debug][Jellyfin Sync]: Title already exists and no changes detected for The Shawshank Redemption 
2026-09-18T17:50:00.054Z [debug][Jellyfin Sync]: Title already exists and no changes detected for Nirvanna the Band the Show the Movie 
2026-09-18T17:50:04.057Z [info][Jellyfin Sync]: Beginning to process recently added for library: Shows 
2026-09-18T17:50:04.123Z [debug][Jellyfin Sync]: Updating existing title: The Pitt 
2026-09-18T17:50:04.125Z [debug][Jellyfin Sync]: Updating existing title: Game Changer 
2026-09-18T17:50:04.126Z [debug][Jellyfin Sync]: Updating existing title: Nathan for You 
2026-09-18T17:50:04.152Z [debug][Jellyfin Sync]: Updating existing title: Adventure Time 
2026-09-18T17:50:08.155Z [info][Jellyfin Sync]: Recently Added Scan Complete 
2026-09-18T17:51:00.007Z [debug][Jobs]: Starting scheduled job: Download Sync 
2026-09-18T17:52:00.005Z [debug][Jobs]: Starting scheduled job: Download Sync 
2026-09-18T17:53:00.008Z [debug][Jobs]: Starting scheduled job: Download Sync 
2026-09-18T17:54:00.007Z [debug][Jobs]: Starting scheduled job: Download Sync 
2026-09-18T17:55:00.008Z [debug][Jobs]: Starting scheduled job: Download Sync 
2026-09-18T17:55:00.012Z [info][Jobs]: Starting scheduled job: Jellyfin Recently Added Scan 
2026-09-18T17:55:00.012Z [info][Jellyfin Sync]: Scan starting {"sessionId":"8ee2d8db-4e71-4500-9246-26cb589928c1"}
2026-09-18T17:55:00.016Z [info][Jellyfin Sync]: Beginning to process recently added for library: Movies 
2026-09-18T17:55:00.043Z [debug][Jellyfin Sync]: Title already exists and no changes detected for The Shawshank Redemption 
2026-09-18T17:55:00.050Z [debug][Jellyfin Sync]: Title already exists and no changes detected for Nirvanna the Band the Show the Movie 
2026-09-18T17:55:00.051Z [debug][Jellyfin Sync]: Title already exists and no changes detected for Shrek 
2026-09-18T17:55:00.052Z [debug][Jellyfin Sync]: Title already exists and no changes detected for 3 Idiots 
2026-09-18T17:55:04.056Z [info][Jellyfin Sync]: Beginning to process recently added for library: Shows 
2026-09-18T17:55:04.114Z [debug][Jellyfin Sync]: Updating existing title: Game Changer 
2026-09-18T17:55:04.118Z [debug][Jellyfin Sync]: Updating existing title: The Pitt 
2026-09-18T17:55:04.122Z [debug][Jellyfin Sync]: Updating existing title: Nathan for You 
2026-09-18T17:55:04.144Z [debug][Jellyfin Sync]: Updating existing title: Adventure Time 
2026-09-18T17:55:08.148Z [info][Jellyfin Sync]: Recently Added Scan Complete 
2026-09-18T17:56:00.006Z [debug][Jobs]: Starting scheduled job: Download Sync 
2026-09-18T17:57:00.005Z [debug][Jobs]: Starting scheduled job: Download Sync 
2026-09-18T17:58:00.006Z [debug][Jobs]: Starting scheduled job: Download Sync 
2026-09-18T17:59:00.007Z [debug][Jobs]: Starting scheduled job: Download Sync 
2026-09-18T18:00:00.003Z [debug][Jobs]: Starting scheduled job: Download Sync 
2026-09-18T18:00:00.007Z [info][Jobs]: Starting scheduled job: Jellyfin Recently Added Scan 
2026-09-18T18:00:00.008Z [info][Jellyfin Sync]: Scan starting {"sessionId":"56bdc251-aa28-4887-b975-b6c1fc985ae6"}
2026-09-18T18:00:00.011Z [info][Jellyfin Sync]: Beginning to process recently added for library: Movies 
2026-09-18T18:00:00.042Z [debug][Jellyfin Sync]: Title already exists and no changes detected for 3 Idiots 
2026-09-18T18:00:00.045Z [debug][Jellyfin Sync]: Title already exists and no changes detected for Shrek 
2026-09-18T18:00:00.046Z [debug][Jellyfin Sync]: Title already exists and no changes detected for The Shawshank Redemption 
2026-09-18T18:00:00.048Z [debug][Jellyfin Sync]: Title already exists and no changes detected for Nirvanna the Band the Show the Movie 
2026-09-18T18:00:04.053Z [info][Jellyfin Sync]: Beginning to process recently added for library: Shows 
2026-09-18T18:00:04.130Z [debug][Jellyfin Sync]: Updating existing title: Game Changer 
2026-09-18T18:00:04.135Z [debug][Jellyfin Sync]: Updating existing title: The Pitt 
2026-09-18T18:00:04.136Z [debug][Jellyfin Sync]: Updating existing title: Nathan for You 
2026-09-18T18:00:04.170Z [debug][Jellyfin Sync]: Updating existing title: Adventure Time 
2026-09-18T18:00:08.173Z [info][Jellyfin Sync]: Recently Added Scan Complete 
2026-09-18T18:01:00.006Z [debug][Jobs]: Starting scheduled job: Download Sync 
2026-09-18T18:02:00.005Z [debug][Jobs]: Starting scheduled job: Download Sync 
2026-09-18T18:03:00.006Z [debug][Jobs]: Starting scheduled job: Download Sync 
2026-09-18T18:04:00.004Z [debug][Jobs]: Starting scheduled job: Download Sync 
2026-09-18T18:05:00.002Z [debug][Jobs]: Starting scheduled job: Download Sync 
2026-09-18T18:05:00.007Z [info][Jobs]: Starting scheduled job: Jellyfin Recently Added Scan 
2026-09-18T18:05:00.007Z [info][Jellyfin Sync]: Scan starting {"sessionId":"a094454b-6cb0-408e-a000-ea289fa2133d"}
2026-09-18T18:05:00.011Z [info][Jellyfin Sync]: Beginning to process recently added for library: Movies 
2026-09-18T18:05:00.038Z [debug][Jellyfin Sync]: Title already exists and no changes detected for The Shawshank Redemption 
2026-09-18T18:05:00.039Z [debug][Jellyfin Sync]: Title already exists and no changes detected for 3 Idiots 
2026-09-18T18:05:00.040Z [debug][Jellyfin Sync]: Title already exists and no changes detected for Shrek 
2026-09-18T18:05:00.044Z [debug][Jellyfin Sync]: Title already exists and no changes detected for Nirvanna the Band the Show the Movie 
2026-09-18T18:05:04.048Z [info][Jellyfin Sync]: Beginning to process recently added for library: Shows 
2026-09-18T18:05:04.104Z [debug][Jellyfin Sync]: Updating existing title: The Pitt 
2026-09-18T18:05:04.105Z [debug][Jellyfin Sync]: Updating existing title: Game Changer 
2026-09-18T18:05:04.112Z [debug][Jellyfin Sync]: Updating existing title: Nathan for You 
2026-09-18T18:05:04.133Z [debug][Jellyfin Sync]: Updating existing title: Adventure Time 
2026-09-18T18:05:08.134Z [info][Jellyfin Sync]: Recently Added Scan Complete 
2026-09-18T18:06:00.004Z [debug][Jobs]: Starting scheduled job: Download Sync 
2026-09-18T18:07:00.005Z [debug][Jobs]: Starting scheduled job: Download Sync 
2026-09-18T18:08:00.005Z [debug][Jobs]: Starting scheduled job: Download Sync 
2026-09-18T18:09:00.005Z [debug][Jobs]: Starting scheduled job: Download Sync 
2026-09-18T18:10:00.003Z [debug][Jobs]: Starting scheduled job: Download Sync 
2026-09-18T18:10:00.013Z [info][Jobs]: Starting scheduled job: Jellyfin Recently Added Scan 
2026-09-18T18:10:00.013Z [info][Jellyfin Sync]: Scan starting {"sessionId":"d050e477-74f0-4612-bb74-3ac20219a4c4"}
2026-09-18T18:10:00.019Z [info][Jellyfin Sync]: Beginning to process recently added for library: Movies 
2026-09-18T18:10:00.048Z [debug][Jellyfin Sync]: Title already exists and no changes detected for 3 Idiots 
2026-09-18T18:10:00.049Z [debug][Jellyfin Sync]: Title already exists and no changes detected for The Shawshank Redemption 
2026-09-18T18:10:00.051Z [debug][Jellyfin Sync]: Title already exists and no changes detected for Nirvanna the Band the Show the Movie 
2026-09-18T18:10:00.053Z [debug][Jellyfin Sync]: Title already exists and no changes detected for Shrek 
2026-09-18T18:10:04.056Z [info][Jellyfin Sync]: Beginning to process recently added for library: Shows 
2026-09-18T18:10:04.117Z [debug][Jellyfin Sync]: Updating existing title: Game Changer 
2026-09-18T18:10:04.121Z [debug][Jellyfin Sync]: Updating existing title: The Pitt 
2026-09-18T18:10:04.126Z [debug][Jellyfin Sync]: Updating existing title: Nathan for You 
2026-09-18T18:10:04.153Z [debug][Jellyfin Sync]: Updating existing title: Adventure Time 
2026-09-18T18:10:08.156Z [info][Jellyfin Sync]: Recently Added Scan Complete 
2026-09-18T18:11:00.013Z [debug][Jobs]: Starting scheduled job: Download Sync 
2026-09-18T18:12:00.011Z [debug][Jobs]: Starting scheduled job: Download Sync 
2026-09-18T18:13:00.017Z [debug][Jobs]: Starting scheduled job: Download Sync 
2026-09-18T18:14:00.017Z [debug][Jobs]: Starting scheduled job: Download Sync 
2026-09-18T18:15:00.008Z [debug][Jobs]: Starting scheduled job: Download Sync 
2026-09-18T18:15:00.011Z [info][Jobs]: Starting scheduled job: Jellyfin Recently Added Scan 
2026-09-18T18:15:00.012Z [info][Jellyfin Sync]: Scan starting {"sessionId":"4683e211-c937-4d87-9252-f2cc03c04161"}
2026-09-18T18:15:00.017Z [info][Jellyfin Sync]: Beginning to process recently added for library: Movies 
2026-09-18T18:15:00.045Z [debug][Jellyfin Sync]: Title already exists and no changes detected for The Shawshank Redemption 
2026-09-18T18:15:00.051Z [debug][Jellyfin Sync]: Title already exists and no changes detected for 3 Idiots 
2026-09-18T18:15:00.053Z [debug][Jellyfin Sync]: Title already exists and no changes detected for Shrek 
2026-09-18T18:15:00.054Z [debug][Jellyfin Sync]: Title already exists and no changes detected for Nirvanna the Band the Show the Movie 
2026-09-18T18:15:04.056Z [info][Jellyfin Sync]: Beginning to process recently added for library: Shows 
2026-09-18T18:15:04.112Z [debug][Jellyfin Sync]: Updating existing title: Game Changer 
2026-09-18T18:15:04.115Z [debug][Jellyfin Sync]: Updating existing title: The Pitt 
2026-09-18T18:15:04.117Z [debug][Jellyfin Sync]: Updating existing title: Nathan for You 
2026-09-18T18:15:04.144Z [debug][Jellyfin Sync]: Updating existing title: Adventure Time 
2026-09-18T18:15:08.148Z [info][Jellyfin Sync]: Recently Added Scan Complete 
2026-09-18T18:16:00.017Z [debug][Jobs]: Starting scheduled job: Download Sync 
2026-09-18T18:17:00.017Z [debug][Jobs]: Starting scheduled job: Download Sync 
2026-09-18T18:18:00.003Z [debug][Jobs]: Starting scheduled job: Download Sync 
2026-09-18T18:19:00.007Z [debug][Jobs]: Starting scheduled job: Download Sync 
2026-09-18T18:20:00.014Z [debug][Jobs]: Starting scheduled job: Download Sync 
2026-09-18T18:20:00.019Z [info][Jobs]: Starting scheduled job: Jellyfin Recently Added Scan 
2026-09-18T18:20:00.019Z [info][Jellyfin Sync]: Scan starting {"sessionId":"7d2fc215-015d-42b3-a64a-f7730a4fa3a8"}
2026-09-18T18:20:00.022Z [info][Jellyfin Sync]: Beginning to process recently added for library: Movies 
2026-09-18T18:20:00.055Z [debug][Jellyfin Sync]: Title already exists and no changes detected for Nirvanna the Band the Show the Movie 
2026-09-18T18:20:00.061Z [debug][Jellyfin Sync]: Title already exists and no changes detected for The Shawshank Redemption 
2026-09-18T18:20:00.063Z [debug][Jellyfin Sync]: Title already exists and no changes detected for 3 Idiots 
2026-09-18T18:20:00.064Z [debug][Jellyfin Sync]: Title already exists and no changes detected for Shrek 
2026-09-18T18:20:04.065Z [info][Jellyfin Sync]: Beginning to process recently added for library: Shows 
2026-09-18T18:20:04.144Z [debug][Jellyfin Sync]: Updating existing title: Game Changer 
2026-09-18T18:20:04.151Z [debug][Jellyfin Sync]: Updating existing title: The Pitt 
2026-09-18T18:20:04.154Z [debug][Jellyfin Sync]: Updating existing title: Nathan for You 
2026-09-18T18:20:04.179Z [debug][Jellyfin Sync]: Updating existing title: Adventure Time 
2026-09-18T18:20:08.183Z [info][Jellyfin Sync]: Recently Added Scan Complete 
2026-09-18T18:21:00.007Z [debug][Jobs]: Starting scheduled job: Download Sync 
2026-09-18T18:22:00.013Z [debug][Jobs]: Starting scheduled job: Download Sync 
2026-09-18T18:23:00.013Z [debug][Jobs]: Starting scheduled job: Download Sync 
2026-09-18T18:24:00.013Z [debug][Jobs]: Starting scheduled job: Download Sync 
2026-09-18T18:25:00.004Z [debug][Jobs]: Starting scheduled job: Download Sync 
2026-09-18T18:25:00.008Z [info][Jobs]: Starting scheduled job: Jellyfin Recently Added Scan 
2026-09-18T18:25:00.008Z [info][Jellyfin Sync]: Scan starting {"sessionId":"2cbc06eb-73f9-4043-822f-e8e8f5abf022"}
2026-09-18T18:25:00.011Z [info][Jellyfin Sync]: Beginning to process recently added for library: Movies 
2026-09-18T18:25:00.036Z [debug][Jellyfin Sync]: Title already exists and no changes detected for The Shawshank Redemption 
2026-09-18T18:25:00.042Z [debug][Jellyfin Sync]: Title already exists and no changes detected for 3 Idiots 
2026-09-18T18:25:00.042Z [debug][Jellyfin Sync]: Title already exists and no changes detected for Nirvanna the Band the Show the Movie 
2026-09-18T18:25:00.044Z [debug][Jellyfin Sync]: Title already exists and no changes detected for Shrek 
2026-09-18T18:25:04.044Z [info][Jellyfin Sync]: Beginning to process recently added for library: Shows 
2026-09-18T18:25:04.101Z [debug][Jellyfin Sync]: Updating existing title: Game Changer 
2026-09-18T18:25:04.114Z [debug][Jellyfin Sync]: Updating existing title: The Pitt 
2026-09-18T18:25:04.124Z [debug][Jellyfin Sync]: Updating existing title: Nathan for You 
2026-09-18T18:25:04.163Z [debug][Jellyfin Sync]: Updating existing title: Adventure Time 
2026-09-18T18:25:08.166Z [info][Jellyfin Sync]: Recently Added Scan Complete 
2026-09-18T18:26:00.009Z [debug][Jobs]: Starting scheduled job: Download Sync 
2026-09-18T18:27:00.015Z [debug][Jobs]: Starting scheduled job: Download Sync 
2026-09-18T18:28:00.013Z [debug][Jobs]: Starting scheduled job: Download Sync 
2026-09-18T18:29:00.005Z [debug][Jobs]: Starting scheduled job: Download Sync 
2026-09-18T18:30:00.013Z [debug][Jobs]: Starting scheduled job: Download Sync 
2026-09-18T18:30:00.016Z [info][Jobs]: Starting scheduled job: Jellyfin Recently Added Scan 
2026-09-18T18:30:00.016Z [info][Jellyfin Sync]: Scan starting {"sessionId":"ede59db6-7c75-44b4-ab91-ef3276404b70"}
2026-09-18T18:30:00.021Z [info][Jellyfin Sync]: Beginning to process recently added for library: Movies 
2026-09-18T18:30:00.057Z [debug][Jellyfin Sync]: Title already exists and no changes detected for 3 Idiots 
2026-09-18T18:30:00.057Z [debug][Jellyfin Sync]: Title already exists and no changes detected for The Shawshank Redemption 
2026-09-18T18:30:00.059Z [debug][Jellyfin Sync]: Title already exists and no changes detected for Shrek 
2026-09-18T18:30:00.059Z [debug][Jellyfin Sync]: Title already exists and no changes detected for Nirvanna the Band the Show the Movie 
2026-09-18T18:30:04.063Z [info][Jellyfin Sync]: Beginning to process recently added for library: Shows 
2026-09-18T18:30:04.115Z [debug][Jellyfin Sync]: Updating existing title: Game Changer 
2026-09-18T18:30:04.120Z [debug][Jellyfin Sync]: Updating existing title: The Pitt 
2026-09-18T18:30:04.122Z [debug][Jellyfin Sync]: Updating existing title: Nathan for You 
2026-09-18T18:30:04.145Z [debug][Jellyfin Sync]: Updating existing title: Adventure Time 
2026-09-18T18:30:08.149Z [info][Jellyfin Sync]: Recently Added Scan Complete 
2026-09-18T18:31:00.015Z [debug][Jobs]: Starting scheduled job: Download Sync 
2026-09-18T18:32:00.013Z [debug][Jobs]: Starting scheduled job: Download Sync 
2026-09-18T18:33:00.011Z [debug][Jobs]: Starting scheduled job: Download Sync 
2026-09-18T18:34:00.012Z [debug][Jobs]: Starting scheduled job: Download Sync 
2026-09-18T18:35:00.011Z [debug][Jobs]: Starting scheduled job: Download Sync 
2026-09-18T18:35:00.015Z [info][Jobs]: Starting scheduled job: Jellyfin Recently Added Scan 
2026-09-18T18:35:00.015Z [info][Jellyfin Sync]: Scan starting {"sessionId":"0aa7396b-87ea-4ce2-9a3e-ea4296dad5a8"}
2026-09-18T18:35:00.021Z [info][Jellyfin Sync]: Beginning to process recently added for library: Movies 
2026-09-18T18:35:00.045Z [debug][Jellyfin Sync]: Title already exists and no changes detected for The Shawshank Redemption 
2026-09-18T18:35:00.051Z [debug][Jellyfin Sync]: Title already exists and no changes detected for Nirvanna the Band the Show the Movie 
2026-09-18T18:35:00.052Z [debug][Jellyfin Sync]: Title already exists and no changes detected for Shrek 
2026-09-18T18:35:00.054Z [debug][Jellyfin Sync]: Title already exists and no changes detected for 3 Idiots 
2026-09-18T18:35:04.057Z [info][Jellyfin Sync]: Beginning to process recently added for library: Shows 
2026-09-18T18:35:04.105Z [debug][Jellyfin Sync]: Updating existing title: Game Changer 
2026-09-18T18:35:04.110Z [debug][Jellyfin Sync]: Updating existing title: The Pitt 
2026-09-18T18:35:04.112Z [debug][Jellyfin Sync]: Updating existing title: Nathan for You 
2026-09-18T18:35:04.137Z [debug][Jellyfin Sync]: Updating existing title: Adventure Time 
2026-09-18T18:35:08.137Z [info][Jellyfin Sync]: Recently Added Scan Complete 
2026-09-18T18:36:00.013Z [debug][Jobs]: Starting scheduled job: Download Sync 
2026-09-18T18:37:00.011Z [debug][Jobs]: Starting scheduled job: Download Sync 
2026-09-18T18:38:00.010Z [debug][Jobs]: Starting scheduled job: Download Sync 
2026-09-18T18:39:00.012Z [debug][Jobs]: Starting scheduled job: Download Sync 
2026-09-18T18:40:00.010Z [debug][Jobs]: Starting scheduled job: Download Sync 
2026-09-18T18:40:00.014Z [info][Jobs]: Starting scheduled job: Jellyfin Recently Added Scan 
2026-09-18T18:40:00.014Z [info][Jellyfin Sync]: Scan starting {"sessionId":"b3eec7ca-20ac-472b-a27a-ec56f6bf047e"}
2026-09-18T18:40:00.019Z [info][Jellyfin Sync]: Beginning to process recently added for library: Movies 
2026-09-18T18:40:00.051Z [debug][Jellyfin Sync]: Title already exists and no changes detected for The Shawshank Redemption 
2026-09-18T18:40:00.054Z [debug][Jellyfin Sync]: Title already exists and no changes detected for Nirvanna the Band the Show the Movie 
2026-09-18T18:40:00.056Z [debug][Jellyfin Sync]: Title already exists and no changes detected for 3 Idiots 
2026-09-18T18:40:00.057Z [debug][Jellyfin Sync]: Title already exists and no changes detected for Shrek 
2026-09-18T18:40:04.059Z [info][Jellyfin Sync]: Beginning to process recently added for library: Shows 
2026-09-18T18:40:04.120Z [debug][Jellyfin Sync]: Updating existing title: Game Changer 
2026-09-18T18:40:04.126Z [debug][Jellyfin Sync]: Updating existing title: The Pitt 
2026-09-18T18:40:04.127Z [debug][Jellyfin Sync]: Updating existing title: Nathan for You 
2026-09-18T18:40:04.152Z [debug][Jellyfin Sync]: Updating existing title: Adventure Time 
2026-09-18T18:40:08.153Z [info][Jellyfin Sync]: Recently Added Scan Complete 
2026-09-18T18:41:00.007Z [debug][Jobs]: Starting scheduled job: Download Sync 
2026-09-18T18:42:00.008Z [debug][Jobs]: Starting scheduled job: Download Sync 
2026-09-18T18:43:00.010Z [debug][Jobs]: Starting scheduled job: Download Sync 
2026-09-18T18:44:00.010Z [debug][Jobs]: Starting scheduled job: Download Sync 
2026-09-18T18:45:00.010Z [debug][Jobs]: Starting scheduled job: Download Sync 
2026-09-18T18:45:00.015Z [info][Jobs]: Starting scheduled job: Jellyfin Recently Added Scan 
2026-09-18T18:45:00.015Z [info][Jellyfin Sync]: Scan starting {"sessionId":"8d4755be-2d2b-4e9f-817c-9bcd6ae17cd8"}
2026-09-18T18:45:00.022Z [info][Jellyfin Sync]: Beginning to process recently added for library: Movies 
2026-09-18T18:45:00.053Z [debug][Jellyfin Sync]: Title already exists and no changes detected for Shrek 
2026-09-18T18:45:00.063Z [debug][Jellyfin Sync]: Title already exists and no changes detected for 3 Idiots 
2026-09-18T18:45:00.063Z [debug][Jellyfin Sync]: Title already exists and no changes detected for The Shawshank Redemption 
2026-09-18T18:45:00.064Z [debug][Jellyfin Sync]: Title already exists and no changes detected for Nirvanna the Band the Show the Movie 
2026-09-18T18:45:04.067Z [info][Jellyfin Sync]: Beginning to process recently added for library: Shows 
2026-09-18T18:45:04.124Z [debug][Jellyfin Sync]: Updating existing title: The Pitt 
2026-09-18T18:45:04.128Z [debug][Jellyfin Sync]: Updating existing title: Game Changer 
2026-09-18T18:45:04.130Z [debug][Jellyfin Sync]: Updating existing title: Nathan for You 
2026-09-18T18:45:04.156Z [debug][Jellyfin Sync]: Updating existing title: Adventure Time 
2026-09-18T18:45:08.159Z [info][Jellyfin Sync]: Recently Added Scan Complete 
2026-09-18T18:46:00.010Z [debug][Jobs]: Starting scheduled job: Download Sync 
2026-09-18T18:47:00.005Z [debug][Jobs]: Starting scheduled job: Download Sync 
2026-09-18T18:48:00.007Z [debug][Jobs]: Starting scheduled job: Download Sync 
2026-09-18T18:49:00.007Z [debug][Jobs]: Starting scheduled job: Download Sync 
2026-09-18T18:50:00.009Z [debug][Jobs]: Starting scheduled job: Download Sync 
2026-09-18T18:50:00.012Z [info][Jobs]: Starting scheduled job: Jellyfin Recently Added Scan 
2026-09-18T18:50:00.012Z [info][Jellyfin Sync]: Scan starting {"sessionId":"7d3b22a6-3483-4f63-b9d4-94e952c654ce"}
2026-09-18T18:50:00.016Z [info][Jellyfin Sync]: Beginning to process recently added for library: Movies 
2026-09-18T18:50:00.040Z [debug][Jellyfin Sync]: Title already exists and no changes detected for The Shawshank Redemption 
2026-09-18T18:50:00.042Z [debug][Jellyfin Sync]: Title already exists and no changes detected for Shrek 
2026-09-18T18:50:00.048Z [debug][Jellyfin Sync]: Title already exists and no changes detected for 3 Idiots 
2026-09-18T18:50:00.048Z [debug][Jellyfin Sync]: Title already exists and no changes detected for Nirvanna the Band the Show the Movie 
2026-09-18T18:50:04.052Z [info][Jellyfin Sync]: Beginning to process recently added for library: Shows 
2026-09-18T18:50:04.107Z [debug][Jellyfin Sync]: Updating existing title: Game Changer 
2026-09-18T18:50:04.113Z [debug][Jellyfin Sync]: Updating existing title: The Pitt 
2026-09-18T18:50:04.117Z [debug][Jellyfin Sync]: Updating existing title: Nathan for You 
2026-09-18T18:50:04.166Z [debug][Jellyfin Sync]: Updating existing title: Adventure Time 
2026-09-18T18:50:08.170Z [info][Jellyfin Sync]: Recently Added Scan Complete 
2026-09-18T18:51:00.010Z [debug][Jobs]: Starting scheduled job: Download Sync 
2026-09-18T18:52:00.009Z [debug][Jobs]: Starting scheduled job: Download Sync 
2026-09-18T18:53:00.007Z [debug][Jobs]: Starting scheduled job: Download Sync 
2026-09-18T18:54:00.008Z [debug][Jobs]: Starting scheduled job: Download Sync 
2026-09-18T18:55:00.008Z [debug][Jobs]: Starting scheduled job: Download Sync 
2026-09-18T18:55:00.012Z [info][Jobs]: Starting scheduled job: Jellyfin Recently Added Scan 
2026-09-18T18:55:00.012Z [info][Jellyfin Sync]: Scan starting {"sessionId":"dfee24d5-14c2-45fd-955a-04f7ed98b7f0"}
2026-09-18T18:55:00.017Z [info][Jellyfin Sync]: Beginning to process recently added for library: Movies 
2026-09-18T18:55:00.043Z [debug][Jellyfin Sync]: Title already exists and no changes detected for The Shawshank Redemption 
2026-09-18T18:55:00.048Z [debug][Jellyfin Sync]: Title already exists and no changes detected for 3 Idiots 
2026-09-18T18:55:00.049Z [debug][Jellyfin Sync]: Title already exists and no changes detected for Shrek 
2026-09-18T18:55:00.051Z [debug][Jellyfin Sync]: Title already exists and no changes detected for Nirvanna the Band the Show the Movie 
2026-09-18T18:55:04.054Z [info][Jellyfin Sync]: Beginning to process recently added for library: Shows 
2026-09-18T18:55:04.108Z [debug][Jellyfin Sync]: Updating existing title: Game Changer 
2026-09-18T18:55:04.113Z [debug][Jellyfin Sync]: Updating existing title: The Pitt 
2026-09-18T18:55:04.119Z [debug][Jellyfin Sync]: Updating existing title: Nathan for You 
2026-09-18T18:55:04.142Z [debug][Jellyfin Sync]: Updating existing title: Adventure Time 
2026-09-18T18:55:08.145Z [info][Jellyfin Sync]: Recently Added Scan Complete 
2026-09-18T18:56:00.007Z [debug][Jobs]: Starting scheduled job: Download Sync 
2026-09-18T18:57:00.006Z [debug][Jobs]: Starting scheduled job: Download Sync 
2026-09-18T18:58:00.007Z [debug][Jobs]: Starting scheduled job: Download Sync 
2026-09-18T18:59:00.005Z [debug][Jobs]: Starting scheduled job: Download Sync 
2026-09-18T19:00:00.005Z [debug][Jobs]: Starting scheduled job: Download Sync 
2026-09-18T19:00:00.009Z [info][Jobs]: Starting scheduled job: Jellyfin Recently Added Scan 
2026-09-18T19:00:00.009Z [info][Jellyfin Sync]: Scan starting {"sessionId":"0fa89d59-f7da-4e37-bddd-a7331e094596"}
2026-09-18T19:00:00.012Z [info][Jellyfin Sync]: Beginning to process recently added for library: Movies 
2026-09-18T19:00:00.052Z [debug][Jellyfin Sync]: Title already exists and no changes detected for The Shawshank Redemption 
2026-09-18T19:00:00.058Z [debug][Jellyfin Sync]: Title already exists and no changes detected for 3 Idiots 
2026-09-18T19:00:00.058Z [debug][Jellyfin Sync]: Title already exists and no changes detected for Nirvanna the Band the Show the Movie 
2026-09-18T19:00:00.060Z [debug][Jellyfin Sync]: Title already exists and no changes detected for Shrek 
2026-09-18T19:00:04.062Z [info][Jellyfin Sync]: Beginning to process recently added for library: Shows 
2026-09-18T19:00:04.117Z [debug][Jellyfin Sync]: Updating existing title: Game Changer 
2026-09-18T19:00:04.123Z [debug][Jellyfin Sync]: Updating existing title: The Pitt 
2026-09-18T19:00:04.128Z [debug][Jellyfin Sync]: Updating existing title: Nathan for You 
2026-09-18T19:00:04.148Z [debug][Jellyfin Sync]: Updating existing title: Adventure Time 
2026-09-18T19:00:08.152Z [info][Jellyfin Sync]: Recently Added Scan Complete 
2026-09-18T19:01:00.004Z [debug][Jobs]: Starting scheduled job: Download Sync 
2026-09-18T19:02:00.004Z [debug][Jobs]: Starting scheduled job: Download Sync 
2026-09-18T19:03:00.006Z [debug][Jobs]: Starting scheduled job: Download Sync 
2026-09-18T19:04:00.004Z [debug][Jobs]: Starting scheduled job: Download Sync 
2026-09-18T19:05:00.005Z [debug][Jobs]: Starting scheduled job: Download Sync 
2026-09-18T19:05:00.009Z [info][Jobs]: Starting scheduled job: Jellyfin Recently Added Scan 
2026-09-18T19:05:00.009Z [info][Jellyfin Sync]: Scan starting {"sessionId":"ecc4ea41-4f26-4996-814a-c0be4580d025"}
2026-09-18T19:05:00.014Z [info][Jellyfin Sync]: Beginning to process recently added for library: Movies 
2026-09-18T19:05:00.043Z [debug][Jellyfin Sync]: Title already exists and no changes detected for The Shawshank Redemption 
2026-09-18T19:05:00.044Z [debug][Jellyfin Sync]: Title already exists and no changes detected for 3 Idiots 
2026-09-18T19:05:00.048Z [debug][Jellyfin Sync]: Title already exists and no changes detected for Shrek 
2026-09-18T19:05:00.050Z [debug][Jellyfin Sync]: Title already exists and no changes detected for Nirvanna the Band the Show the Movie 
2026-09-18T19:05:04.052Z [info][Jellyfin Sync]: Beginning to process recently added for library: Shows 
2026-09-18T19:05:04.101Z [debug][Jellyfin Sync]: Updating existing title: Game Changer 
2026-09-18T19:05:04.106Z [debug][Jellyfin Sync]: Updating existing title: The Pitt 
2026-09-18T19:05:04.109Z [debug][Jellyfin Sync]: Updating existing title: Nathan for You 
2026-09-18T19:05:04.138Z [debug][Jellyfin Sync]: Updating existing title: Adventure Time 
2026-09-18T19:05:08.139Z [info][Jellyfin Sync]: Recently Added Scan Complete 
2026-09-18T19:06:00.004Z [debug][Jobs]: Starting scheduled job: Download Sync 
2026-09-18T19:07:00.005Z [debug][Jobs]: Starting scheduled job: Download Sync 
2026-09-18T19:08:00.004Z [debug][Jobs]: Starting scheduled job: Download Sync 
2026-09-18T19:09:00.004Z [debug][Jobs]: Starting scheduled job: Download Sync 
2026-09-18T19:10:00.002Z [debug][Jobs]: Starting scheduled job: Download Sync 
2026-09-18T19:10:00.006Z [info][Jobs]: Starting scheduled job: Jellyfin Recently Added Scan 
2026-09-18T19:10:00.007Z [info][Jellyfin Sync]: Scan starting {"sessionId":"0a16bdac-7a3b-4907-9d76-e1f42c98640b"}
2026-09-18T19:10:00.011Z [info][Jellyfin Sync]: Beginning to process recently added for library: Movies 
2026-09-18T19:10:00.037Z [debug][Jellyfin Sync]: Title already exists and no changes detected for 3 Idiots 
2026-09-18T19:10:00.037Z [debug][Jellyfin Sync]: Title already exists and no changes detected for The Shawshank Redemption 
2026-09-18T19:10:00.044Z [debug][Jellyfin Sync]: Title already exists and no changes detected for Shrek 
2026-09-18T19:10:00.046Z [debug][Jellyfin Sync]: Title already exists and no changes detected for Nirvanna the Band the Show the Movie 
2026-09-18T19:10:04.049Z [info][Jellyfin Sync]: Beginning to process recently added for library: Shows 
2026-09-18T19:10:04.102Z [debug][Jellyfin Sync]: Updating existing title: Game Changer 
2026-09-18T19:10:04.109Z [debug][Jellyfin Sync]: Updating existing title: Nathan for You 
2026-09-18T19:10:04.110Z [debug][Jellyfin Sync]: Updating existing title: The Pitt 
2026-09-18T19:10:04.135Z [debug][Jellyfin Sync]: Updating existing title: Adventure Time 
2026-09-18T19:10:08.139Z [info][Jellyfin Sync]: Recently Added Scan Complete 
2026-09-18T19:11:00.003Z [debug][Jobs]: Starting scheduled job: Download Sync 
2026-09-18T19:12:00.005Z [debug][Jobs]: Starting scheduled job: Download Sync 
2026-09-18T19:13:00.001Z [debug][Jobs]: Starting scheduled job: Download Sync 
2026-09-18T19:14:00.017Z [debug][Jobs]: Starting scheduled job: Download Sync 
2026-09-18T19:15:00.015Z [debug][Jobs]: Starting scheduled job: Download Sync 
2026-09-18T19:15:00.018Z [info][Jobs]: Starting scheduled job: Jellyfin Recently Added Scan 
2026-09-18T19:15:00.018Z [info][Jellyfin Sync]: Scan starting {"sessionId":"6b7293ee-2b0d-4336-9bb6-075adc17c123"}
2026-09-18T19:15:00.024Z [info][Jellyfin Sync]: Beginning to process recently added for library: Movies 
2026-09-18T19:15:00.052Z [debug][Jellyfin Sync]: Title already exists and no changes detected for The Shawshank Redemption 
2026-09-18T19:15:00.056Z [debug][Jellyfin Sync]: Title already exists and no changes detected for 3 Idiots 
2026-09-18T19:15:00.056Z [debug][Jellyfin Sync]: Title already exists and no changes detected for Nirvanna the Band the Show the Movie 
2026-09-18T19:15:00.058Z [debug][Jellyfin Sync]: Title already exists and no changes detected for Shrek 
2026-09-18T19:15:04.061Z [info][Jellyfin Sync]: Beginning to process recently added for library: Shows 
2026-09-18T19:15:04.156Z [debug][Jellyfin Sync]: Updating existing title: Game Changer 
2026-09-18T19:15:04.158Z [debug][Jellyfin Sync]: Updating existing title: The Pitt 
2026-09-18T19:15:04.174Z [debug][Jellyfin Sync]: Updating existing title: Nathan for You 
2026-09-18T19:15:04.206Z [debug][Jellyfin Sync]: Updating existing title: Adventure Time 
2026-09-18T19:15:08.209Z [info][Jellyfin Sync]: Recently Added Scan Complete 
2026-09-18T19:16:00.011Z [debug][Jobs]: Starting scheduled job: Download Sync 
2026-09-18T19:17:00.018Z [debug][Jobs]: Starting scheduled job: Download Sync 
2026-09-18T19:18:00.010Z [debug][Jobs]: Starting scheduled job: Download Sync 
2026-09-18T19:19:00.014Z [debug][Jobs]: Starting scheduled job: Download Sync 
2026-09-18T19:20:00.014Z [debug][Jobs]: Starting scheduled job: Download Sync 
2026-09-18T19:20:00.016Z [info][Jobs]: Starting scheduled job: Jellyfin Recently Added Scan 
2026-09-18T19:20:00.016Z [info][Jellyfin Sync]: Scan starting {"sessionId":"1a81c592-71de-41b3-a807-3edbca63dbf7"}
2026-09-18T19:20:00.021Z [info][Jellyfin Sync]: Beginning to process recently added for library: Movies 
2026-09-18T19:20:00.051Z [debug][Jellyfin Sync]: Title already exists and no changes detected for 3 Idiots 
2026-09-18T19:20:00.052Z [debug][Jellyfin Sync]: Title already exists and no changes detected for Nirvanna the Band the Show the Movie 
2026-09-18T19:20:00.056Z [debug][Jellyfin Sync]: Title already exists and no changes detected for The Shawshank Redemption 
2026-09-18T19:20:00.057Z [debug][Jellyfin Sync]: Title already exists and no changes detected for Shrek 
2026-09-18T19:20:04.058Z [info][Jellyfin Sync]: Beginning to process recently added for library: Shows 
2026-09-18T19:20:04.111Z [debug][Jellyfin Sync]: Updating existing title: Game Changer 
2026-09-18T19:20:04.118Z [debug][Jellyfin Sync]: Updating existing title: The Pitt 
2026-09-18T19:20:04.118Z [debug][Jellyfin Sync]: Updating existing title: Nathan for You 
2026-09-18T19:20:04.148Z [debug][Jellyfin Sync]: Updating existing title: Adventure Time 
2026-09-18T19:20:08.151Z [info][Jellyfin Sync]: Recently Added Scan Complete 
2026-09-18T19:21:00.012Z [debug][Jobs]: Starting scheduled job: Download Sync 
2026-09-18T19:22:00.007Z [debug][Jobs]: Starting scheduled job: Download Sync 
2026-09-18T19:23:00.015Z [debug][Jobs]: Starting scheduled job: Download Sync 
2026-09-18T19:24:00.013Z [debug][Jobs]: Starting scheduled job: Download Sync 
2026-09-18T19:25:00.007Z [debug][Jobs]: Starting scheduled job: Download Sync 
2026-09-18T19:25:00.011Z [info][Jobs]: Starting scheduled job: Jellyfin Recently Added Scan 
2026-09-18T19:25:00.011Z [info][Jellyfin Sync]: Scan starting {"sessionId":"cbb5bb05-56cf-4941-b75a-a0acc26f3e5c"}
2026-09-18T19:25:00.015Z [info][Jellyfin Sync]: Beginning to process recently added for library: Movies 
2026-09-18T19:25:00.040Z [debug][Jellyfin Sync]: Title already exists and no changes detected for The Shawshank Redemption 
2026-09-18T19:25:00.053Z [debug][Jellyfin Sync]: Title already exists and no changes detected for Nirvanna the Band the Show the Movie 
2026-09-18T19:25:00.056Z [debug][Jellyfin Sync]: Title already exists and no changes detected for 3 Idiots 
2026-09-18T19:25:00.057Z [debug][Jellyfin Sync]: Title already exists and no changes detected for Shrek 
2026-09-18T19:25:04.058Z [info][Jellyfin Sync]: Beginning to process recently added for library: Shows 
2026-09-18T19:25:04.115Z [debug][Jellyfin Sync]: Updating existing title: Game Changer 
2026-09-18T19:25:04.115Z [debug][Jellyfin Sync]: Updating existing title: The Pitt 
2026-09-18T19:25:04.118Z [debug][Jellyfin Sync]: Updating existing title: Nathan for You 
2026-09-18T19:25:04.142Z [debug][Jellyfin Sync]: Updating existing title: Adventure Time 
2026-09-18T19:25:08.146Z [info][Jellyfin Sync]: Recently Added Scan Complete 
2026-09-18T19:26:00.002Z [debug][Jobs]: Starting scheduled job: Download Sync 
2026-09-18T19:27:00.007Z [debug][Jobs]: Starting scheduled job: Download Sync 
2026-09-18T19:28:00.014Z [debug][Jobs]: Starting scheduled job: Download Sync 
2026-09-18T19:29:00.009Z [debug][Jobs]: Starting scheduled job: Download Sync 
2026-09-18T19:30:00.013Z [debug][Jobs]: Starting scheduled job: Download Sync 
2026-09-18T19:30:00.016Z [info][Jobs]: Starting scheduled job: Jellyfin Recently Added Scan 
2026-09-18T19:30:00.017Z [info][Jellyfin Sync]: Scan starting {"sessionId":"624b5338-d8fd-4b1b-a1b2-7d5e32ea00a2"}
2026-09-18T19:30:00.021Z [info][Jellyfin Sync]: Beginning to process recently added for library: Movies 
2026-09-18T19:30:00.053Z [debug][Jellyfin Sync]: Title already exists and no changes detected for 3 Idiots 
2026-09-18T19:30:00.056Z [debug][Jellyfin Sync]: Title already exists and no changes detected for The Shawshank Redemption 
2026-09-18T19:30:00.057Z [debug][Jellyfin Sync]: Title already exists and no changes detected for Nirvanna the Band the Show the Movie 
2026-09-18T19:30:00.057Z [debug][Jellyfin Sync]: Title already exists and no changes detected for Shrek 
2026-09-18T19:30:04.059Z [info][Jellyfin Sync]: Beginning to process recently added for library: Shows 
2026-09-18T19:30:04.130Z [debug][Jellyfin Sync]: Updating existing title: Game Changer 
2026-09-18T19:30:04.135Z [debug][Jellyfin Sync]: Updating existing title: The Pitt 
2026-09-18T19:30:04.138Z [debug][Jellyfin Sync]: Updating existing title: Nathan for You 
2026-09-18T19:30:04.163Z [debug][Jellyfin Sync]: Updating existing title: Adventure Time 
2026-09-18T19:30:08.164Z [info][Jellyfin Sync]: Recently Added Scan Complete 
2026-09-18T19:31:00.006Z [debug][Jobs]: Starting scheduled job: Download Sync 
2026-09-18T19:32:00.005Z [debug][Jobs]: Starting scheduled job: Download Sync 
2026-09-18T19:33:00.012Z [debug][Jobs]: Starting scheduled job: Download Sync 
2026-09-18T19:34:00.013Z [debug][Jobs]: Starting scheduled job: Download Sync 
2026-09-18T19:35:00.005Z [debug][Jobs]: Starting scheduled job: Download Sync 
2026-09-18T19:35:00.009Z [info][Jobs]: Starting scheduled job: Jellyfin Recently Added Scan 
2026-09-18T19:35:00.009Z [info][Jellyfin Sync]: Scan starting {"sessionId":"e5ecde1d-9f3a-4f23-a94e-853408841838"}
2026-09-18T19:35:00.013Z [info][Jellyfin Sync]: Beginning to process recently added for library: Movies 
2026-09-18T19:35:00.040Z [debug][Jellyfin Sync]: Title already exists and no changes detected for The Shawshank Redemption 
2026-09-18T19:35:00.044Z [debug][Jellyfin Sync]: Title already exists and no changes detected for 3 Idiots 
2026-09-18T19:35:00.044Z [debug][Jellyfin Sync]: Title already exists and no changes detected for Shrek 
2026-09-18T19:35:00.045Z [debug][Jellyfin Sync]: Title already exists and no changes detected for Nirvanna the Band the Show the Movie 
2026-09-18T19:35:04.048Z [info][Jellyfin Sync]: Beginning to process recently added for library: Shows 
2026-09-18T19:35:04.104Z [debug][Jellyfin Sync]: Updating existing title: Game Changer 
2026-09-18T19:35:04.108Z [debug][Jellyfin Sync]: Updating existing title: The Pitt 
2026-09-18T19:35:04.112Z [debug][Jellyfin Sync]: Updating existing title: Nathan for You 
2026-09-18T19:35:04.137Z [debug][Jellyfin Sync]: Updating existing title: Adventure Time 
2026-09-18T19:35:08.138Z [info][Jellyfin Sync]: Recently Added Scan Complete 
2026-09-18T19:36:00.006Z [debug][Jobs]: Starting scheduled job: Download Sync 
2026-09-18T19:37:00.012Z [debug][Jobs]: Starting scheduled job: Download Sync 
2026-09-18T19:38:00.013Z [debug][Jobs]: Starting scheduled job: Download Sync 
2026-09-18T19:39:00.010Z [debug][Jobs]: Starting scheduled job: Download Sync 
2026-09-18T19:40:00.011Z [debug][Jobs]: Starting scheduled job: Download Sync 
2026-09-18T19:40:00.014Z [info][Jobs]: Starting scheduled job: Jellyfin Recently Added Scan 
2026-09-18T19:40:00.015Z [info][Jellyfin Sync]: Scan starting {"sessionId":"aa3c2422-0956-4519-8e1a-b9b7eece623b"}
2026-09-18T19:40:00.019Z [info][Jellyfin Sync]: Beginning to process recently added for library: Movies 
2026-09-18T19:40:00.050Z [debug][Jellyfin Sync]: Title already exists and no changes detected for 3 Idiots 
2026-09-18T19:40:00.050Z [debug][Jellyfin Sync]: Title already exists and no changes detected for The Shawshank Redemption 
2026-09-18T19:40:00.052Z [debug][Jellyfin Sync]: Title already exists and no changes detected for Shrek 
2026-09-18T19:40:00.052Z [debug][Jellyfin Sync]: Title already exists and no changes detected for Nirvanna the Band the Show the Movie 
2026-09-18T19:40:04.055Z [info][Jellyfin Sync]: Beginning to process recently added for library: Shows 
2026-09-18T19:40:04.107Z [debug][Jellyfin Sync]: Updating existing title: Game Changer 
2026-09-18T19:40:04.122Z [debug][Jellyfin Sync]: Updating existing title: Nathan for You 
2026-09-18T19:40:04.123Z [debug][Jellyfin Sync]: Updating existing title: The Pitt 
2026-09-18T19:40:04.179Z [debug][Jellyfin Sync]: Updating existing title: Adventure Time 
2026-09-18T19:40:08.181Z [info][Jellyfin Sync]: Recently Added Scan Complete 
2026-09-18T19:41:00.003Z [debug][Jobs]: Starting scheduled job: Download Sync 
2026-09-18T19:42:00.012Z [debug][Jobs]: Starting scheduled job: Download Sync 
2026-09-18T19:43:00.011Z [debug][Jobs]: Starting scheduled job: Download Sync 
2026-09-18T19:44:00.011Z [debug][Jobs]: Starting scheduled job: Download Sync 
2026-09-18T19:45:00.008Z [debug][Jobs]: Starting scheduled job: Download Sync 
2026-09-18T19:45:00.011Z [info][Jobs]: Starting scheduled job: Jellyfin Recently Added Scan 
2026-09-18T19:45:00.011Z [info][Jellyfin Sync]: Scan starting {"sessionId":"09da9e25-1588-4a20-8ded-3efd1fd0d86a"}
2026-09-18T19:45:00.015Z [info][Jellyfin Sync]: Beginning to process recently added for library: Movies 
2026-09-18T19:45:00.045Z [debug][Jellyfin Sync]: Title already exists and no changes detected for The Shawshank Redemption 
2026-09-18T19:45:00.049Z [debug][Jellyfin Sync]: Title already exists and no changes detected for 3 Idiots 
2026-09-18T19:45:00.052Z [debug][Jellyfin Sync]: Title already exists and no changes detected for Shrek 
2026-09-18T19:45:00.053Z [debug][Jellyfin Sync]: Title already exists and no changes detected for Nirvanna the Band the Show the Movie 
2026-09-18T19:45:04.056Z [info][Jellyfin Sync]: Beginning to process recently added for library: Shows 
2026-09-18T19:45:04.107Z [debug][Jellyfin Sync]: Updating existing title: Game Changer 
2026-09-18T19:45:04.111Z [debug][Jellyfin Sync]: Updating existing title: The Pitt 
2026-09-18T19:45:04.114Z [debug][Jellyfin Sync]: Updating existing title: Nathan for You 
2026-09-18T19:45:04.138Z [debug][Jellyfin Sync]: Updating existing title: Adventure Time 
2026-09-18T19:45:08.138Z [info][Jellyfin Sync]: Recently Added Scan Complete 
2026-09-18T19:46:00.005Z [debug][Jobs]: Starting scheduled job: Download Sync 
2026-09-18T19:47:00.010Z [debug][Jobs]: Starting scheduled job: Download Sync 
2026-09-18T19:48:00.010Z [debug][Jobs]: Starting scheduled job: Download Sync 
2026-09-18T19:49:00.009Z [debug][Jobs]: Starting scheduled job: Download Sync 
2026-09-18T19:50:00.008Z [debug][Jobs]: Starting scheduled job: Download Sync 
2026-09-18T19:50:00.012Z [info][Jobs]: Starting scheduled job: Jellyfin Recently Added Scan 
2026-09-18T19:50:00.012Z [info][Jellyfin Sync]: Scan starting {"sessionId":"1c2766b7-152f-4e63-be1a-32b441876fe5"}
2026-09-18T19:50:00.017Z [info][Jellyfin Sync]: Beginning to process recently added for library: Movies 
2026-09-18T19:50:00.045Z [debug][Jellyfin Sync]: Title already exists and no changes detected for Nirvanna the Band the Show the Movie 
2026-09-18T19:50:00.046Z [debug][Jellyfin Sync]: Title already exists and no changes detected for Shrek 
2026-09-18T19:50:00.048Z [debug][Jellyfin Sync]: Title already exists and no changes detected for 3 Idiots 
2026-09-18T19:50:00.049Z [debug][Jellyfin Sync]: Title already exists and no changes detected for The Shawshank Redemption 
2026-09-18T19:50:04.051Z [info][Jellyfin Sync]: Beginning to process recently added for library: Shows 
2026-09-18T19:50:04.106Z [debug][Jellyfin Sync]: Updating existing title: Game Changer 
2026-09-18T19:50:04.110Z [debug][Jellyfin Sync]: Updating existing title: The Pitt 
2026-09-18T19:50:04.113Z [debug][Jellyfin Sync]: Updating existing title: Nathan for You 
2026-09-18T19:50:04.139Z [debug][Jellyfin Sync]: Updating existing title: Adventure Time 
2026-09-18T19:50:08.142Z [info][Jellyfin Sync]: Recently Added Scan Complete 
2026-09-18T19:51:00.005Z [debug][Jobs]: Starting scheduled job: Download Sync 
2026-09-18T19:52:00.009Z [debug][Jobs]: Starting scheduled job: Download Sync 
2026-09-18T19:53:00.008Z [debug][Jobs]: Starting scheduled job: Download Sync 
2026-09-18T19:54:00.007Z [debug][Jobs]: Starting scheduled job: Download Sync 
2026-09-18T19:55:00.008Z [debug][Jobs]: Starting scheduled job: Download Sync 
2026-09-18T19:55:00.013Z [info][Jobs]: Starting scheduled job: Jellyfin Recently Added Scan 
2026-09-18T19:55:00.013Z [info][Jellyfin Sync]: Scan starting {"sessionId":"1e94fb42-ece3-4b0d-af87-92547e67967a"}
2026-09-18T19:55:00.019Z [info][Jellyfin Sync]: Beginning to process recently added for library: Movies 
2026-09-18T19:55:00.050Z [debug][Jellyfin Sync]: Title already exists and no changes detected for 3 Idiots 
2026-09-18T19:55:00.050Z [debug][Jellyfin Sync]: Title already exists and no changes detected for The Shawshank Redemption 
2026-09-18T19:55:00.053Z [debug][Jellyfin Sync]: Title already exists and no changes detected for Nirvanna the Band the Show the Movie 
2026-09-18T19:55:00.053Z [debug][Jellyfin Sync]: Title already exists and no changes detected for Shrek 
2026-09-18T19:55:04.054Z [info][Jellyfin Sync]: Beginning to process recently added for library: Shows 
2026-09-18T19:55:04.115Z [debug][Jellyfin Sync]: Updating existing title: Game Changer 
2026-09-18T19:55:04.121Z [debug][Jellyfin Sync]: Updating existing title: The Pitt 
2026-09-18T19:55:04.122Z [debug][Jellyfin Sync]: Updating existing title: Nathan for You 
2026-09-18T19:55:04.144Z [debug][Jellyfin Sync]: Updating existing title: Adventure Time 
2026-09-18T19:55:08.147Z [info][Jellyfin Sync]: Recently Added Scan Complete 
2026-09-18T19:56:00.007Z [debug][Jobs]: Starting scheduled job: Download Sync 
2026-09-18T19:57:00.007Z [debug][Jobs]: Starting scheduled job: Download Sync 
2026-09-18T19:58:00.008Z [debug][Jobs]: Starting scheduled job: Download Sync 
2026-09-18T19:59:00.006Z [debug][Jobs]: Starting scheduled job: Download Sync 
2026-09-18T20:00:00.006Z [debug][Jobs]: Starting scheduled job: Download Sync 
2026-09-18T20:00:00.010Z [info][Jobs]: Starting scheduled job: Jellyfin Recently Added Scan 
2026-09-18T20:00:00.010Z [info][Jellyfin Sync]: Scan starting {"sessionId":"8aa7dae9-b454-47e3-a447-d5ce6f5d385c"}
2026-09-18T20:00:00.017Z [info][Jellyfin Sync]: Beginning to process recently added for library: Movies 
2026-09-18T20:00:00.043Z [debug][Jellyfin Sync]: Title already exists and no changes detected for The Shawshank Redemption 
2026-09-18T20:00:00.049Z [debug][Jellyfin Sync]: Title already exists and no changes detected for 3 Idiots 
2026-09-18T20:00:00.050Z [debug][Jellyfin Sync]: Title already exists and no changes detected for Nirvanna the Band the Show the Movie 
2026-09-18T20:00:00.052Z [debug][Jellyfin Sync]: Title already exists and no changes detected for Shrek 
2026-09-18T20:00:04.054Z [info][Jellyfin Sync]: Beginning to process recently added for library: Shows 
2026-09-18T20:00:04.108Z [debug][Jellyfin Sync]: Updating existing title: Game Changer 
2026-09-18T20:00:04.113Z [debug][Jellyfin Sync]: Updating existing title: The Pitt 
2026-09-18T20:00:04.116Z [debug][Jellyfin Sync]: Updating existing title: Nathan for You 
2026-09-18T20:00:04.141Z [debug][Jellyfin Sync]: Updating existing title: Adventure Time 
2026-09-18T20:00:08.145Z [info][Jellyfin Sync]: Recently Added Scan Complete 
2026-09-18T20:01:00.006Z [debug][Jobs]: Starting scheduled job: Download Sync 
2026-09-18T20:02:00.006Z [debug][Jobs]: Starting scheduled job: Download Sync 
2026-09-18T20:03:00.006Z [debug][Jobs]: Starting scheduled job: Download Sync 
2026-09-18T20:04:00.003Z [debug][Jobs]: Starting scheduled job: Download Sync 
2026-09-18T20:05:00.005Z [debug][Jobs]: Starting scheduled job: Download Sync 
2026-09-18T20:05:00.009Z [info][Jobs]: Starting scheduled job: Jellyfin Recently Added Scan 
2026-09-18T20:05:00.009Z [info][Jellyfin Sync]: Scan starting {"sessionId":"f5c31f9c-70ab-4f72-958c-0f1c7f3e33ae"}
2026-09-18T20:05:00.013Z [info][Jellyfin Sync]: Beginning to process recently added for library: Movies 
2026-09-18T20:05:00.041Z [debug][Jellyfin Sync]: Title already exists and no changes detected for The Shawshank Redemption 
2026-09-18T20:05:00.044Z [debug][Jellyfin Sync]: Title already exists and no changes detected for Shrek 
2026-09-18T20:05:00.049Z [debug][Jellyfin Sync]: Title already exists and no changes detected for Nirvanna the Band the Show the Movie 
2026-09-18T20:05:00.050Z [debug][Jellyfin Sync]: Title already exists and no changes detected for 3 Idiots 
2026-09-18T20:05:04.052Z [info][Jellyfin Sync]: Beginning to process recently added for library: Shows 
2026-09-18T20:05:04.107Z [debug][Jellyfin Sync]: Updating existing title: Game Changer 
2026-09-18T20:05:04.117Z [debug][Jellyfin Sync]: Updating existing title: The Pitt 
2026-09-18T20:05:04.120Z [debug][Jellyfin Sync]: Updating existing title: Nathan for You 
2026-09-18T20:05:04.170Z [debug][Jellyfin Sync]: Updating existing title: Adventure Time 
2026-09-18T20:05:08.171Z [info][Jellyfin Sync]: Recently Added Scan Complete 
2026-09-18T20:06:00.006Z [debug][Jobs]: Starting scheduled job: Download Sync 
2026-09-18T20:07:00.004Z [debug][Jobs]: Starting scheduled job: Download Sync 
2026-09-18T20:08:00.004Z [debug][Jobs]: Starting scheduled job: Download Sync 
2026-09-18T20:09:00.004Z [debug][Jobs]: Starting scheduled job: Download Sync 
2026-09-18T20:10:00.005Z [debug][Jobs]: Starting scheduled job: Download Sync 
2026-09-18T20:10:00.008Z [info][Jobs]: Starting scheduled job: Jellyfin Recently Added Scan 
2026-09-18T20:10:00.008Z [info][Jellyfin Sync]: Scan starting {"sessionId":"ca263314-8982-4ba0-9091-6fb3f97569bc"}
2026-09-18T20:10:00.013Z [info][Jellyfin Sync]: Beginning to process recently added for library: Movies 
2026-09-18T20:10:00.044Z [debug][Jellyfin Sync]: Title already exists and no changes detected for 3 Idiots 
2026-09-18T20:10:00.045Z [debug][Jellyfin Sync]: Title already exists and no changes detected for The Shawshank Redemption 
2026-09-18T20:10:00.047Z [debug][Jellyfin Sync]: Title already exists and no changes detected for Nirvanna the Band the Show the Movie 
2026-09-18T20:10:00.048Z [debug][Jellyfin Sync]: Title already exists and no changes detected for Shrek 
2026-09-18T20:10:04.050Z [info][Jellyfin Sync]: Beginning to process recently added for library: Shows 
2026-09-18T20:10:04.118Z [debug][Jellyfin Sync]: Updating existing title: Game Changer 
2026-09-18T20:10:04.124Z [debug][Jellyfin Sync]: Updating existing title: The Pitt 
2026-09-18T20:10:04.125Z [debug][Jellyfin Sync]: Updating existing title: Nathan for You 
2026-09-18T20:10:04.151Z [debug][Jellyfin Sync]: Updating existing title: Adventure Time 
2026-09-18T20:10:08.155Z [info][Jellyfin Sync]: Recently Added Scan Complete 
2026-09-18T20:11:00.005Z [debug][Jobs]: Starting scheduled job: Download Sync 
2026-09-18T20:12:00.004Z [debug][Jobs]: Starting scheduled job: Download Sync 
2026-09-18T20:13:00.003Z [debug][Jobs]: Starting scheduled job: Download Sync 
2026-09-18T20:14:00.004Z [debug][Jobs]: Starting scheduled job: Download Sync 
2026-09-18T20:15:00.001Z [debug][Jobs]: Starting scheduled job: Download Sync 
2026-09-18T20:15:00.003Z [info][Jobs]: Starting scheduled job: Jellyfin Recently Added Scan 
2026-09-18T20:15:00.003Z [info][Jellyfin Sync]: Scan starting {"sessionId":"7e8293b4-831c-4163-8ac1-86c1bba78f5d"}
2026-09-18T20:15:00.006Z [info][Jellyfin Sync]: Beginning to process recently added for library: Movies 
2026-09-18T20:15:00.045Z [debug][Jellyfin Sync]: Title already exists and no changes detected for 3 Idiots 
2026-09-18T20:15:00.046Z [debug][Jellyfin Sync]: Title already exists and no changes detected for The Shawshank Redemption 
2026-09-18T20:15:00.046Z [debug][Jellyfin Sync]: Title already exists and no changes detected for Nirvanna the Band the Show the Movie 
2026-09-18T20:15:00.047Z [debug][Jellyfin Sync]: Title already exists and no changes detected for Shrek 
2026-09-18T20:15:04.049Z [info][Jellyfin Sync]: Beginning to process recently added for library: Shows 
2026-09-18T20:15:04.109Z [debug][Jellyfin Sync]: Updating existing title: The Pitt 
2026-09-18T20:15:04.115Z [debug][Jellyfin Sync]: Updating existing title: Game Changer 
2026-09-18T20:15:04.118Z [debug][Jellyfin Sync]: Updating existing title: Nathan for You 
2026-09-18T20:15:04.140Z [debug][Jellyfin Sync]: Updating existing title: Adventure Time 
2026-09-18T20:15:08.144Z [info][Jellyfin Sync]: Recently Added Scan Complete 
2026-09-18T20:16:00.017Z [debug][Jobs]: Starting scheduled job: Download Sync 
2026-09-18T20:17:00.017Z [debug][Jobs]: Starting scheduled job: Download Sync 
2026-09-18T20:18:00.009Z [debug][Jobs]: Starting scheduled job: Download Sync 
2026-09-18T20:19:00.006Z [debug][Jobs]: Starting scheduled job: Download Sync 
2026-09-18T20:20:00.016Z [debug][Jobs]: Starting scheduled job: Download Sync 
2026-09-18T20:20:00.020Z [info][Jobs]: Starting scheduled job: Jellyfin Recently Added Scan 
2026-09-18T20:20:00.021Z [info][Jellyfin Sync]: Scan starting {"sessionId":"b25dcaaf-267b-43c5-8b61-6b661a6ef05f"}
2026-09-18T20:20:00.031Z [info][Jellyfin Sync]: Beginning to process recently added for library: Movies 
2026-09-18T20:20:00.067Z [debug][Jellyfin Sync]: Title already exists and no changes detected for 3 Idiots 
2026-09-18T20:20:00.067Z [debug][Jellyfin Sync]: Title already exists and no changes detected for The Shawshank Redemption 
2026-09-18T20:20:00.068Z [debug][Jellyfin Sync]: Title already exists and no changes detected for Nirvanna the Band the Show the Movie 
2026-09-18T20:20:00.068Z [debug][Jellyfin Sync]: Title already exists and no changes detected for Shrek 
2026-09-18T20:20:04.070Z [info][Jellyfin Sync]: Beginning to process recently added for library: Shows 
2026-09-18T20:20:04.125Z [debug][Jellyfin Sync]: Updating existing title: Game Changer 
2026-09-18T20:20:04.126Z [debug][Jellyfin Sync]: Updating existing title: The Pitt 
2026-09-18T20:20:04.129Z [debug][Jellyfin Sync]: Updating existing title: Nathan for You 
2026-09-18T20:20:04.155Z [debug][Jellyfin Sync]: Updating existing title: Adventure Time 
2026-09-18T20:20:08.158Z [info][Jellyfin Sync]: Recently Added Scan Complete 
2026-09-18T20:21:00.016Z [debug][Jobs]: Starting scheduled job: Download Sync 
2026-09-18T20:22:00.011Z [debug][Jobs]: Starting scheduled job: Download Sync 
2026-09-18T20:23:00.019Z [debug][Jobs]: Starting scheduled job: Download Sync 
2026-09-18T20:24:00.005Z [debug][Jobs]: Starting scheduled job: Download Sync 
2026-09-18T20:25:00.015Z [debug][Jobs]: Starting scheduled job: Download Sync 
2026-09-18T20:25:00.018Z [info][Jobs]: Starting scheduled job: Jellyfin Recently Added Scan 
2026-09-18T20:25:00.019Z [info][Jellyfin Sync]: Scan starting {"sessionId":"d4788c77-ae63-42f0-ae67-f5f0a79929d2"}
2026-09-18T20:25:00.022Z [info][Jellyfin Sync]: Beginning to process recently added for library: Movies 
2026-09-18T20:25:00.067Z [debug][Jellyfin Sync]: Title already exists and no changes detected for The Shawshank Redemption 
2026-09-18T20:25:00.070Z [debug][Jellyfin Sync]: Title already exists and no changes detected for Shrek 
2026-09-18T20:25:00.071Z [debug][Jellyfin Sync]: Title already exists and no changes detected for 3 Idiots 
2026-09-18T20:25:00.073Z [debug][Jellyfin Sync]: Title already exists and no changes detected for Nirvanna the Band the Show the Movie 
2026-09-18T20:25:04.074Z [info][Jellyfin Sync]: Beginning to process recently added for library: Shows 
2026-09-18T20:25:04.145Z [debug][Jellyfin Sync]: Updating existing title: Game Changer 
2026-09-18T20:25:04.149Z [debug][Jellyfin Sync]: Updating existing title: The Pitt 
2026-09-18T20:25:04.151Z [debug][Jellyfin Sync]: Updating existing title: Nathan for You 
2026-09-18T20:25:04.177Z [debug][Jellyfin Sync]: Updating existing title: Adventure Time 
2026-09-18T20:25:08.180Z [info][Jellyfin Sync]: Recently Added Scan Complete 
2026-09-18T20:26:00.017Z [debug][Jobs]: Starting scheduled job: Download Sync 
2026-09-18T20:27:00.008Z [debug][Jobs]: Starting scheduled job: Download Sync 
2026-09-18T20:28:00.013Z [debug][Jobs]: Starting scheduled job: Download Sync 
2026-09-18T20:29:00.018Z [debug][Jobs]: Starting scheduled job: Download Sync 
2026-09-18T20:30:00.014Z [debug][Jobs]: Starting scheduled job: Download Sync 
2026-09-18T20:30:00.018Z [info][Jobs]: Starting scheduled job: Jellyfin Recently Added Scan 
2026-09-18T20:30:00.018Z [info][Jellyfin Sync]: Scan starting {"sessionId":"affdfbda-f54c-4834-a05e-c3e2bb62eb75"}
2026-09-18T20:30:00.024Z [info][Jellyfin Sync]: Beginning to process recently added for library: Movies 
2026-09-18T20:30:00.048Z [debug][Jellyfin Sync]: Title already exists and no changes detected for The Shawshank Redemption 
2026-09-18T20:30:00.052Z [debug][Jellyfin Sync]: Title already exists and no changes detected for Nirvanna the Band the Show the Movie 
2026-09-18T20:30:00.055Z [debug][Jellyfin Sync]: Title already exists and no changes detected for Shrek 
2026-09-18T20:30:00.055Z [debug][Jellyfin Sync]: Title already exists and no changes detected for 3 Idiots 
2026-09-18T20:30:04.057Z [info][Jellyfin Sync]: Beginning to process recently added for library: Shows 
2026-09-18T20:30:04.131Z [debug][Jellyfin Sync]: Updating existing title: Game Changer 
2026-09-18T20:30:04.138Z [debug][Jellyfin Sync]: Updating existing title: The Pitt 
2026-09-18T20:30:04.154Z [debug][Jellyfin Sync]: Updating existing title: Nathan for You 
2026-09-18T20:30:04.194Z [debug][Jellyfin Sync]: Updating existing title: Adventure Time 
2026-09-18T20:30:08.197Z [info][Jellyfin Sync]: Recently Added Scan Complete 
2026-09-18T20:31:00.008Z [debug][Jobs]: Starting scheduled job: Download Sync 
2026-09-18T20:32:00.013Z [debug][Jobs]: Starting scheduled job: Download Sync 
2026-09-18T20:33:00.011Z [debug][Jobs]: Starting scheduled job: Download Sync 
2026-09-18T20:34:00.012Z [debug][Jobs]: Starting scheduled job: Download Sync 
2026-09-18T20:35:00.013Z [debug][Jobs]: Starting scheduled job: Download Sync 
2026-09-18T20:35:00.017Z [info][Jobs]: Starting scheduled job: Jellyfin Recently Added Scan 
2026-09-18T20:35:00.018Z [info][Jellyfin Sync]: Scan starting {"sessionId":"244765ea-e112-46cd-9c44-d00f46e8396e"}
2026-09-18T20:35:00.021Z [info][Jellyfin Sync]: Beginning to process recently added for library: Movies 
2026-09-18T20:35:00.049Z [debug][Jellyfin Sync]: Title already exists and no changes detected for The Shawshank Redemption 
2026-09-18T20:35:00.051Z [debug][Jellyfin Sync]: Title already exists and no changes detected for 3 Idiots 
2026-09-18T20:35:00.053Z [debug][Jellyfin Sync]: Title already exists and no changes detected for Shrek 
2026-09-18T20:35:00.053Z [debug][Jellyfin Sync]: Title already exists and no changes detected for Nirvanna the Band the Show the Movie 
2026-09-18T20:35:04.054Z [info][Jellyfin Sync]: Beginning to process recently added for library: Shows 
2026-09-18T20:35:04.105Z [debug][Jellyfin Sync]: Updating existing title: Game Changer 
2026-09-18T20:35:04.112Z [debug][Jellyfin Sync]: Updating existing title: The Pitt 
2026-09-18T20:35:04.117Z [debug][Jellyfin Sync]: Updating existing title: Nathan for You 
2026-09-18T20:35:04.137Z [debug][Jellyfin Sync]: Updating existing title: Adventure Time 
2026-09-18T20:35:08.138Z [info][Jellyfin Sync]: Recently Added Scan Complete 
2026-09-18T20:36:00.012Z [debug][Jobs]: Starting scheduled job: Download Sync 
2026-09-18T20:37:00.012Z [debug][Jobs]: Starting scheduled job: Download Sync 
2026-09-18T20:38:00.010Z [debug][Jobs]: Starting scheduled job: Download Sync 
2026-09-18T20:39:00.011Z [debug][Jobs]: Starting scheduled job: Download Sync 
2026-09-18T20:40:00.004Z [debug][Jobs]: Starting scheduled job: Download Sync 
2026-09-18T20:40:00.006Z [info][Jobs]: Starting scheduled job: Jellyfin Recently Added Scan 
2026-09-18T20:40:00.007Z [info][Jellyfin Sync]: Scan starting {"sessionId":"ed97019d-d79c-46da-a0ae-08ae4f782204"}
2026-09-18T20:40:00.010Z [info][Jellyfin Sync]: Beginning to process recently added for library: Movies 
2026-09-18T20:40:00.035Z [debug][Jellyfin Sync]: Title already exists and no changes detected for Shrek 
2026-09-18T20:40:00.037Z [debug][Jellyfin Sync]: Title already exists and no changes detected for 3 Idiots 
2026-09-18T20:40:00.038Z [debug][Jellyfin Sync]: Title already exists and no changes detected for The Shawshank Redemption 
2026-09-18T20:40:00.039Z [debug][Jellyfin Sync]: Title already exists and no changes detected for Nirvanna the Band the Show the Movie 
2026-09-18T20:40:04.040Z [info][Jellyfin Sync]: Beginning to process recently added for library: Shows 
2026-09-18T20:40:04.113Z [debug][Jellyfin Sync]: Updating existing title: Game Changer 
2026-09-18T20:40:04.119Z [debug][Jellyfin Sync]: Updating existing title: The Pitt 
2026-09-18T20:40:04.120Z [debug][Jellyfin Sync]: Updating existing title: Nathan for You 
2026-09-18T20:40:04.146Z [debug][Jellyfin Sync]: Updating existing title: Adventure Time 
2026-09-18T20:40:08.147Z [info][Jellyfin Sync]: Recently Added Scan Complete 
2026-09-18T20:41:00.011Z [debug][Jobs]: Starting scheduled job: Download Sync 
2026-09-18T20:42:00.009Z [debug][Jobs]: Starting scheduled job: Download Sync 
2026-09-18T20:43:00.009Z [debug][Jobs]: Starting scheduled job: Download Sync 
2026-09-18T20:44:00.011Z [debug][Jobs]: Starting scheduled job: Download Sync 
2026-09-18T20:45:00.007Z [debug][Jobs]: Starting scheduled job: Download Sync 
2026-09-18T20:45:00.011Z [info][Jobs]: Starting scheduled job: Jellyfin Recently Added Scan 
2026-09-18T20:45:00.011Z [info][Jellyfin Sync]: Scan starting {"sessionId":"a49fc669-a1f8-40dc-a2f4-b07c76f45e33"}
2026-09-18T20:45:00.017Z [info][Jellyfin Sync]: Beginning to process recently added for library: Movies 
2026-09-18T20:45:00.047Z [debug][Jellyfin Sync]: Title already exists and no changes detected for The Shawshank Redemption 
2026-09-18T20:45:00.047Z [debug][Jellyfin Sync]: Title already exists and no changes detected for Shrek 
2026-09-18T20:45:00.050Z [debug][Jellyfin Sync]: Title already exists and no changes detected for 3 Idiots 
2026-09-18T20:45:00.052Z [debug][Jellyfin Sync]: Title already exists and no changes detected for Nirvanna the Band the Show the Movie 
2026-09-18T20:45:04.053Z [info][Jellyfin Sync]: Beginning to process recently added for library: Shows 
2026-09-18T20:45:04.104Z [debug][Jellyfin Sync]: Updating existing title: Game Changer 
2026-09-18T20:45:04.108Z [debug][Jellyfin Sync]: Updating existing title: The Pitt 
2026-09-18T20:45:04.114Z [debug][Jellyfin Sync]: Updating existing title: Nathan for You 
2026-09-18T20:45:04.135Z [debug][Jellyfin Sync]: Updating existing title: Adventure Time 
2026-09-18T20:45:08.136Z [info][Jellyfin Sync]: Recently Added Scan Complete 
2026-09-18T20:46:00.010Z [debug][Jobs]: Starting scheduled job: Download Sync 
2026-09-18T20:47:00.011Z [debug][Jobs]: Starting scheduled job: Download Sync 
2026-09-18T20:48:00.009Z [debug][Jobs]: Starting scheduled job: Download Sync 
2026-09-18T20:49:00.007Z [debug][Jobs]: Starting scheduled job: Download Sync 
2026-09-18T20:50:00.007Z [debug][Jobs]: Starting scheduled job: Download Sync 
2026-09-18T20:50:00.012Z [info][Jobs]: Starting scheduled job: Jellyfin Recently Added Scan 
2026-09-18T20:50:00.012Z [info][Jellyfin Sync]: Scan starting {"sessionId":"ecdf3f8b-188f-42ee-bb5a-a271791935af"}
2026-09-18T20:50:00.017Z [info][Jellyfin Sync]: Beginning to process recently added for library: Movies 
2026-09-18T20:50:00.043Z [debug][Jellyfin Sync]: Title already exists and no changes detected for The Shawshank Redemption 
2026-09-18T20:50:00.046Z [debug][Jellyfin Sync]: Title already exists and no changes detected for 3 Idiots 
2026-09-18T20:50:00.048Z [debug][Jellyfin Sync]: Title already exists and no changes detected for Shrek 
2026-09-18T20:50:00.049Z [debug][Jellyfin Sync]: Title already exists and no changes detected for Nirvanna the Band the Show the Movie 
2026-09-18T20:50:04.051Z [info][Jellyfin Sync]: Beginning to process recently added for library: Shows 
2026-09-18T20:50:04.107Z [debug][Jellyfin Sync]: Updating existing title: Game Changer 
2026-09-18T20:50:04.113Z [debug][Jellyfin Sync]: Updating existing title: The Pitt 
2026-09-18T20:50:04.114Z [debug][Jellyfin Sync]: Updating existing title: Nathan for You 
2026-09-18T20:50:04.140Z [debug][Jellyfin Sync]: Updating existing title: Adventure Time 
2026-09-18T20:50:08.143Z [info][Jellyfin Sync]: Recently Added Scan Complete 
2026-09-18T20:51:00.008Z [debug][Jobs]: Starting scheduled job: Download Sync 
2026-09-18T20:52:00.009Z [debug][Jobs]: Starting scheduled job: Download Sync 
2026-09-18T20:53:00.005Z [debug][Jobs]: Starting scheduled job: Download Sync 
2026-09-18T20:54:00.007Z [debug][Jobs]: Starting scheduled job: Download Sync 
2026-09-18T20:55:00.008Z [debug][Jobs]: Starting scheduled job: Download Sync 
2026-09-18T20:55:00.011Z [info][Jobs]: Starting scheduled job: Jellyfin Recently Added Scan 
2026-09-18T20:55:00.012Z [info][Jellyfin Sync]: Scan starting {"sessionId":"562ede8f-5406-47e4-bbe9-462eb98105e7"}
2026-09-18T20:55:00.017Z [info][Jellyfin Sync]: Beginning to process recently added for library: Movies 
2026-09-18T20:55:00.042Z [debug][Jellyfin Sync]: Title already exists and no changes detected for The Shawshank Redemption 
2026-09-18T20:55:00.046Z [debug][Jellyfin Sync]: Title already exists and no changes detected for 3 Idiots 
2026-09-18T20:55:00.049Z [debug][Jellyfin Sync]: Title already exists and no changes detected for Nirvanna the Band the Show the Movie 
2026-09-18T20:55:00.049Z [debug][Jellyfin Sync]: Title already exists and no changes detected for Shrek 
2026-09-18T20:55:04.051Z [info][Jellyfin Sync]: Beginning to process recently added for library: Shows 
2026-09-18T20:55:04.107Z [debug][Jellyfin Sync]: Updating existing title: Game Changer 
2026-09-18T20:55:04.120Z [debug][Jellyfin Sync]: Updating existing title: The Pitt 
2026-09-18T20:55:04.140Z [debug][Jellyfin Sync]: Updating existing title: Nathan for You 
2026-09-18T20:55:04.166Z [debug][Jellyfin Sync]: Updating existing title: Adventure Time 
2026-09-18T20:55:08.170Z [info][Jellyfin Sync]: Recently Added Scan Complete 
2026-09-18T20:56:00.007Z [debug][Jobs]: Starting scheduled job: Download Sync 
2026-09-18T20:57:00.007Z [debug][Jobs]: Starting scheduled job: Download Sync 
2026-09-18T20:58:00.004Z [debug][Jobs]: Starting scheduled job: Download Sync 
2026-09-18T20:59:00.004Z [debug][Jobs]: Starting scheduled job: Download Sync 
2026-09-18T21:00:00.006Z [debug][Jobs]: Starting scheduled job: Download Sync 
2026-09-18T21:00:00.011Z [info][Jobs]: Starting scheduled job: Jellyfin Recently Added Scan 
2026-09-18T21:00:00.011Z [info][Jellyfin Sync]: Scan starting {"sessionId":"944b994a-611c-4a0f-a832-a908fcb9c33a"}
2026-09-18T21:00:00.016Z [info][Jellyfin Sync]: Beginning to process recently added for library: Movies 
2026-09-18T21:00:00.058Z [debug][Jellyfin Sync]: Title already exists and no changes detected for The Shawshank Redemption 
2026-09-18T21:00:00.059Z [debug][Jellyfin Sync]: Title already exists and no changes detected for 3 Idiots 
2026-09-18T21:00:00.062Z [debug][Jellyfin Sync]: Title already exists and no changes detected for Shrek 
2026-09-18T21:00:00.063Z [debug][Jellyfin Sync]: Title already exists and no changes detected for Nirvanna the Band the Show the Movie 
2026-09-18T21:00:04.065Z [info][Jellyfin Sync]: Beginning to process recently added for library: Shows 
2026-09-18T21:00:04.121Z [debug][Jellyfin Sync]: Updating existing title: Game Changer 
2026-09-18T21:00:04.127Z [debug][Jellyfin Sync]: Updating existing title: The Pitt 
2026-09-18T21:00:04.127Z [debug][Jellyfin Sync]: Updating existing title: Nathan for You 
2026-09-18T21:00:04.152Z [debug][Jellyfin Sync]: Updating existing title: Adventure Time 
2026-09-18T21:00:08.156Z [info][Jellyfin Sync]: Recently Added Scan Complete 
2026-09-18T21:01:00.006Z [debug][Jobs]: Starting scheduled job: Download Sync 
2026-09-18T21:02:00.006Z [debug][Jobs]: Starting scheduled job: Download Sync 
2026-09-18T21:03:00.004Z [debug][Jobs]: Starting scheduled job: Download Sync 
2026-09-18T21:04:00.003Z [debug][Jobs]: Starting scheduled job: Download Sync 
2026-09-18T21:05:00.003Z [debug][Jobs]: Starting scheduled job: Download Sync 
2026-09-18T21:05:00.006Z [info][Jobs]: Starting scheduled job: Jellyfin Recently Added Scan 
2026-09-18T21:05:00.007Z [info][Jellyfin Sync]: Scan starting {"sessionId":"cb75588d-497b-4b1a-9c60-7d0ec97ea4ef"}
2026-09-18T21:05:00.013Z [info][Jellyfin Sync]: Beginning to process recently added for library: Movies 
2026-09-18T21:05:00.050Z [debug][Jellyfin Sync]: Title already exists and no changes detected for The Shawshank Redemption 
2026-09-18T21:05:00.058Z [debug][Jellyfin Sync]: Title already exists and no changes detected for Nirvanna the Band the Show the Movie 
2026-09-18T21:05:00.058Z [debug][Jellyfin Sync]: Title already exists and no changes detected for 3 Idiots 
2026-09-18T21:05:00.058Z [debug][Jellyfin Sync]: Title already exists and no changes detected for Shrek 
2026-09-18T21:05:04.060Z [info][Jellyfin Sync]: Beginning to process recently added for library: Shows 
2026-09-18T21:05:04.114Z [debug][Jellyfin Sync]: Updating existing title: Game Changer 
2026-09-18T21:05:04.119Z [debug][Jellyfin Sync]: Updating existing title: The Pitt 
2026-09-18T21:05:04.123Z [debug][Jellyfin Sync]: Updating existing title: Nathan for You 
2026-09-18T21:05:04.146Z [debug][Jellyfin Sync]: Updating existing title: Adventure Time 
2026-09-18T21:05:08.147Z [info][Jellyfin Sync]: Recently Added Scan Complete 
2026-09-18T21:06:00.006Z [debug][Jobs]: Starting scheduled job: Download Sync 
2026-09-18T21:07:00.004Z [debug][Jobs]: Starting scheduled job: Download Sync 
2026-09-18T21:08:00.004Z [debug][Jobs]: Starting scheduled job: Download Sync 
2026-09-18T21:09:00.004Z [debug][Jobs]: Starting scheduled job: Download Sync 
2026-09-18T21:10:00.005Z [debug][Jobs]: Starting scheduled job: Download Sync 
2026-09-18T21:10:00.019Z [info][Jobs]: Starting scheduled job: Jellyfin Recently Added Scan 
2026-09-18T21:10:00.021Z [info][Jellyfin Sync]: Scan starting {"sessionId":"9b7b51d7-81ce-4b83-8d63-5b7635458789"}
2026-09-18T21:10:00.041Z [info][Jellyfin Sync]: Beginning to process recently added for library: Movies 
2026-09-18T21:10:00.079Z [debug][Jellyfin Sync]: Title already exists and no changes detected for The Shawshank Redemption 
2026-09-18T21:10:00.084Z [debug][Jellyfin Sync]: Title already exists and no changes detected for 3 Idiots 
2026-09-18T21:10:00.084Z [debug][Jellyfin Sync]: Title already exists and no changes detected for Nirvanna the Band the Show the Movie 
2026-09-18T21:10:00.086Z [debug][Jellyfin Sync]: Title already exists and no changes detected for Shrek 
2026-09-18T21:10:04.088Z [info][Jellyfin Sync]: Beginning to process recently added for library: Shows 
2026-09-18T21:10:04.141Z [debug][Jellyfin Sync]: Updating existing title: Game Changer 
2026-09-18T21:10:04.148Z [debug][Jellyfin Sync]: Updating existing title: The Pitt 
2026-09-18T21:10:04.153Z [debug][Jellyfin Sync]: Updating existing title: Nathan for You 
2026-09-18T21:10:04.175Z [debug][Jellyfin Sync]: Updating existing title: Adventure Time 
2026-09-18T21:10:08.179Z [info][Jellyfin Sync]: Recently Added Scan Complete 
2026-09-18T21:11:00.008Z [debug][Jobs]: Starting scheduled job: Download Sync 
2026-09-18T21:12:00.017Z [debug][Jobs]: Starting scheduled job: Download Sync 
2026-09-18T21:13:00.008Z [debug][Jobs]: Starting scheduled job: Download Sync 
2026-09-18T21:14:00.007Z [debug][Jobs]: Starting scheduled job: Download Sync 
2026-09-18T21:15:00.008Z [debug][Jobs]: Starting scheduled job: Download Sync 
2026-09-18T21:15:00.011Z [info][Jobs]: Starting scheduled job: Jellyfin Recently Added Scan 
2026-09-18T21:15:00.011Z [info][Jellyfin Sync]: Scan starting {"sessionId":"56ceb670-d9b9-45a3-a944-9ada70ac404a"}
2026-09-18T21:15:00.017Z [info][Jellyfin Sync]: Beginning to process recently added for library: Movies 
2026-09-18T21:15:00.042Z [debug][Jellyfin Sync]: Title already exists and no changes detected for The Shawshank Redemption 
2026-09-18T21:15:00.046Z [debug][Jellyfin Sync]: Title already exists and no changes detected for Shrek 
2026-09-18T21:15:00.050Z [debug][Jellyfin Sync]: Title already exists and no changes detected for 3 Idiots 
2026-09-18T21:15:00.051Z [debug][Jellyfin Sync]: Title already exists and no changes detected for Nirvanna the Band the Show the Movie 
2026-09-18T21:15:04.053Z [info][Jellyfin Sync]: Beginning to process recently added for library: Shows 
2026-09-18T21:15:04.113Z [debug][Jellyfin Sync]: Updating existing title: Game Changer 
2026-09-18T21:15:04.119Z [debug][Jellyfin Sync]: Updating existing title: The Pitt 
2026-09-18T21:15:04.123Z [debug][Jellyfin Sync]: Updating existing title: Nathan for You 
2026-09-18T21:15:04.148Z [debug][Jellyfin Sync]: Updating existing title: Adventure Time 
2026-09-18T21:15:08.151Z [info][Jellyfin Sync]: Recently Added Scan Complete 
2026-09-18T21:16:00.015Z [debug][Jobs]: Starting scheduled job: Download Sync 
2026-09-18T21:17:00.007Z [debug][Jobs]: Starting scheduled job: Download Sync 
2026-09-18T21:18:00.016Z [debug][Jobs]: Starting scheduled job: Download Sync 
2026-09-18T21:19:00.016Z [debug][Jobs]: Starting scheduled job: Download Sync 
2026-09-18T21:20:00.015Z [debug][Jobs]: Starting scheduled job: Download Sync 
2026-09-18T21:20:00.018Z [info][Jobs]: Starting scheduled job: Jellyfin Recently Added Scan 
2026-09-18T21:20:00.018Z [info][Jellyfin Sync]: Scan starting {"sessionId":"75aa054f-0e19-40e4-91c8-ffe3777a77c9"}
2026-09-18T21:20:00.023Z [info][Jellyfin Sync]: Beginning to process recently added for library: Movies 
2026-09-18T21:20:00.050Z [debug][Jellyfin Sync]: Title already exists and no changes detected for The Shawshank Redemption 
2026-09-18T21:20:00.051Z [debug][Jellyfin Sync]: Title already exists and no changes detected for 3 Idiots 
2026-09-18T21:20:00.051Z [debug][Jellyfin Sync]: Title already exists and no changes detected for Shrek 
2026-09-18T21:20:00.053Z [debug][Jellyfin Sync]: Title already exists and no changes detected for Nirvanna the Band the Show the Movie 
2026-09-18T21:20:04.054Z [info][Jellyfin Sync]: Beginning to process recently added for library: Shows 
2026-09-18T21:20:04.129Z [debug][Jellyfin Sync]: Updating existing title: Game Changer 
2026-09-18T21:20:04.131Z [debug][Jellyfin Sync]: Updating existing title: The Pitt 
2026-09-18T21:20:04.137Z [debug][Jellyfin Sync]: Updating existing title: Nathan for You 
2026-09-18T21:20:04.184Z [debug][Jellyfin Sync]: Updating existing title: Adventure Time 
2026-09-18T21:20:08.187Z [info][Jellyfin Sync]: Recently Added Scan Complete 
2026-09-18T21:21:00.008Z [debug][Jobs]: Starting scheduled job: Download Sync 
2026-09-18T21:22:00.006Z [debug][Jobs]: Starting scheduled job: Download Sync 
2026-09-18T21:23:00.014Z [debug][Jobs]: Starting scheduled job: Download Sync 
2026-09-18T21:24:00.014Z [debug][Jobs]: Starting scheduled job: Download Sync 
2026-09-18T21:25:00.014Z [debug][Jobs]: Starting scheduled job: Download Sync 
2026-09-18T21:25:00.020Z [info][Jobs]: Starting scheduled job: Jellyfin Recently Added Scan 
2026-09-18T21:25:00.021Z [info][Jellyfin Sync]: Scan starting {"sessionId":"3f0b966f-583e-4006-92fe-2fff33981d11"}
2026-09-18T21:25:00.026Z [info][Jellyfin Sync]: Beginning to process recently added for library: Movies 
2026-09-18T21:25:00.059Z [debug][Jellyfin Sync]: Title already exists and no changes detected for 3 Idiots 
2026-09-18T21:25:00.060Z [debug][Jellyfin Sync]: Title already exists and no changes detected for The Shawshank Redemption 
2026-09-18T21:25:00.063Z [debug][Jellyfin Sync]: Title already exists and no changes detected for Shrek 
2026-09-18T21:25:00.064Z [debug][Jellyfin Sync]: Title already exists and no changes detected for Nirvanna the Band the Show the Movie 
2026-09-18T21:25:04.064Z [info][Jellyfin Sync]: Beginning to process recently added for library: Shows 
2026-09-18T21:25:04.131Z [debug][Jellyfin Sync]: Updating existing title: Game Changer 
2026-09-18T21:25:04.134Z [debug][Jellyfin Sync]: Updating existing title: The Pitt 
2026-09-18T21:25:04.142Z [debug][Jellyfin Sync]: Updating existing title: Nathan for You 
2026-09-18T21:25:04.174Z [debug][Jellyfin Sync]: Updating existing title: Adventure Time 
2026-09-18T21:25:08.177Z [info][Jellyfin Sync]: Recently Added Scan Complete 
2026-09-18T21:26:00.013Z [debug][Jobs]: Starting scheduled job: Download Sync 
2026-09-18T21:27:00.010Z [debug][Jobs]: Starting scheduled job: Download Sync 
2026-09-18T21:28:00.013Z [debug][Jobs]: Starting scheduled job: Download Sync 
2026-09-18T21:29:00.007Z [debug][Jobs]: Starting scheduled job: Download Sync 
2026-09-18T21:30:00.012Z [debug][Jobs]: Starting scheduled job: Download Sync 
2026-09-18T21:30:00.015Z [info][Jobs]: Starting scheduled job: Jellyfin Recently Added Scan 
2026-09-18T21:30:00.015Z [info][Jellyfin Sync]: Scan starting {"sessionId":"ab048dcb-d63a-4939-9b7a-e982c0707452"}
2026-09-18T21:30:00.025Z [info][Jellyfin Sync]: Beginning to process recently added for library: Movies 
2026-09-18T21:30:00.052Z [debug][Jellyfin Sync]: Title already exists and no changes detected for The Shawshank Redemption 
2026-09-18T21:30:00.059Z [debug][Jellyfin Sync]: Title already exists and no changes detected for Nirvanna the Band the Show the Movie 
2026-09-18T21:30:00.060Z [debug][Jellyfin Sync]: Title already exists and no changes detected for 3 Idiots 
2026-09-18T21:30:00.060Z [debug][Jellyfin Sync]: Title already exists and no changes detected for Shrek 
2026-09-18T21:30:04.062Z [info][Jellyfin Sync]: Beginning to process recently added for library: Shows 
2026-09-18T21:30:04.130Z [debug][Jellyfin Sync]: Updating existing title: Game Changer 
2026-09-18T21:30:04.133Z [debug][Jellyfin Sync]: Updating existing title: The Pitt 
2026-09-18T21:30:04.145Z [debug][Jellyfin Sync]: Updating existing title: Nathan for You 
2026-09-18T21:30:04.164Z [debug][Jellyfin Sync]: Updating existing title: Adventure Time 
2026-09-18T21:30:08.167Z [info][Jellyfin Sync]: Recently Added Scan Complete 
2026-09-18T21:31:00.013Z [debug][Jobs]: Starting scheduled job: Download Sync 
2026-09-18T21:32:00.013Z [debug][Jobs]: Starting scheduled job: Download Sync 
2026-09-18T21:33:00.008Z [debug][Jobs]: Starting scheduled job: Download Sync 
